participant_token,round,scenario_id,current_city,stored_current_city,order1_id,order1_store,order1_city,order1_earnings,order1_pick,order1_local,order1_cross,order2_id,order2_store,order2_city,order2_earnings,order2_pick,order2_local,order2_cross,order3_id,order3_store,order3_city,order3_earnings,order3_pick,order3_local,order3_cross,order4_id,order4_store,order4_city,order4_earnings,order4_pick,order4_local,order4_cross,chosen_bundle,chosen_score_deployed,oracle_bundle_deployed,oracle_score_deployed,percent_regret_deployed,oracle_size_deployed,round_type,round_type_deployed,stored_oracle_deployed,stored_regret_deployed,oracle_path_sensitive
p001,1,mainGameScenario1,Berkeley,,mainGameOrder1,Berkeley Bowl,Berkeley,22,7.8,3,0,mainGameOrder2,Berkeley Bowl,Berkeley,22,8.4,6,0,mainGameOrder3,Berkeley Bowl,Berkeley,15,9,4,0,mainGameOrder4,Sprouts Farmers Market,Oakland,18,9.75,2,10,mainGameOrder1+mainGameOrder2+mainGameOrder3,1.676136,mainGameOrder1,2.037037,0.177169,1,over_bundle,over_bundle,,,0
p001,2,mainGameScenario2,Berkeley,,mainGameOrder5,Berkeley Bowl,Berkeley,24,12,5,0,mainGameOrder6,Berkeley Bowl,Berkeley,15,11.4,4,0,mainGameOrder7,Berkeley Bowl,Berkeley,15,12,2,0,mainGameOrder8,Berkeley Bowl,Berkeley,20,7.8,3,0,mainGameOrder5+mainGameOrder8+mainGameOrder6,1.489899,mainGameOrder8,1.851852,0.195455,1,over_bundle,over_bundle,,,0
p001,3,mainGameScenario3,Berkeley,,mainGameOrder9,Berkeley Bowl,Berkeley,15,13.2,3,0,mainGameOrder10,Sprouts Farmers Market,Oakland,23,12.75,3,10,mainGameOrder11,Berkeley Bowl,Berkeley,23,12,6,0,mainGameOrder12,Berkeley Bowl,Berkeley,16,7.8,6,0,mainGameOrder9+mainGameOrder11+mainGameOrder12,1.216216,mainGameOrder11,1.277778,0.048179,1,over_bundle,over_bundle,,,0
p001,4,mainGameScenario4,Berkeley,,mainGameOrder13,Berkeley Bowl,Berkeley,17,7.2,4,0,mainGameOrder14,Berkeley Bowl,Berkeley,17,7.8,2,0,mainGameOrder15,Berkeley Bowl,Berkeley,20,12,2,0,mainGameOrder16,Berkeley Bowl,Berkeley,16,11.4,6,0,mainGameOrder15+mainGameOrder13+mainGameOrder14,1.6875,mainGameOrder14,1.734694,0.027206,1,over_bundle,over_bundle,,,0
p001,5,mainGameScenario5,Berkeley,,mainGameOrder17,Sprouts Farmers Market,Oakland,14,7.5,4,10,mainGameOrder18,Safeway,Piedmont,20,12.5,5,11,mainGameOrder19,Sprouts Farmers Market,Oakland,17,8.25,4,10,mainGameOrder20,Safeway,Piedmont,13,8.1,4,11,mainGameOrder18+mainGameOrder20,0.841837,mainGameOrder17+mainGameOrder19,0.918519,0.083484,2,bundle_correct,bundle_correct,,,0
p001,6,mainGameScenario6,Piedmont,,mainGameOrder21,Sprouts Farmers Market,Oakland,19,12,2,5,mainGameOrder22,Sprouts Farmers Market,Oakland,22,8.25,2,5,mainGameOrder23,Sprouts Farmers Market,Oakland,24,8.25,6,5,mainGameOrder24,Sprouts Farmers Market,Oakland,18,9.75,2,5,mainGameOrder22+mainGameOrder23+mainGameOrder21,1.604938,mainGameOrder22,1.442623,0,1,over_bundle,over_bundle,,,0
p001,7,mainGameScenario7,Oakland,,mainGameOrder25,Sprouts Farmers Market,Oakland,12,13.5,4,0,mainGameOrder26,Target,Emeryville,17,13.5,2,6,mainGameOrder27,Sprouts Farmers Market,Oakland,21,9,4,0,mainGameOrder28,Sprouts Farmers Market,Oakland,21,8.25,3,0,mainGameOrder28+mainGameOrder27+mainGameOrder25,1.367089,mainGameOrder28,1.866667,0.267631,1,over_bundle,over_bundle,,,0
p001,8,mainGameScenario8,Oakland,,mainGameOrder29,Sprouts Farmers Market,Oakland,17,8.25,3,0,mainGameOrder30,Sprouts Farmers Market,Oakland,15,13.5,6,0,mainGameOrder31,Sprouts Farmers Market,Oakland,15,12.75,5,0,mainGameOrder32,Sprouts Farmers Market,Oakland,14,8.25,3,0,mainGameOrder29+mainGameOrder30+mainGameOrder32,1.135802,mainGameOrder29,1.511111,0.248366,1,over_bundle,over_bundle,,,0
p001,9,mainGameScenario9,Oakland,,mainGameOrder33,Safeway,Piedmont,12,8.1,3,5,mainGameOrder34,Target,Emeryville,17,15.3,6,6,mainGameOrder35,Safeway,Piedmont,12,11.1,5,5,mainGameOrder36,Safeway,Piedmont,13,11.1,5,5,mainGameOrder33+mainGameOrder35+mainGameOrder36,0.839002,mainGameOrder33+mainGameOrder35+mainGameOrder36,0.839002,0,3,bundle_correct,bundle_correct,,,0
p001,10,mainGameScenario10,Piedmont,,mainGameOrder37,Safeway,Piedmont,14,8.1,5,0,mainGameOrder38,Safeway,Piedmont,20,8.1,6,0,mainGameOrder39,Safeway,Piedmont,19,7.4,6,0,mainGameOrder40,Safeway,Piedmont,23,11.8,2,0,mainGameOrder38+mainGameOrder40+mainGameOrder39,1.671159,mainGameOrder39+mainGameOrder40,1.673307,0.001284,2,bundle_correct,bundle_correct,,,0
p001,11,mainGameScenario11,Piedmont,,mainGameOrder41,Berkeley Bowl,Berkeley,13,7.8,2,11,mainGameOrder42,Target,Emeryville,19,7.8,2,8,mainGameOrder43,Target,Emeryville,18,8.7,5,8,mainGameOrder44,Target,Emeryville,15,13.5,3,8,mainGameOrder42+mainGameOrder44+mainGameOrder43,1.195402,mainGameOrder42+mainGameOrder43,1.20915,0.01137,2,bundle_correct,bundle_correct,,,0
p001,12,mainGameScenario12,Emeryville,,mainGameOrder45,Target,Emeryville,16,13.5,3,0,mainGameOrder46,Target,Emeryville,14,9.6,5,0,mainGameOrder47,Target,Emeryville,22,13.5,6,0,mainGameOrder48,Target,Emeryville,14,13.5,2,0,mainGameOrder45+mainGameOrder47+mainGameOrder46,1.150442,mainGameOrder45+mainGameOrder46+mainGameOrder47,1.150442,0,3,bundle_correct,bundle_correct,,,0
p001,13,mainGameScenario13,Emeryville,,mainGameOrder49,Target,Emeryville,24,11.7,2,0,mainGameOrder50,Berkeley Bowl,Berkeley,17,8.4,6,7,mainGameOrder51,Berkeley Bowl,Berkeley,14,7.8,5,7,mainGameOrder52,Target,Emeryville,12,9.6,5,0,mainGameOrder49+mainGameOrder52,1.358491,mainGameOrder49,1.751825,0.224528,1,over_bundle,over_bundle,,,0
p001,14,mainGameScenario14,Emeryville,,mainGameOrder53,Target,Emeryville,21,13.5,6,0,mainGameOrder54,Target,Emeryville,14,13.5,5,0,mainGameOrder55,Target,Emeryville,22,13.5,6,0,mainGameOrder56,Target,Emeryville,18,7.8,6,0,mainGameOrder55+mainGameOrder53+mainGameOrder56,1.26294,mainGameOrder56,1.304348,0.031746,1,over_bundle,over_bundle,,,0
p001,15,mainGameScenario15,Emeryville,,mainGameOrder57,Safeway,Piedmont,22,7.4,4,8,mainGameOrder58,Sprouts Farmers Market,Oakland,18,13.5,2,6,mainGameOrder59,Safeway,Piedmont,17,7.4,4,8,mainGameOrder60,Safeway,Piedmont,22,11.8,5,8,mainGameOrder57+mainGameOrder59+mainGameOrder60,1.40553,mainGameOrder57+mainGameOrder59+mainGameOrder60,1.40553,0,3,bundle_correct,bundle_correct,,,0
p001,16,mainGameScenario16,Piedmont,,mainGameOrder61,Safeway,Piedmont,24,12.5,3,0,mainGameOrder62,Safeway,Piedmont,24,8.1,2,0,mainGameOrder63,Safeway,Piedmont,18,12.5,4,0,mainGameOrder64,Safeway,Piedmont,22,11.1,2,0,mainGameOrder61+mainGameOrder62+mainGameOrder64,2.028986,mainGameOrder62,2.376238,0.146135,1,over_bundle,over_bundle,,,0
p001,17,mainGameScenario17,Piedmont,,mainGameOrder65,Safeway,Piedmont,19,7.4,6,0,mainGameOrder66,Sprouts Farmers Market,Oakland,22,7.5,3,5,mainGameOrder67,Sprouts Farmers Market,Oakland,17,12.75,6,5,mainGameOrder68,Sprouts Farmers Market,Oakland,13,12.75,6,5,mainGameOrder66+mainGameOrder68+mainGameOrder67,1.04,mainGameOrder66,1.419355,0.267273,1,over_bundle,over_bundle,,,0
p001,18,mainGameScenario18,Oakland,,mainGameOrder69,Sprouts Farmers Market,Oakland,14,8.25,5,0,mainGameOrder70,Sprouts Farmers Market,Oakland,13,8.25,3,0,mainGameOrder71,Sprouts Farmers Market,Oakland,22,14.25,3,0,mainGameOrder72,Sprouts Farmers Market,Oakland,19,9,4,0,mainGameOrder71+mainGameOrder72+mainGameOrder69,1.358025,mainGameOrder71+mainGameOrder72,1.464286,0.072569,2,bundle_correct,bundle_correct,,,0
p001,19,mainGameScenario19,Oakland,,mainGameOrder73,Sprouts Farmers Market,Oakland,12,12.75,5,0,mainGameOrder74,Safeway,Piedmont,17,7.4,5,5,mainGameOrder75,Sprouts Farmers Market,Oakland,18,9,3,0,mainGameOrder76,Sprouts Farmers Market,Oakland,24,14.25,2,0,mainGameOrder75+mainGameOrder76+mainGameOrder73,1.255814,mainGameOrder75,1.5,0.162791,1,over_bundle,over_bundle,,,0
p001,20,mainGameScenario20,Oakland,,mainGameOrder77,Sprouts Farmers Market,Oakland,24,14.25,6,0,mainGameOrder78,Sprouts Farmers Market,Oakland,23,8.25,4,0,mainGameOrder79,Sprouts Farmers Market,Oakland,17,14.25,4,0,mainGameOrder80,Sprouts Farmers Market,Oakland,20,11.25,5,0,mainGameOrder77+mainGameOrder78+mainGameOrder80,1.464481,mainGameOrder78,1.877551,0.220005,1,over_bundle,over_bundle,,,0
p002,1,mainGameScenario1,Emeryville,Emeryville,mainGameOrder1,Berkeley Bowl,Berkeley,22,7.8,3,7,mainGameOrder2,Berkeley Bowl,Berkeley,22,8.4,6,7,mainGameOrder3,Berkeley Bowl,Berkeley,15,9,4,7,mainGameOrder4,Sprouts Farmers Market,Oakland,18,9.75,2,6,mainGameOrder1,1.235955,mainGameOrder1,1.235955,0,1,over_bundle,over_bundle,mainGameOrder1,0,0
p002,2,mainGameScenario2,Berkeley,Berkeley,mainGameOrder5,Berkeley Bowl,Berkeley,24,12,5,0,mainGameOrder6,Berkeley Bowl,Berkeley,15,11.4,4,0,mainGameOrder7,Berkeley Bowl,Berkeley,15,12,2,0,mainGameOrder8,Berkeley Bowl,Berkeley,20,7.8,3,0,mainGameOrder5,1.411765,mainGameOrder8,1.851852,0.237647,1,over_bundle,over_bundle,mainGameOrder8,0.237647,0
p002,3,mainGameScenario3,Berkeley,Berkeley,mainGameOrder9,Berkeley Bowl,Berkeley,15,13.2,3,0,mainGameOrder10,Sprouts Farmers Market,Oakland,23,12.75,3,10,mainGameOrder11,Berkeley Bowl,Berkeley,23,12,6,0,mainGameOrder12,Berkeley Bowl,Berkeley,16,7.8,6,0,mainGameOrder10,0.893204,mainGameOrder11,1.277778,0.300971,1,over_bundle,over_bundle,mainGameOrder11,0.300971,0
p002,4,mainGameScenario4,Oakland,Oakland,mainGameOrder13,Berkeley Bowl,Berkeley,17,7.2,4,10,mainGameOrder14,Berkeley Bowl,Berkeley,17,7.8,2,10,mainGameOrder15,Berkeley Bowl,Berkeley,20,12,2,10,mainGameOrder16,Berkeley Bowl,Berkeley,16,11.4,6,10,mainGameOrder13+mainGameOrder15,1.107784,mainGameOrder14,0.858586,0,1,over_bundle,over_bundle,mainGameOrder14,0,0
p002,5,mainGameScenario5,Berkeley,Berkeley,mainGameOrder17,Sprouts Farmers Market,Oakland,14,7.5,4,10,mainGameOrder18,Safeway,Piedmont,20,12.5,5,11,mainGameOrder19,Sprouts Farmers Market,Oakland,17,8.25,4,10,mainGameOrder20,Safeway,Piedmont,13,8.1,4,11,mainGameOrder18+mainGameOrder20,0.841837,mainGameOrder17+mainGameOrder19,0.918519,0.083484,2,bundle_correct,bundle_correct,mainGameOrder17+mainGameOrder19,0.083484,0
p002,6,mainGameScenario6,Piedmont,Piedmont,mainGameOrder21,Sprouts Farmers Market,Oakland,19,12,2,5,mainGameOrder22,Sprouts Farmers Market,Oakland,22,8.25,2,5,mainGameOrder23,Sprouts Farmers Market,Oakland,24,8.25,6,5,mainGameOrder24,Sprouts Farmers Market,Oakland,18,9.75,2,5,mainGameOrder22+mainGameOrder21+mainGameOrder23,1.604938,mainGameOrder22,1.442623,0,1,over_bundle,over_bundle,mainGameOrder22,0,0
p002,7,mainGameScenario7,Oakland,Oakland,mainGameOrder25,Sprouts Farmers Market,Oakland,12,13.5,4,0,mainGameOrder26,Target,Emeryville,17,13.5,2,6,mainGameOrder27,Sprouts Farmers Market,Oakland,21,9,4,0,mainGameOrder28,Sprouts Farmers Market,Oakland,21,8.25,3,0,mainGameOrder28+mainGameOrder27+mainGameOrder25,1.367089,mainGameOrder28,1.866667,0.267631,1,over_bundle,over_bundle,mainGameOrder28,0.267631,0
p002,8,mainGameScenario8,Oakland,Oakland,mainGameOrder29,Sprouts Farmers Market,Oakland,17,8.25,3,0,mainGameOrder30,Sprouts Farmers Market,Oakland,15,13.5,6,0,mainGameOrder31,Sprouts Farmers Market,Oakland,15,12.75,5,0,mainGameOrder32,Sprouts Farmers Market,Oakland,14,8.25,3,0,mainGameOrder29+mainGameOrder30+mainGameOrder31,1.016216,mainGameOrder29,1.511111,0.327504,1,over_bundle,over_bundle,mainGameOrder29,0.327504,0
p003,1,mainGameScenario1,Berkeley,,mainGameOrder1,Berkeley Bowl,Berkeley,22,7.8,3,0,mainGameOrder2,Berkeley Bowl,Berkeley,22,8.4,6,0,mainGameOrder3,Berkeley Bowl,Berkeley,15,9,4,0,mainGameOrder4,Sprouts Farmers Market,Oakland,18,9.75,2,10,mainGameOrder4,0.827586,mainGameOrder1,2.037037,0.59373,1,over_bundle,over_bundle,,,0
p003,2,mainGameScenario2,Oakland,,mainGameOrder5,Berkeley Bowl,Berkeley,24,12,5,10,mainGameOrder6,Berkeley Bowl,Berkeley,15,11.4,4,10,mainGameOrder7,Berkeley Bowl,Berkeley,15,12,2,10,mainGameOrder8,Berkeley Bowl,Berkeley,20,7.8,3,10,mainGameOrder5+mainGameOrder6+mainGameOrder7,1.058824,mainGameOrder8,0.961538,0,1,over_bundle,over_bundle,,,0
p004,1,mainGameScenario1,Berkeley,Berkeley,mainGameOrder1,Berkeley Bowl,Berkeley,22,7.8,3,0,mainGameOrder2,Berkeley Bowl,Berkeley,22,8.4,6,0,mainGameOrder3,Berkeley Bowl,Berkeley,15,9,4,0,mainGameOrder4,Sprouts Farmers Market,Oakland,18,9.75,2,10,mainGameOrder1+mainGameOrder2+mainGameOrder3,1.676136,mainGameOrder1,2.037037,0.177169,1,over_bundle,over_bundle,mainGameOrder1,0.177169,0
p004,2,mainGameScenario2,Berkeley,Berkeley,mainGameOrder5,Berkeley Bowl,Berkeley,24,12,5,0,mainGameOrder6,Berkeley Bowl,Berkeley,15,11.4,4,0,mainGameOrder7,Berkeley Bowl,Berkeley,15,12,2,0,mainGameOrder8,Berkeley Bowl,Berkeley,20,7.8,3,0,mainGameOrder8+mainGameOrder7+mainGameOrder5,1.520619,mainGameOrder8,1.851852,0.178866,1,over_bundle,over_bundle,mainGameOrder8,0.178866,0
p004,3,mainGameScenario3,Berkeley,Berkeley,mainGameOrder9,Berkeley Bowl,Berkeley,15,13.2,3,0,mainGameOrder10,Sprouts Farmers Market,Oakland,23,12.75,3,10,mainGameOrder11,Berkeley Bowl,Berkeley,23,12,6,0,mainGameOrder12,Berkeley Bowl,Berkeley,16,7.8,6,0,mainGameOrder12+mainGameOrder11+mainGameOrder9,1.216216,mainGameOrder11,1.277778,0.048179,1,over_bundle,over_bundle,mainGameOrder11,0.048179,0
p004,4,mainGameScenario4,Berkeley,Berkeley,mainGameOrder13,Berkeley Bowl,Berkeley,17,7.2,4,0,mainGameOrder14,Berkeley Bowl,Berkeley,17,7.8,2,0,mainGameOrder15,Berkeley Bowl,Berkeley,20,12,2,0,mainGameOrder16,Berkeley Bowl,Berkeley,16,11.4,6,0,mainGameOrder14+mainGameOrder13+mainGameOrder15,1.6875,mainGameOrder14,1.734694,0.027206,1,over_bundle,over_bundle,mainGameOrder14,0.027206,0
p004,5,mainGameScenario5,Berkeley,Berkeley,mainGameOrder17,Sprouts Farmers Market,Oakland,14,7.5,4,10,mainGameOrder18,Safeway,Piedmont,20,12.5,5,11,mainGameOrder19,Sprouts Farmers Market,Oakland,17,8.25,4,10,mainGameOrder20,Safeway,Piedmont,13,8.1,4,11,mainGameOrder19,0.764045,mainGameOrder17+mainGameOrder19,0.918519,0.168177,2,bundle_correct,bundle_correct,mainGameOrder17+mainGameOrder19,0.168177,0
p004,6,mainGameScenario6,Oakland,Oakland,mainGameOrder21,Sprouts Farmers Market,Oakland,19,12,2,0,mainGameOrder22,Sprouts Farmers Market,Oakland,22,8.25,2,0,mainGameOrder23,Sprouts Farmers Market,Oakland,24,8.25,6,0,mainGameOrder24,Sprouts Farmers Market,Oakland,18,9.75,2,0,mainGameOrder24,1.531915,mainGameOrder22,2.146341,0.286267,1,over_bundle,over_bundle,mainGameOrder22,0.286267,0
p004,7,mainGameScenario7,Oakland,Oakland,mainGameOrder25,Sprouts Farmers Market,Oakland,12,13.5,4,0,mainGameOrder26,Target,Emeryville,17,13.5,2,6,mainGameOrder27,Sprouts Farmers Market,Oakland,21,9,4,0,mainGameOrder28,Sprouts Farmers Market,Oakland,21,8.25,3,0,mainGameOrder27+mainGameOrder28,1.787234,mainGameOrder28,1.866667,0.042553,1,over_bundle,over_bundle,mainGameOrder28,0.042553,0
p004,8,mainGameScenario8,Oakland,Oakland,mainGameOrder29,Sprouts Farmers Market,Oakland,17,8.25,3,0,mainGameOrder30,Sprouts Farmers Market,Oakland,15,13.5,6,0,mainGameOrder31,Sprouts Farmers Market,Oakland,15,12.75,5,0,mainGameOrder32,Sprouts Farmers Market,Oakland,14,8.25,3,0,mainGameOrder32+mainGameOrder29,1.47619,mainGameOrder29,1.511111,0.023109,1,over_bundle,over_bundle,mainGameOrder29,0.023109,0
p004,9,mainGameScenario9,Piedmont,Piedmont,mainGameOrder33,Safeway,Piedmont,12,8.1,3,0,mainGameOrder34,Target,Emeryville,17,15.3,6,8,mainGameOrder35,Safeway,Piedmont,12,11.1,5,0,mainGameOrder36,Safeway,Piedmont,13,11.1,5,0,mainGameOrder33+mainGameOrder36+mainGameOrder35,0.946292,mainGameOrder33+mainGameOrder35+mainGameOrder36,0.946292,0,3,bundle_correct,bundle_correct,mainGameOrder33+mainGameOrder35+mainGameOrder36,0,0
p004,10,mainGameScenario10,Piedmont,Piedmont,mainGameOrder37,Safeway,Piedmont,14,8.1,5,0,mainGameOrder38,Safeway,Piedmont,20,8.1,6,0,mainGameOrder39,Safeway,Piedmont,19,7.4,6,0,mainGameOrder40,Safeway,Piedmont,23,11.8,2,0,mainGameOrder40+mainGameOrder38+mainGameOrder37,1.52,mainGameOrder39+mainGameOrder40,1.673307,0.091619,2,bundle_correct,bundle_correct,mainGameOrder39+mainGameOrder40,0.091619,0
p004,11,mainGameScenario11,Piedmont,Piedmont,mainGameOrder41,Berkeley Bowl,Berkeley,13,7.8,2,11,mainGameOrder42,Target,Emeryville,19,7.8,2,8,mainGameOrder43,Target,Emeryville,18,8.7,5,8,mainGameOrder44,Target,Emeryville,15,13.5,3,8,mainGameOrder43+mainGameOrder44+mainGameOrder42,1.195402,mainGameOrder42+mainGameOrder43,1.20915,0.01137,2,bundle_correct,bundle_correct,mainGameOrder42+mainGameOrder43,0.01137,0
p004,12,mainGameScenario12,Emeryville,Emeryville,mainGameOrder45,Target,Emeryville,16,13.5,3,0,mainGameOrder46,Target,Emeryville,14,9.6,5,0,mainGameOrder47,Target,Emeryville,22,13.5,6,0,mainGameOrder48,Target,Emeryville,14,13.5,2,0,mainGameOrder47+mainGameOrder45+mainGameOrder46,1.150442,mainGameOrder45+mainGameOrder46+mainGameOrder47,1.150442,0,3,bundle_correct,bundle_correct,mainGameOrder45+mainGameOrder46+mainGameOrder47,0,0
p004,13,mainGameScenario13,Emeryville,Emeryville,mainGameOrder49,Target,Emeryville,24,11.7,2,0,mainGameOrder50,Berkeley Bowl,Berkeley,17,8.4,6,7,mainGameOrder51,Berkeley Bowl,Berkeley,14,7.8,5,7,mainGameOrder52,Target,Emeryville,12,9.6,5,0,mainGameOrder49+mainGameOrder52,1.358491,mainGameOrder49,1.751825,0.224528,1,over_bundle,over_bundle,mainGameOrder49,0.224528,0
p004,14,mainGameScenario14,Emeryville,Emeryville,mainGameOrder53,Target,Emeryville,21,13.5,6,0,mainGameOrder54,Target,Emeryville,14,13.5,5,0,mainGameOrder55,Target,Emeryville,22,13.5,6,0,mainGameOrder56,Target,Emeryville,18,7.8,6,0,mainGameOrder53+mainGameOrder55+mainGameOrder56,1.26294,mainGameOrder56,1.304348,0.031746,1,over_bundle,over_bundle,mainGameOrder56,0.031746,0
p004,15,mainGameScenario15,Emeryville,Emeryville,mainGameOrder57,Safeway,Piedmont,22,7.4,4,8,mainGameOrder58,Sprouts Farmers Market,Oakland,18,13.5,2,6,mainGameOrder59,Safeway,Piedmont,17,7.4,4,8,mainGameOrder60,Safeway,Piedmont,22,11.8,5,8,mainGameOrder57+mainGameOrder59+mainGameOrder60,1.40553,mainGameOrder57+mainGameOrder59+mainGameOrder60,1.40553,0,3,bundle_correct,bundle_correct,mainGameOrder57+mainGameOrder59+mainGameOrder60,0,0
p005,1,mainGameScenario1,Berkeley,,mainGameOrder1,Berkeley Bowl,Berkeley,22,7.8,3,0,mainGameOrder2,Berkeley Bowl,Berkeley,22,8.4,6,0,mainGameOrder3,Berkeley Bowl,Berkeley,15,9,4,0,mainGameOrder4,Sprouts Farmers Market,Oakland,18,9.75,2,10,mainGameOrder1,2.037037,mainGameOrder1,2.037037,0,1,over_bundle,over_bundle,,,0
p005,2,mainGameScenario2,Berkeley,,mainGameOrder5,Berkeley Bowl,Berkeley,24,12,5,0,mainGameOrder6,Berkeley Bowl,Berkeley,15,11.4,4,0,mainGameOrder7,Berkeley Bowl,Berkeley,15,12,2,0,mainGameOrder8,Berkeley Bowl,Berkeley,20,7.8,3,0,mainGameOrder8+mainGameOrder5,1.654135,mainGameOrder8,1.851852,0.106767,1,over_bundle,over_bundle,,,0
p005,3,mainGameScenario3,Berkeley,,mainGameOrder9,Berkeley Bowl,Berkeley,15,13.2,3,0,mainGameOrder10,Sprouts Farmers Market,Oakland,23,12.75,3,10,mainGameOrder11,Berkeley Bowl,Berkeley,23,12,6,0,mainGameOrder12,Berkeley Bowl,Berkeley,16,7.8,6,0,mainGameOrder11+mainGameOrder12,1.25,mainGameOrder11,1.277778,0.021739,1,over_bundle,over_bundle,,,0
p005,4,mainGameScenario4,Berkeley,,mainGameOrder13,Berkeley Bowl,Berkeley,17,7.2,4,0,mainGameOrder14,Berkeley Bowl,Berkeley,17,7.8,2,0,mainGameOrder15,Berkeley Bowl,Berkeley,20,12,2,0,mainGameOrder16,Berkeley Bowl,Berkeley,16,11.4,6,0,mainGameOrder13+mainGameOrder15+mainGameOrder16,1.358974,mainGameOrder14,1.734694,0.216591,1,over_bundle,over_bundle,,,0
p005,5,mainGameScenario5,Berkeley,,mainGameOrder17,Sprouts Farmers Market,Oakland,14,7.5,4,10,mainGameOrder18,Safeway,Piedmont,20,12.5,5,11,mainGameOrder19,Sprouts Farmers Market,Oakland,17,8.25,4,10,mainGameOrder20,Safeway,Piedmont,13,8.1,4,11,mainGameOrder19+mainGameOrder17,0.918519,mainGameOrder17+mainGameOrder19,0.918519,0,2,bundle_correct,bundle_correct,,,0
p005,6,mainGameScenario6,Oakland,,mainGameOrder21,Sprouts Farmers Market,Oakland,19,12,2,0,mainGameOrder22,Sprouts Farmers Market,Oakland,22,8.25,2,0,mainGameOrder23,Sprouts Farmers Market,Oakland,24,8.25,6,0,mainGameOrder24,Sprouts Farmers Market,Oakland,18,9.75,2,0,mainGameOrder23+mainGameOrder21+mainGameOrder22,1.830986,mainGameOrder22,2.146341,0.146927,1,over_bundle,over_bundle,,,0
p005,7,mainGameScenario7,Oakland,,mainGameOrder25,Sprouts Farmers Market,Oakland,12,13.5,4,0,mainGameOrder26,Target,Emeryville,17,13.5,2,6,mainGameOrder27,Sprouts Farmers Market,Oakland,21,9,4,0,mainGameOrder28,Sprouts Farmers Market,Oakland,21,8.25,3,0,mainGameOrder27+mainGameOrder28+mainGameOrder25,1.367089,mainGameOrder28,1.866667,0.267631,1,over_bundle,over_bundle,,,0
p005,8,mainGameScenario8,Oakland,,mainGameOrder29,Sprouts Farmers Market,Oakland,17,8.25,3,0,mainGameOrder30,Sprouts Farmers Market,Oakland,15,13.5,6,0,mainGameOrder31,Sprouts Farmers Market,Oakland,15,12.75,5,0,mainGameOrder32,Sprouts Farmers Market,Oakland,14,8.25,3,0,mainGameOrder29+mainGameOrder30+mainGameOrder31,1.016216,mainGameOrder29,1.511111,0.327504,1,over_bundle,over_bundle,,,0
p005,9,mainGameScenario9,Oakland,,mainGameOrder33,Safeway,Piedmont,12,8.1,3,5,mainGameOrder34,Target,Emeryville,17,15.3,6,6,mainGameOrder35,Safeway,Piedmont,12,11.1,5,5,mainGameOrder36,Safeway,Piedmont,13,11.1,5,5,mainGameOrder33+mainGameOrder35+mainGameOrder36,0.839002,mainGameOrder33+mainGameOrder35+mainGameOrder36,0.839002,0,3,bundle_correct,bundle_correct,,,0
p005,10,mainGameScenario10,Piedmont,,mainGameOrder37,Safeway,Piedmont,14,8.1,5,0,mainGameOrder38,Safeway,Piedmont,20,8.1,6,0,mainGameOrder39,Safeway,Piedmont,19,7.4,6,0,mainGameOrder40,Safeway,Piedmont,23,11.8,2,0,mainGameOrder39+mainGameOrder40+mainGameOrder38,1.671159,mainGameOrder39+mainGameOrder40,1.673307,0.001284,2,bundle_correct,bundle_correct,,,0
p005,11,mainGameScenario11,Piedmont,,mainGameOrder41,Berkeley Bowl,Berkeley,13,7.8,2,11,mainGameOrder42,Target,Emeryville,19,7.8,2,8,mainGameOrder43,Target,Emeryville,18,8.7,5,8,mainGameOrder44,Target,Emeryville,15,13.5,3,8,mainGameOrder43+mainGameOrder44+mainGameOrder42,1.195402,mainGameOrder42+mainGameOrder43,1.20915,0.01137,2,bundle_correct,bundle_correct,,,0
p005,12,mainGameScenario12,Emeryville,,mainGameOrder45,Target,Emeryville,16,13.5,3,0,mainGameOrder46,Target,Emeryville,14,9.6,5,0,mainGameOrder47,Target,Emeryville,22,13.5,6,0,mainGameOrder48,Target,Emeryville,14,13.5,2,0,mainGameOrder47+mainGameOrder48+mainGameOrder45,1.150442,mainGameOrder45+mainGameOrder46+mainGameOrder47,1.150442,0,3,bundle_correct,bundle_correct,,,0
p005,13,mainGameScenario13,Emeryville,,mainGameOrder49,Target,Emeryville,24,11.7,2,0,mainGameOrder50,Berkeley Bowl,Berkeley,17,8.4,6,7,mainGameOrder51,Berkeley Bowl,Berkeley,14,7.8,5,7,mainGameOrder52,Target,Emeryville,12,9.6,5,0,mainGameOrder51+mainGameOrder50,0.939394,mainGameOrder49,1.751825,0.463763,1,over_bundle,over_bundle,,,0
p005,14,mainGameScenario14,Berkeley,,mainGameOrder53,Target,Emeryville,21,13.5,6,7,mainGameOrder54,Target,Emeryville,14,13.5,5,7,mainGameOrder55,Target,Emeryville,22,13.5,6,7,mainGameOrder56,Target,Emeryville,18,7.8,6,7,mainGameOrder55+mainGameOrder53+mainGameOrder56,1.103074,mainGameOrder56,0.865385,0,1,over_bundle,over_bundle,,,0
p005,15,mainGameScenario15,Emeryville,,mainGameOrder57,Safeway,Piedmont,22,7.4,4,8,mainGameOrder58,Sprouts Farmers Market,Oakland,18,13.5,2,6,mainGameOrder59,Safeway,Piedmont,17,7.4,4,8,mainGameOrder60,Safeway,Piedmont,22,11.8,5,8,mainGameOrder59+mainGameOrder57+mainGameOrder60,1.40553,mainGameOrder57+mainGameOrder59+mainGameOrder60,1.40553,0,3,bundle_correct,bundle_correct,,,0
p005,16,mainGameScenario16,Piedmont,,mainGameOrder61,Safeway,Piedmont,24,12.5,3,0,mainGameOrder62,Safeway,Piedmont,24,8.1,2,0,mainGameOrder63,Safeway,Piedmont,18,12.5,4,0,mainGameOrder64,Safeway,Piedmont,22,11.1,2,0,mainGameOrder64+mainGameOrder61+mainGameOrder62,2.028986,mainGameOrder62,2.376238,0.146135,1,over_bundle,over_bundle,,,0
p005,17,mainGameScenario17,Piedmont,,mainGameOrder65,Safeway,Piedmont,19,7.4,6,0,mainGameOrder66,Sprouts Farmers Market,Oakland,22,7.5,3,5,mainGameOrder67,Sprouts Farmers Market,Oakland,17,12.75,6,5,mainGameOrder68,Sprouts Farmers Market,Oakland,13,12.75,6,5,mainGameOrder65,1.41791,mainGameOrder66,1.419355,0.001018,1,over_bundle,over_bundle,,,0
p005,18,mainGameScenario18,Piedmont,,mainGameOrder69,Sprouts Farmers Market,Oakland,14,8.25,5,5,mainGameOrder70,Sprouts Farmers Market,Oakland,13,8.25,3,5,mainGameOrder71,Sprouts Farmers Market,Oakland,22,14.25,3,5,mainGameOrder72,Sprouts Farmers Market,Oakland,19,9,4,5,mainGameOrder71+mainGameOrder72+mainGameOrder69,1.208791,mainGameOrder71+mainGameOrder72,1.242424,0.02707,2,bundle_correct,bundle_correct,,,0
p005,19,mainGameScenario19,Oakland,,mainGameOrder73,Sprouts Farmers Market,Oakland,12,12.75,5,0,mainGameOrder74,Safeway,Piedmont,17,7.4,5,5,mainGameOrder75,Sprouts Farmers Market,Oakland,18,9,3,0,mainGameOrder76,Sprouts Farmers Market,Oakland,24,14.25,2,0,mainGameOrder74,0.977011,mainGameOrder75,1.5,0.348659,1,over_bundle,over_bundle,,,0
p005,20,mainGameScenario20,Piedmont,,mainGameOrder77,Sprouts Farmers Market,Oakland,24,14.25,6,5,mainGameOrder78,Sprouts Farmers Market,Oakland,23,8.25,4,5,mainGameOrder79,Sprouts Farmers Market,Oakland,17,14.25,4,5,mainGameOrder80,Sprouts Farmers Market,Oakland,20,11.25,5,5,mainGameOrder78+mainGameOrder80+mainGameOrder77,1.320197,mainGameOrder78,1.333333,0.009852,1,over_bundle,over_bundle,,,0
p005,21,mainGameScenario21,Oakland,,mainGameOrder81,Safeway,Piedmont,20,8.1,4,5,mainGameOrder82,Safeway,Piedmont,17,12.5,2,5,mainGameOrder83,Berkeley Bowl,Berkeley,24,7.8,3,10,mainGameOrder84,Safeway,Piedmont,21,7.4,3,5,mainGameOrder84+mainGameOrder82+mainGameOrder81,1.534392,mainGameOrder81+mainGameOrder84,1.570881,0.023229,2,bundle_correct,bundle_correct,,,0
p005,22,mainGameScenario22,Piedmont,,mainGameOrder85,Safeway,Piedmont,17,8.1,2,0,mainGameOrder86,Safeway,Piedmont,22,8.1,3,0,mainGameOrder87,Safeway,Piedmont,19,11.1,2,0,mainGameOrder88,Safeway,Piedmont,16,7.4,2,0,mainGameOrder88+mainGameOrder87+mainGameOrder86,1.938776,mainGameOrder86+mainGameOrder88,2.065217,0.061224,2,bundle_correct,bundle_correct,,,0
p006,1,mainGameScenario1,Berkeley,,mainGameOrder1,Berkeley Bowl,Berkeley,22,7.8,3,0,mainGameOrder2,Berkeley Bowl,Berkeley,22,8.4,6,0,mainGameOrder3,Berkeley Bowl,Berkeley,15,9,4,0,mainGameOrder4,Sprouts Farmers Market,Oakland,18,9.75,2,10,mainGameOrder2+mainGameOrder1+mainGameOrder3,1.676136,mainGameOrder1,2.037037,0.177169,1,over_bundle,over_bundle,,,0
p006,2,mainGameScenario2,Berkeley,,mainGameOrder5,Berkeley Bowl,Berkeley,24,12,5,0,mainGameOrder6,Berkeley Bowl,Berkeley,15,11.4,4,0,mainGameOrder7,Berkeley Bowl,Berkeley,15,12,2,0,mainGameOrder8,Berkeley Bowl,Berkeley,20,7.8,3,0,mainGameOrder8+mainGameOrder5+mainGameOrder7,1.520619,mainGameOrder8,1.851852,0.178866,1,over_bundle,over_bundle,,,0
p006,3,mainGameScenario3,Berkeley,,mainGameOrder9,Berkeley Bowl,Berkeley,15,13.2,3,0,mainGameOrder10,Sprouts Farmers Market,Oakland,23,12.75,3,10,mainGameOrder11,Berkeley Bowl,Berkeley,23,12,6,0,mainGameOrder12,Berkeley Bowl,Berkeley,16,7.8,6,0,mainGameOrder9+mainGameOrder11+mainGameOrder12,1.216216,mainGameOrder11,1.277778,0.048179,1,over_bundle,over_bundle,,,0
p006,4,mainGameScenario4,Berkeley,,mainGameOrder13,Berkeley Bowl,Berkeley,17,7.2,4,0,mainGameOrder14,Berkeley Bowl,Berkeley,17,7.8,2,0,mainGameOrder15,Berkeley Bowl,Berkeley,20,12,2,0,mainGameOrder16,Berkeley Bowl,Berkeley,16,11.4,6,0,mainGameOrder15+mainGameOrder13+mainGameOrder14,1.6875,mainGameOrder14,1.734694,0.027206,1,over_bundle,over_bundle,,,0
p006,5,mainGameScenario5,Berkeley,,mainGameOrder17,Sprouts Farmers Market,Oakland,14,7.5,4,10,mainGameOrder18,Safeway,Piedmont,20,12.5,5,11,mainGameOrder19,Sprouts Farmers Market,Oakland,17,8.25,4,10,mainGameOrder20,Safeway,Piedmont,13,8.1,4,11,mainGameOrder18+mainGameOrder20,0.841837,mainGameOrder17+mainGameOrder19,0.918519,0.083484,2,bundle_correct,bundle_correct,,,0
p006,6,mainGameScenario6,Piedmont,,mainGameOrder21,Sprouts Farmers Market,Oakland,19,12,2,5,mainGameOrder22,Sprouts Farmers Market,Oakland,22,8.25,2,5,mainGameOrder23,Sprouts Farmers Market,Oakland,24,8.25,6,5,mainGameOrder24,Sprouts Farmers Market,Oakland,18,9.75,2,5,mainGameOrder23+mainGameOrder21+mainGameOrder22,1.604938,mainGameOrder22,1.442623,0,1,over_bundle,over_bundle,,,0
p006,7,mainGameScenario7,Oakland,,mainGameOrder25,Sprouts Farmers Market,Oakland,12,13.5,4,0,mainGameOrder26,Target,Emeryville,17,13.5,2,6,mainGameOrder27,Sprouts Farmers Market,Oakland,21,9,4,0,mainGameOrder28,Sprouts Farmers Market,Oakland,21,8.25,3,0,mainGameOrder25+mainGameOrder27+mainGameOrder28,1.367089,mainGameOrder28,1.866667,0.267631,1,over_bundle,over_bundle,,,0
p006,8,mainGameScenario8,Oakland,,mainGameOrder29,Sprouts Farmers Market,Oakland,17,8.25,3,0,mainGameOrder30,Sprouts Farmers Market,Oakland,15,13.5,6,0,mainGameOrder31,Sprouts Farmers Market,Oakland,15,12.75,5,0,mainGameOrder32,Sprouts Farmers Market,Oakland,14,8.25,3,0,mainGameOrder29+mainGameOrder31+mainGameOrder30,1.016216,mainGameOrder29,1.511111,0.327504,1,over_bundle,over_bundle,,,0
p006,9,mainGameScenario9,Oakland,,mainGameOrder33,Safeway,Piedmont,12,8.1,3,5,mainGameOrder34,Target,Emeryville,17,15.3,6,6,mainGameOrder35,Safeway,Piedmont,12,11.1,5,5,mainGameOrder36,Safeway,Piedmont,13,11.1,5,5,mainGameOrder33+mainGameOrder35+mainGameOrder36,0.839002,mainGameOrder33+mainGameOrder35+mainGameOrder36,0.839002,0,3,bundle_correct,bundle_correct,,,0
p006,10,mainGameScenario10,Piedmont,,mainGameOrder37,Safeway,Piedmont,14,8.1,5,0,mainGameOrder38,Safeway,Piedmont,20,8.1,6,0,mainGameOrder39,Safeway,Piedmont,19,7.4,6,0,mainGameOrder40,Safeway,Piedmont,23,11.8,2,0,mainGameOrder40+mainGameOrder38+mainGameOrder39,1.671159,mainGameOrder39+mainGameOrder40,1.673307,0.001284,2,bundle_correct,bundle_correct,,,0
p006,11,mainGameScenario11,Piedmont,,mainGameOrder41,Berkeley Bowl,Berkeley,13,7.8,2,11,mainGameOrder42,Target,Emeryville,19,7.8,2,8,mainGameOrder43,Target,Emeryville,18,8.7,5,8,mainGameOrder44,Target,Emeryville,15,13.5,3,8,mainGameOrder42+mainGameOrder43+mainGameOrder44,1.195402,mainGameOrder42+mainGameOrder43,1.20915,0.01137,2,bundle_correct,bundle_correct,,,0
p006,12,mainGameScenario12,Emeryville,,mainGameOrder45,Target,Emeryville,16,13.5,3,0,mainGameOrder46,Target,Emeryville,14,9.6,5,0,mainGameOrder47,Target,Emeryville,22,13.5,6,0,mainGameOrder48,Target,Emeryville,14,13.5,2,0,mainGameOrder45+mainGameOrder47+mainGameOrder46,1.150442,mainGameOrder45+mainGameOrder46+mainGameOrder47,1.150442,0,3,bundle_correct,bundle_correct,,,0
p007,1,mainGameScenario1,Berkeley,,mainGameOrder1,Berkeley Bowl,Berkeley,22,7.8,3,0,mainGameOrder2,Berkeley Bowl,Berkeley,22,8.4,6,0,mainGameOrder3,Berkeley Bowl,Berkeley,15,9,4,0,mainGameOrder4,Sprouts Farmers Market,Oakland,18,9.75,2,10,mainGameOrder1+mainGameOrder2+mainGameOrder3,1.676136,mainGameOrder1,2.037037,0.177169,1,over_bundle,over_bundle,,,0
p007,2,mainGameScenario2,Berkeley,,mainGameOrder5,Berkeley Bowl,Berkeley,24,12,5,0,mainGameOrder6,Berkeley Bowl,Berkeley,15,11.4,4,0,mainGameOrder7,Berkeley Bowl,Berkeley,15,12,2,0,mainGameOrder8,Berkeley Bowl,Berkeley,20,7.8,3,0,mainGameOrder8+mainGameOrder7+mainGameOrder5,1.520619,mainGameOrder8,1.851852,0.178866,1,over_bundle,over_bundle,,,0
p007,3,mainGameScenario3,Berkeley,,mainGameOrder9,Berkeley Bowl,Berkeley,15,13.2,3,0,mainGameOrder10,Sprouts Farmers Market,Oakland,23,12.75,3,10,mainGameOrder11,Berkeley Bowl,Berkeley,23,12,6,0,mainGameOrder12,Berkeley Bowl,Berkeley,16,7.8,6,0,mainGameOrder12+mainGameOrder11+mainGameOrder9,1.216216,mainGameOrder11,1.277778,0.048179,1,over_bundle,over_bundle,,,0
p007,4,mainGameScenario4,Berkeley,,mainGameOrder13,Berkeley Bowl,Berkeley,17,7.2,4,0,mainGameOrder14,Berkeley Bowl,Berkeley,17,7.8,2,0,mainGameOrder15,Berkeley Bowl,Berkeley,20,12,2,0,mainGameOrder16,Berkeley Bowl,Berkeley,16,11.4,6,0,mainGameOrder15+mainGameOrder14+mainGameOrder13,1.6875,mainGameOrder14,1.734694,0.027206,1,over_bundle,over_bundle,,,0
p007,5,mainGameScenario5,Berkeley,,mainGameOrder17,Sprouts Farmers Market,Oakland,14,7.5,4,10,mainGameOrder18,Safeway,Piedmont,20,12.5,5,11,mainGameOrder19,Sprouts Farmers Market,Oakland,17,8.25,4,10,mainGameOrder20,Safeway,Piedmont,13,8.1,4,11,mainGameOrder17+mainGameOrder19,0.918519,mainGameOrder17+mainGameOrder19,0.918519,0,2,bundle_correct,bundle_correct,,,0
p007,6,mainGameScenario6,Oakland,,mainGameOrder21,Sprouts Farmers Market,Oakland,19,12,2,0,mainGameOrder22,Sprouts Farmers Market,Oakland,22,8.25,2,0,mainGameOrder23,Sprouts Farmers Market,Oakland,24,8.25,6,0,mainGameOrder24,Sprouts Farmers Market,Oakland,18,9.75,2,0,mainGameOrder23+mainGameOrder24+mainGameOrder22,1.841727,mainGameOrder22,2.146341,0.141923,1,over_bundle,over_bundle,,,0
p007,7,mainGameScenario7,Oakland,,mainGameOrder25,Sprouts Farmers Market,Oakland,12,13.5,4,0,mainGameOrder26,Target,Emeryville,17,13.5,2,6,mainGameOrder27,Sprouts Farmers Market,Oakland,21,9,4,0,mainGameOrder28,Sprouts Farmers Market,Oakland,21,8.25,3,0,mainGameOrder28+mainGameOrder27+mainGameOrder25,1.367089,mainGameOrder28,1.866667,0.267631,1,over_bundle,over_bundle,,,0
p007,8,mainGameScenario8,Oakland,,mainGameOrder29,Sprouts Farmers Market,Oakland,17,8.25,3,0,mainGameOrder30,Sprouts Farmers Market,Oakland,15,13.5,6,0,mainGameOrder31,Sprouts Farmers Market,Oakland,15,12.75,5,0,mainGameOrder32,Sprouts Farmers Market,Oakland,14,8.25,3,0,mainGameOrder29+mainGameOrder32+mainGameOrder31,1.187097,mainGameOrder29,1.511111,0.214421,1,over_bundle,over_bundle,,,0
p007,9,mainGameScenario9,Oakland,,mainGameOrder33,Safeway,Piedmont,12,8.1,3,5,mainGameOrder34,Target,Emeryville,17,15.3,6,6,mainGameOrder35,Safeway,Piedmont,12,11.1,5,5,mainGameOrder36,Safeway,Piedmont,13,11.1,5,5,mainGameOrder33+mainGameOrder35+mainGameOrder36,0.839002,mainGameOrder33+mainGameOrder35+mainGameOrder36,0.839002,0,3,bundle_correct,bundle_correct,,,0
p007,10,mainGameScenario10,Piedmont,,mainGameOrder37,Safeway,Piedmont,14,8.1,5,0,mainGameOrder38,Safeway,Piedmont,20,8.1,6,0,mainGameOrder39,Safeway,Piedmont,19,7.4,6,0,mainGameOrder40,Safeway,Piedmont,23,11.8,2,0,mainGameOrder38+mainGameOrder40+mainGameOrder39,1.671159,mainGameOrder39+mainGameOrder40,1.673307,0.001284,2,bundle_correct,bundle_correct,,,0
p007,11,mainGameScenario11,Piedmont,,mainGameOrder41,Berkeley Bowl,Berkeley,13,7.8,2,11,mainGameOrder42,Target,Emeryville,19,7.8,2,8,mainGameOrder43,Target,Emeryville,18,8.7,5,8,mainGameOrder44,Target,Emeryville,15,13.5,3,8,mainGameOrder42+mainGameOrder44+mainGameOrder43,1.195402,mainGameOrder42+mainGameOrder43,1.20915,0.01137,2,bundle_correct,bundle_correct,,,0
p007,12,mainGameScenario12,Emeryville,,mainGameOrder45,Target,Emeryville,16,13.5,3,0,mainGameOrder46,Target,Emeryville,14,9.6,5,0,mainGameOrder47,Target,Emeryville,22,13.5,6,0,mainGameOrder48,Target,Emeryville,14,13.5,2,0,mainGameOrder47+mainGameOrder45+mainGameOrder46,1.150442,mainGameOrder45+mainGameOrder46+mainGameOrder47,1.150442,0,3,bundle_correct,bundle_correct,,,0
p007,13,mainGameScenario13,Emeryville,,mainGameOrder49,Target,Emeryville,24,11.7,2,0,mainGameOrder50,Berkeley Bowl,Berkeley,17,8.4,6,7,mainGameOrder51,Berkeley Bowl,Berkeley,14,7.8,5,7,mainGameOrder52,Target,Emeryville,12,9.6,5,0,mainGameOrder49+mainGameOrder52,1.358491,mainGameOrder49,1.751825,0.224528,1,over_bundle,over_bundle,,,0
p007,14,mainGameScenario14,Emeryville,,mainGameOrder53,Target,Emeryville,21,13.5,6,0,mainGameOrder54,Target,Emeryville,14,13.5,5,0,mainGameOrder55,Target,Emeryville,22,13.5,6,0,mainGameOrder56,Target,Emeryville,18,7.8,6,0,mainGameOrder53+mainGameOrder55+mainGameOrder56,1.26294,mainGameOrder56,1.304348,0.031746,1,over_bundle,over_bundle,,,0
p007,15,mainGameScenario15,Emeryville,,mainGameOrder57,Safeway,Piedmont,22,7.4,4,8,mainGameOrder58,Sprouts Farmers Market,Oakland,18,13.5,2,6,mainGameOrder59,Safeway,Piedmont,17,7.4,4,8,mainGameOrder60,Safeway,Piedmont,22,11.8,5,8,mainGameOrder60+mainGameOrder59+mainGameOrder57,1.40553,mainGameOrder57+mainGameOrder59+mainGameOrder60,1.40553,0,3,bundle_correct,bundle_correct,,,0
p007,16,mainGameScenario16,Piedmont,,mainGameOrder61,Safeway,Piedmont,24,12.5,3,0,mainGameOrder62,Safeway,Piedmont,24,8.1,2,0,mainGameOrder63,Safeway,Piedmont,18,12.5,4,0,mainGameOrder64,Safeway,Piedmont,22,11.1,2,0,mainGameOrder61+mainGameOrder62+mainGameOrder64,2.028986,mainGameOrder62,2.376238,0.146135,1,over_bundle,over_bundle,,,0
p007,17,mainGameScenario17,Piedmont,,mainGameOrder65,Safeway,Piedmont,19,7.4,6,0,mainGameOrder66,Sprouts Farmers Market,Oakland,22,7.5,3,5,mainGameOrder67,Sprouts Farmers Market,Oakland,17,12.75,6,5,mainGameOrder68,Sprouts Farmers Market,Oakland,13,12.75,6,5,mainGameOrder66+mainGameOrder67+mainGameOrder68,1.04,mainGameOrder66,1.419355,0.267273,1,over_bundle,over_bundle,,,0
p007,18,mainGameScenario18,Oakland,,mainGameOrder69,Sprouts Farmers Market,Oakland,14,8.25,5,0,mainGameOrder70,Sprouts Farmers Market,Oakland,13,8.25,3,0,mainGameOrder71,Sprouts Farmers Market,Oakland,22,14.25,3,0,mainGameOrder72,Sprouts Farmers Market,Oakland,19,9,4,0,mainGameOrder71+mainGameOrder72+mainGameOrder69,1.358025,mainGameOrder71+mainGameOrder72,1.464286,0.072569,2,bundle_correct,bundle_correct,,,0
p007,19,mainGameScenario19,Oakland,,mainGameOrder73,Sprouts Farmers Market,Oakland,12,12.75,5,0,mainGameOrder74,Safeway,Piedmont,17,7.4,5,5,mainGameOrder75,Sprouts Farmers Market,Oakland,18,9,3,0,mainGameOrder76,Sprouts Farmers Market,Oakland,24,14.25,2,0,mainGameOrder73+mainGameOrder75+mainGameOrder76,1.255814,mainGameOrder75,1.5,0.162791,1,over_bundle,over_bundle,,,0
p008,1,mainGameScenario1,Berkeley,Berkeley,mainGameOrder1,Berkeley Bowl,Berkeley,22,7.8,3,0,mainGameOrder2,Berkeley Bowl,Berkeley,22,8.4,6,0,mainGameOrder3,Berkeley Bowl,Berkeley,15,9,4,0,mainGameOrder4,Sprouts Farmers Market,Oakland,18,9.75,2,10,mainGameOrder2+mainGameOrder1,1.788618,mainGameOrder1,2.037037,0.121951,1,over_bundle,over_bundle,mainGameOrder1,,0
p008,2,mainGameScenario2,Berkeley,Berkeley,mainGameOrder5,Berkeley Bowl,Berkeley,24,12,5,0,mainGameOrder6,Berkeley Bowl,Berkeley,15,11.4,4,0,mainGameOrder7,Berkeley Bowl,Berkeley,15,12,2,0,mainGameOrder8,Berkeley Bowl,Berkeley,20,7.8,3,0,mainGameOrder5+mainGameOrder8,1.654135,mainGameOrder8,1.851852,0.106767,1,over_bundle,over_bundle,mainGameOrder8,,0
p008,3,mainGameScenario3,Berkeley,Berkeley,mainGameOrder9,Berkeley Bowl,Berkeley,15,13.2,3,0,mainGameOrder10,Sprouts Farmers Market,Oakland,23,12.75,3,10,mainGameOrder11,Berkeley Bowl,Berkeley,23,12,6,0,mainGameOrder12,Berkeley Bowl,Berkeley,16,7.8,6,0,mainGameOrder11+mainGameOrder12,1.25,mainGameOrder11,1.277778,0.021739,1,over_bundle,over_bundle,mainGameOrder11,,0
p008,4,mainGameScenario4,Berkeley,Berkeley,mainGameOrder13,Berkeley Bowl,Berkeley,17,7.2,4,0,mainGameOrder14,Berkeley Bowl,Berkeley,17,7.8,2,0,mainGameOrder15,Berkeley Bowl,Berkeley,20,12,2,0,mainGameOrder16,Berkeley Bowl,Berkeley,16,11.4,6,0,mainGameOrder16+mainGameOrder15+mainGameOrder14,1.387435,mainGameOrder14,1.734694,0.200185,1,over_bundle,over_bundle,mainGameOrder14,,0
p008,5,mainGameScenario5,Berkeley,Berkeley,mainGameOrder17,Sprouts Farmers Market,Oakland,14,7.5,4,10,mainGameOrder18,Safeway,Piedmont,20,12.5,5,11,mainGameOrder19,Sprouts Farmers Market,Oakland,17,8.25,4,10,mainGameOrder20,Safeway,Piedmont,13,8.1,4,11,mainGameOrder19+mainGameOrder17,0.918519,mainGameOrder17+mainGameOrder19,0.918519,0,2,bundle_correct,bundle_correct,mainGameOrder17+mainGameOrder19,,0
p008,6,mainGameScenario6,Oakland,Oakland,mainGameOrder21,Sprouts Farmers Market,Oakland,19,12,2,0,mainGameOrder22,Sprouts Farmers Market,Oakland,22,8.25,2,0,mainGameOrder23,Sprouts Farmers Market,Oakland,24,8.25,6,0,mainGameOrder24,Sprouts Farmers Market,Oakland,18,9.75,2,0,mainGameOrder22+mainGameOrder23,1.936842,mainGameOrder22,2.146341,0.097608,1,over_bundle,over_bundle,mainGameOrder22,,0
p008,7,mainGameScenario7,Oakland,Oakland,mainGameOrder25,Sprouts Farmers Market,Oakland,12,13.5,4,0,mainGameOrder26,Target,Emeryville,17,13.5,2,6,mainGameOrder27,Sprouts Farmers Market,Oakland,21,9,4,0,mainGameOrder28,Sprouts Farmers Market,Oakland,21,8.25,3,0,mainGameOrder28+mainGameOrder27,1.787234,mainGameOrder28,1.866667,0.042553,1,over_bundle,over_bundle,mainGameOrder28,,0
p008,8,mainGameScenario8,Oakland,Oakland,mainGameOrder29,Sprouts Farmers Market,Oakland,17,8.25,3,0,mainGameOrder30,Sprouts Farmers Market,Oakland,15,13.5,6,0,mainGameOrder31,Sprouts Farmers Market,Oakland,15,12.75,5,0,mainGameOrder32,Sprouts Farmers Market,Oakland,14,8.25,3,0,mainGameOrder31+mainGameOrder29,1.103448,mainGameOrder29,1.511111,0.269777,1,over_bundle,over_bundle,mainGameOrder29,,0
p008,9,mainGameScenario9,Oakland,Oakland,mainGameOrder33,Safeway,Piedmont,12,8.1,3,5,mainGameOrder34,Target,Emeryville,17,15.3,6,6,mainGameOrder35,Safeway,Piedmont,12,11.1,5,5,mainGameOrder36,Safeway,Piedmont,13,11.1,5,5,mainGameOrder34,0.622711,mainGameOrder33+mainGameOrder35+mainGameOrder36,0.839002,0.257796,3,bundle_correct,bundle_correct,mainGameOrder33+mainGameOrder35+mainGameOrder36,,0
p008,10,mainGameScenario10,Emeryville,Emeryville,mainGameOrder37,Safeway,Piedmont,14,8.1,5,8,mainGameOrder38,Safeway,Piedmont,20,8.1,6,8,mainGameOrder39,Safeway,Piedmont,19,7.4,6,8,mainGameOrder40,Safeway,Piedmont,23,11.8,2,8,mainGameOrder38+mainGameOrder40,1.272189,mainGameOrder39+mainGameOrder40,1.268882,0,2,bundle_correct,bundle_correct,mainGameOrder39+mainGameOrder40,,0
p008,11,mainGameScenario11,Piedmont,Piedmont,mainGameOrder41,Berkeley Bowl,Berkeley,13,7.8,2,11,mainGameOrder42,Target,Emeryville,19,7.8,2,8,mainGameOrder43,Target,Emeryville,18,8.7,5,8,mainGameOrder44,Target,Emeryville,15,13.5,3,8,mainGameOrder42+mainGameOrder43,1.20915,mainGameOrder42+mainGameOrder43,1.20915,0,2,bundle_correct,bundle_correct,mainGameOrder42+mainGameOrder43,,0
p008,12,mainGameScenario12,Emeryville,Emeryville,mainGameOrder45,Target,Emeryville,16,13.5,3,0,mainGameOrder46,Target,Emeryville,14,9.6,5,0,mainGameOrder47,Target,Emeryville,22,13.5,6,0,mainGameOrder48,Target,Emeryville,14,13.5,2,0,mainGameOrder48+mainGameOrder47+mainGameOrder45,1.150442,mainGameOrder45+mainGameOrder46+mainGameOrder47,1.150442,0,3,bundle_correct,bundle_correct,mainGameOrder45+mainGameOrder46+mainGameOrder47,,0
p008,13,mainGameScenario13,Emeryville,Emeryville,mainGameOrder49,Target,Emeryville,24,11.7,2,0,mainGameOrder50,Berkeley Bowl,Berkeley,17,8.4,6,7,mainGameOrder51,Berkeley Bowl,Berkeley,14,7.8,5,7,mainGameOrder52,Target,Emeryville,12,9.6,5,0,mainGameOrder50+mainGameOrder51,0.939394,mainGameOrder49,1.751825,0.463763,1,over_bundle,over_bundle,mainGameOrder49,,0
p009,1,mainGameScenario1,Berkeley,,mainGameOrder1,Berkeley Bowl,Berkeley,22,7.8,3,0,mainGameOrder2,Berkeley Bowl,Berkeley,22,8.4,6,0,mainGameOrder3,Berkeley Bowl,Berkeley,15,9,4,0,mainGameOrder4,Sprouts Farmers Market,Oakland,18,9.75,2,10,mainGameOrder1+mainGameOrder2+mainGameOrder3,1.676136,mainGameOrder1,2.037037,0.177169,1,over_bundle,over_bundle,,,0
p009,2,mainGameScenario2,Berkeley,,mainGameOrder5,Berkeley Bowl,Berkeley,24,12,5,0,mainGameOrder6,Berkeley Bowl,Berkeley,15,11.4,4,0,mainGameOrder7,Berkeley Bowl,Berkeley,15,12,2,0,mainGameOrder8,Berkeley Bowl,Berkeley,20,7.8,3,0,mainGameOrder5+mainGameOrder8+mainGameOrder7,1.520619,mainGameOrder8,1.851852,0.178866,1,over_bundle,over_bundle,,,0
p009,3,mainGameScenario3,Berkeley,,mainGameOrder9,Berkeley Bowl,Berkeley,15,13.2,3,0,mainGameOrder10,Sprouts Farmers Market,Oakland,23,12.75,3,10,mainGameOrder11,Berkeley Bowl,Berkeley,23,12,6,0,mainGameOrder12,Berkeley Bowl,Berkeley,16,7.8,6,0,mainGameOrder9+mainGameOrder11+mainGameOrder12,1.216216,mainGameOrder11,1.277778,0.048179,1,over_bundle,over_bundle,,,0
p009,4,mainGameScenario4,Berkeley,,mainGameOrder13,Berkeley Bowl,Berkeley,17,7.2,4,0,mainGameOrder14,Berkeley Bowl,Berkeley,17,7.8,2,0,mainGameOrder15,Berkeley Bowl,Berkeley,20,12,2,0,mainGameOrder16,Berkeley Bowl,Berkeley,16,11.4,6,0,mainGameOrder15+mainGameOrder13+mainGameOrder14,1.6875,mainGameOrder14,1.734694,0.027206,1,over_bundle,over_bundle,,,0
p009,5,mainGameScenario5,Berkeley,,mainGameOrder17,Sprouts Farmers Market,Oakland,14,7.5,4,10,mainGameOrder18,Safeway,Piedmont,20,12.5,5,11,mainGameOrder19,Sprouts Farmers Market,Oakland,17,8.25,4,10,mainGameOrder20,Safeway,Piedmont,13,8.1,4,11,mainGameOrder18+mainGameOrder20,0.841837,mainGameOrder17+mainGameOrder19,0.918519,0.083484,2,bundle_correct,bundle_correct,,,0
p009,6,mainGameScenario6,Piedmont,,mainGameOrder21,Sprouts Farmers Market,Oakland,19,12,2,5,mainGameOrder22,Sprouts Farmers Market,Oakland,22,8.25,2,5,mainGameOrder23,Sprouts Farmers Market,Oakland,24,8.25,6,5,mainGameOrder24,Sprouts Farmers Market,Oakland,18,9.75,2,5,mainGameOrder22+mainGameOrder21+mainGameOrder23,1.604938,mainGameOrder22,1.442623,0,1,over_bundle,over_bundle,,,0
p009,7,mainGameScenario7,Oakland,,mainGameOrder25,Sprouts Farmers Market,Oakland,12,13.5,4,0,mainGameOrder26,Target,Emeryville,17,13.5,2,6,mainGameOrder27,Sprouts Farmers Market,Oakland,21,9,4,0,mainGameOrder28,Sprouts Farmers Market,Oakland,21,8.25,3,0,mainGameOrder25+mainGameOrder27+mainGameOrder28,1.367089,mainGameOrder28,1.866667,0.267631,1,over_bundle,over_bundle,,,0
p009,8,mainGameScenario8,Oakland,,mainGameOrder29,Sprouts Farmers Market,Oakland,17,8.25,3,0,mainGameOrder30,Sprouts Farmers Market,Oakland,15,13.5,6,0,mainGameOrder31,Sprouts Farmers Market,Oakland,15,12.75,5,0,mainGameOrder32,Sprouts Farmers Market,Oakland,14,8.25,3,0,mainGameOrder29+mainGameOrder30+mainGameOrder31,1.016216,mainGameOrder29,1.511111,0.327504,1,over_bundle,over_bundle,,,0
p009,9,mainGameScenario9,Oakland,,mainGameOrder33,Safeway,Piedmont,12,8.1,3,5,mainGameOrder34,Target,Emeryville,17,15.3,6,6,mainGameOrder35,Safeway,Piedmont,12,11.1,5,5,mainGameOrder36,Safeway,Piedmont,13,11.1,5,5,mainGameOrder33+mainGameOrder35+mainGameOrder36,0.839002,mainGameOrder33+mainGameOrder35+mainGameOrder36,0.839002,0,3,bundle_correct,bundle_correct,,,0
p009,10,mainGameScenario10,Piedmont,,mainGameOrder37,Safeway,Piedmont,14,8.1,5,0,mainGameOrder38,Safeway,Piedmont,20,8.1,6,0,mainGameOrder39,Safeway,Piedmont,19,7.4,6,0,mainGameOrder40,Safeway,Piedmont,23,11.8,2,0,mainGameOrder38+mainGameOrder40+mainGameOrder39,1.671159,mainGameOrder39+mainGameOrder40,1.673307,0.001284,2,bundle_correct,bundle_correct,,,0
p009,11,mainGameScenario11,Piedmont,,mainGameOrder41,Berkeley Bowl,Berkeley,13,7.8,2,11,mainGameOrder42,Target,Emeryville,19,7.8,2,8,mainGameOrder43,Target,Emeryville,18,8.7,5,8,mainGameOrder44,Target,Emeryville,15,13.5,3,8,mainGameOrder42+mainGameOrder44+mainGameOrder43,1.195402,mainGameOrder42+mainGameOrder43,1.20915,0.01137,2,bundle_correct,bundle_correct,,,0
p009,12,mainGameScenario12,Emeryville,,mainGameOrder45,Target,Emeryville,16,13.5,3,0,mainGameOrder46,Target,Emeryville,14,9.6,5,0,mainGameOrder47,Target,Emeryville,22,13.5,6,0,mainGameOrder48,Target,Emeryville,14,13.5,2,0,mainGameOrder45+mainGameOrder47+mainGameOrder46,1.150442,mainGameOrder45+mainGameOrder46+mainGameOrder47,1.150442,0,3,bundle_correct,bundle_correct,,,0
p009,13,mainGameScenario13,Emeryville,,mainGameOrder49,Target,Emeryville,24,11.7,2,0,mainGameOrder50,Berkeley Bowl,Berkeley,17,8.4,6,7,mainGameOrder51,Berkeley Bowl,Berkeley,14,7.8,5,7,mainGameOrder52,Target,Emeryville,12,9.6,5,0,mainGameOrder49+mainGameOrder52,1.358491,mainGameOrder49,1.751825,0.224528,1,over_bundle,over_bundle,,,0
p009,14,mainGameScenario14,Emeryville,,mainGameOrder53,Target,Emeryville,21,13.5,6,0,mainGameOrder54,Target,Emeryville,14,13.5,5,0,mainGameOrder55,Target,Emeryville,22,13.5,6,0,mainGameOrder56,Target,Emeryville,18,7.8,6,0,mainGameOrder53+mainGameOrder55+mainGameOrder56,1.26294,mainGameOrder56,1.304348,0.031746,1,over_bundle,over_bundle,,,0
p010,1,mainGameScenario1,Berkeley,,mainGameOrder1,Berkeley Bowl,Berkeley,22,7.8,3,0,mainGameOrder2,Berkeley Bowl,Berkeley,22,8.4,6,0,mainGameOrder3,Berkeley Bowl,Berkeley,15,9,4,0,mainGameOrder4,Sprouts Farmers Market,Oakland,18,9.75,2,10,mainGameOrder3+mainGameOrder1+mainGameOrder2,1.676136,mainGameOrder1,2.037037,0.177169,1,over_bundle,over_bundle,,,0
p010,2,mainGameScenario2,Berkeley,,mainGameOrder5,Berkeley Bowl,Berkeley,24,12,5,0,mainGameOrder6,Berkeley Bowl,Berkeley,15,11.4,4,0,mainGameOrder7,Berkeley Bowl,Berkeley,15,12,2,0,mainGameOrder8,Berkeley Bowl,Berkeley,20,7.8,3,0,mainGameOrder8+mainGameOrder7+mainGameOrder5,1.520619,mainGameOrder8,1.851852,0.178866,1,over_bundle,over_bundle,,,0
p010,3,mainGameScenario3,Berkeley,,mainGameOrder9,Berkeley Bowl,Berkeley,15,13.2,3,0,mainGameOrder10,Sprouts Farmers Market,Oakland,23,12.75,3,10,mainGameOrder11,Berkeley Bowl,Berkeley,23,12,6,0,mainGameOrder12,Berkeley Bowl,Berkeley,16,7.8,6,0,mainGameOrder12+mainGameOrder11+mainGameOrder9,1.216216,mainGameOrder11,1.277778,0.048179,1,over_bundle,over_bundle,,,0
p010,4,mainGameScenario4,Berkeley,,mainGameOrder13,Berkeley Bowl,Berkeley,17,7.2,4,0,mainGameOrder14,Berkeley Bowl,Berkeley,17,7.8,2,0,mainGameOrder15,Berkeley Bowl,Berkeley,20,12,2,0,mainGameOrder16,Berkeley Bowl,Berkeley,16,11.4,6,0,mainGameOrder14+mainGameOrder15+mainGameOrder13,1.6875,mainGameOrder14,1.734694,0.027206,1,over_bundle,over_bundle,,,0
p010,5,mainGameScenario5,Berkeley,,mainGameOrder17,Sprouts Farmers Market,Oakland,14,7.5,4,10,mainGameOrder18,Safeway,Piedmont,20,12.5,5,11,mainGameOrder19,Sprouts Farmers Market,Oakland,17,8.25,4,10,mainGameOrder20,Safeway,Piedmont,13,8.1,4,11,mainGameOrder18+mainGameOrder20,0.841837,mainGameOrder17+mainGameOrder19,0.918519,0.083484,2,bundle_correct,bundle_correct,,,0
p010,6,mainGameScenario6,Piedmont,,mainGameOrder21,Sprouts Farmers Market,Oakland,19,12,2,5,mainGameOrder22,Sprouts Farmers Market,Oakland,22,8.25,2,5,mainGameOrder23,Sprouts Farmers Market,Oakland,24,8.25,6,5,mainGameOrder24,Sprouts Farmers Market,Oakland,18,9.75,2,5,mainGameOrder22+mainGameOrder23+mainGameOrder21,1.604938,mainGameOrder22,1.442623,0,1,over_bundle,over_bundle,,,0
p010,7,mainGameScenario7,Oakland,,mainGameOrder25,Sprouts Farmers Market,Oakland,12,13.5,4,0,mainGameOrder26,Target,Emeryville,17,13.5,2,6,mainGameOrder27,Sprouts Farmers Market,Oakland,21,9,4,0,mainGameOrder28,Sprouts Farmers Market,Oakland,21,8.25,3,0,mainGameOrder28+mainGameOrder27,1.787234,mainGameOrder28,1.866667,0.042553,1,over_bundle,over_bundle,,,0
p010,8,mainGameScenario8,Oakland,,mainGameOrder29,Sprouts Farmers Market,Oakland,17,8.25,3,0,mainGameOrder30,Sprouts Farmers Market,Oakland,15,13.5,6,0,mainGameOrder31,Sprouts Farmers Market,Oakland,15,12.75,5,0,mainGameOrder32,Sprouts Farmers Market,Oakland,14,8.25,3,0,mainGameOrder29+mainGameOrder32+mainGameOrder31,1.187097,mainGameOrder29,1.511111,0.214421,1,over_bundle,over_bundle,,,0
p010,9,mainGameScenario9,Oakland,,mainGameOrder33,Safeway,Piedmont,12,8.1,3,5,mainGameOrder34,Target,Emeryville,17,15.3,6,6,mainGameOrder35,Safeway,Piedmont,12,11.1,5,5,mainGameOrder36,Safeway,Piedmont,13,11.1,5,5,mainGameOrder36+mainGameOrder35+mainGameOrder33,0.839002,mainGameOrder33+mainGameOrder35+mainGameOrder36,0.839002,0,3,bundle_correct,bundle_correct,,,0
p010,10,mainGameScenario10,Piedmont,,mainGameOrder37,Safeway,Piedmont,14,8.1,5,0,mainGameOrder38,Safeway,Piedmont,20,8.1,6,0,mainGameOrder39,Safeway,Piedmont,19,7.4,6,0,mainGameOrder40,Safeway,Piedmont,23,11.8,2,0,mainGameOrder40,1.666667,mainGameOrder39+mainGameOrder40,1.673307,0.003968,2,bundle_correct,bundle_correct,,,0
p010,11,mainGameScenario11,Piedmont,,mainGameOrder41,Berkeley Bowl,Berkeley,13,7.8,2,11,mainGameOrder42,Target,Emeryville,19,7.8,2,8,mainGameOrder43,Target,Emeryville,18,8.7,5,8,mainGameOrder44,Target,Emeryville,15,13.5,3,8,mainGameOrder42,1.067416,mainGameOrder42+mainGameOrder43,1.20915,0.117218,2,bundle_correct,bundle_correct,,,0
p010,12,mainGameScenario12,Emeryville,,mainGameOrder45,Target,Emeryville,16,13.5,3,0,mainGameOrder46,Target,Emeryville,14,9.6,5,0,mainGameOrder47,Target,Emeryville,22,13.5,6,0,mainGameOrder48,Target,Emeryville,14,13.5,2,0,mainGameOrder47+mainGameOrder48+mainGameOrder45,1.150442,mainGameOrder45+mainGameOrder46+mainGameOrder47,1.150442,0,3,bundle_correct,bundle_correct,,,0
p010,13,mainGameScenario13,Emeryville,,mainGameOrder49,Target,Emeryville,24,11.7,2,0,mainGameOrder50,Berkeley Bowl,Berkeley,17,8.4,6,7,mainGameOrder51,Berkeley Bowl,Berkeley,14,7.8,5,7,mainGameOrder52,Target,Emeryville,12,9.6,5,0,mainGameOrder49,1.751825,mainGameOrder49,1.751825,0,1,over_bundle,over_bundle,,,0
p010,14,mainGameScenario14,Emeryville,,mainGameOrder53,Target,Emeryville,21,13.5,6,0,mainGameOrder54,Target,Emeryville,14,13.5,5,0,mainGameOrder55,Target,Emeryville,22,13.5,6,0,mainGameOrder56,Target,Emeryville,18,7.8,6,0,mainGameOrder55+mainGameOrder56+mainGameOrder53,1.26294,mainGameOrder56,1.304348,0.031746,1,over_bundle,over_bundle,,,0
p010,15,mainGameScenario15,Emeryville,,mainGameOrder57,Safeway,Piedmont,22,7.4,4,8,mainGameOrder58,Sprouts Farmers Market,Oakland,18,13.5,2,6,mainGameOrder59,Safeway,Piedmont,17,7.4,4,8,mainGameOrder60,Safeway,Piedmont,22,11.8,5,8,mainGameOrder60+mainGameOrder57+mainGameOrder59,1.40553,mainGameOrder57+mainGameOrder59+mainGameOrder60,1.40553,0,3,bundle_correct,bundle_correct,,,0
p010,16,mainGameScenario16,Piedmont,,mainGameOrder61,Safeway,Piedmont,24,12.5,3,0,mainGameOrder62,Safeway,Piedmont,24,8.1,2,0,mainGameOrder63,Safeway,Piedmont,18,12.5,4,0,mainGameOrder64,Safeway,Piedmont,22,11.1,2,0,mainGameOrder62+mainGameOrder64,2.110092,mainGameOrder62,2.376238,0.112003,1,over_bundle,over_bundle,,,0
p010,17,mainGameScenario17,Piedmont,,mainGameOrder65,Safeway,Piedmont,19,7.4,6,0,mainGameOrder66,Sprouts Farmers Market,Oakland,22,7.5,3,5,mainGameOrder67,Sprouts Farmers Market,Oakland,17,12.75,6,5,mainGameOrder68,Sprouts Farmers Market,Oakland,13,12.75,6,5,mainGameOrder66+mainGameOrder68+mainGameOrder67,1.04,mainGameOrder66,1.419355,0.267273,1,over_bundle,over_bundle,,,0
p010,18,mainGameScenario18,Oakland,,mainGameOrder69,Sprouts Farmers Market,Oakland,14,8.25,5,0,mainGameOrder70,Sprouts Farmers Market,Oakland,13,8.25,3,0,mainGameOrder71,Sprouts Farmers Market,Oakland,22,14.25,3,0,mainGameOrder72,Sprouts Farmers Market,Oakland,19,9,4,0,mainGameOrder72,1.461538,mainGameOrder71+mainGameOrder72,1.464286,0.001876,2,bundle_correct,bundle_correct,,,0
p011,1,mainGameScenario1,Berkeley,,mainGameOrder1,Berkeley Bowl,Berkeley,22,7.8,3,0,mainGameOrder2,Berkeley Bowl,Berkeley,22,8.4,6,0,mainGameOrder3,Berkeley Bowl,Berkeley,15,9,4,0,mainGameOrder4,Sprouts Farmers Market,Oakland,18,9.75,2,10,mainGameOrder2+mainGameOrder1+mainGameOrder3,1.676136,mainGameOrder1,2.037037,0.177169,1,over_bundle,over_bundle,,,0
p011,2,mainGameScenario2,Berkeley,,mainGameOrder5,Berkeley Bowl,Berkeley,24,12,5,0,mainGameOrder6,Berkeley Bowl,Berkeley,15,11.4,4,0,mainGameOrder7,Berkeley Bowl,Berkeley,15,12,2,0,mainGameOrder8,Berkeley Bowl,Berkeley,20,7.8,3,0,mainGameOrder5+mainGameOrder8+mainGameOrder7,1.520619,mainGameOrder8,1.851852,0.178866,1,over_bundle,over_bundle,,,0
p011,3,mainGameScenario3,Berkeley,,mainGameOrder9,Berkeley Bowl,Berkeley,15,13.2,3,0,mainGameOrder10,Sprouts Farmers Market,Oakland,23,12.75,3,10,mainGameOrder11,Berkeley Bowl,Berkeley,23,12,6,0,mainGameOrder12,Berkeley Bowl,Berkeley,16,7.8,6,0,mainGameOrder12+mainGameOrder11+mainGameOrder9,1.216216,mainGameOrder11,1.277778,0.048179,1,over_bundle,over_bundle,,,0
p011,4,mainGameScenario4,Berkeley,,mainGameOrder13,Berkeley Bowl,Berkeley,17,7.2,4,0,mainGameOrder14,Berkeley Bowl,Berkeley,17,7.8,2,0,mainGameOrder15,Berkeley Bowl,Berkeley,20,12,2,0,mainGameOrder16,Berkeley Bowl,Berkeley,16,11.4,6,0,mainGameOrder15+mainGameOrder14+mainGameOrder13,1.6875,mainGameOrder14,1.734694,0.027206,1,over_bundle,over_bundle,,,0
p011,5,mainGameScenario5,Berkeley,,mainGameOrder17,Sprouts Farmers Market,Oakland,14,7.5,4,10,mainGameOrder18,Safeway,Piedmont,20,12.5,5,11,mainGameOrder19,Sprouts Farmers Market,Oakland,17,8.25,4,10,mainGameOrder20,Safeway,Piedmont,13,8.1,4,11,mainGameOrder18+mainGameOrder20,0.841837,mainGameOrder17+mainGameOrder19,0.918519,0.083484,2,bundle_correct,bundle_correct,,,0
p011,6,mainGameScenario6,Piedmont,,mainGameOrder21,Sprouts Farmers Market,Oakland,19,12,2,5,mainGameOrder22,Sprouts Farmers Market,Oakland,22,8.25,2,5,mainGameOrder23,Sprouts Farmers Market,Oakland,24,8.25,6,5,mainGameOrder24,Sprouts Farmers Market,Oakland,18,9.75,2,5,mainGameOrder23+mainGameOrder22+mainGameOrder21,1.604938,mainGameOrder22,1.442623,0,1,over_bundle,over_bundle,,,0
p011,7,mainGameScenario7,Oakland,,mainGameOrder25,Sprouts Farmers Market,Oakland,12,13.5,4,0,mainGameOrder26,Target,Emeryville,17,13.5,2,6,mainGameOrder27,Sprouts Farmers Market,Oakland,21,9,4,0,mainGameOrder28,Sprouts Farmers Market,Oakland,21,8.25,3,0,mainGameOrder28+mainGameOrder27+mainGameOrder25,1.367089,mainGameOrder28,1.866667,0.267631,1,over_bundle,over_bundle,,,0
p011,8,mainGameScenario8,Oakland,,mainGameOrder29,Sprouts Farmers Market,Oakland,17,8.25,3,0,mainGameOrder30,Sprouts Farmers Market,Oakland,15,13.5,6,0,mainGameOrder31,Sprouts Farmers Market,Oakland,15,12.75,5,0,mainGameOrder32,Sprouts Farmers Market,Oakland,14,8.25,3,0,mainGameOrder30+mainGameOrder29+mainGameOrder31,1.016216,mainGameOrder29,1.511111,0.327504,1,over_bundle,over_bundle,,,0
p011,9,mainGameScenario9,Oakland,,mainGameOrder33,Safeway,Piedmont,12,8.1,3,5,mainGameOrder34,Target,Emeryville,17,15.3,6,6,mainGameOrder35,Safeway,Piedmont,12,11.1,5,5,mainGameOrder36,Safeway,Piedmont,13,11.1,5,5,mainGameOrder33+mainGameOrder36+mainGameOrder35,0.839002,mainGameOrder33+mainGameOrder35+mainGameOrder36,0.839002,0,3,bundle_correct,bundle_correct,,,0
p011,10,mainGameScenario10,Piedmont,,mainGameOrder37,Safeway,Piedmont,14,8.1,5,0,mainGameOrder38,Safeway,Piedmont,20,8.1,6,0,mainGameOrder39,Safeway,Piedmont,19,7.4,6,0,mainGameOrder40,Safeway,Piedmont,23,11.8,2,0,mainGameOrder38+mainGameOrder39+mainGameOrder40,1.671159,mainGameOrder39+mainGameOrder40,1.673307,0.001284,2,bundle_correct,bundle_correct,,,0
p011,11,mainGameScenario11,Piedmont,,mainGameOrder41,Berkeley Bowl,Berkeley,13,7.8,2,11,mainGameOrder42,Target,Emeryville,19,7.8,2,8,mainGameOrder43,Target,Emeryville,18,8.7,5,8,mainGameOrder44,Target,Emeryville,15,13.5,3,8,mainGameOrder44+mainGameOrder43+mainGameOrder42,1.195402,mainGameOrder42+mainGameOrder43,1.20915,0.01137,2,bundle_correct,bundle_correct,,,0
p011,12,mainGameScenario12,Emeryville,,mainGameOrder45,Target,Emeryville,16,13.5,3,0,mainGameOrder46,Target,Emeryville,14,9.6,5,0,mainGameOrder47,Target,Emeryville,22,13.5,6,0,mainGameOrder48,Target,Emeryville,14,13.5,2,0,mainGameOrder47+mainGameOrder45+mainGameOrder46,1.150442,mainGameOrder45+mainGameOrder46+mainGameOrder47,1.150442,0,3,bundle_correct,bundle_correct,,,0
p011,13,mainGameScenario13,Emeryville,,mainGameOrder49,Target,Emeryville,24,11.7,2,0,mainGameOrder50,Berkeley Bowl,Berkeley,17,8.4,6,7,mainGameOrder51,Berkeley Bowl,Berkeley,14,7.8,5,7,mainGameOrder52,Target,Emeryville,12,9.6,5,0,mainGameOrder52+mainGameOrder49,1.358491,mainGameOrder49,1.751825,0.224528,1,over_bundle,over_bundle,,,0
p011,14,mainGameScenario14,Emeryville,,mainGameOrder53,Target,Emeryville,21,13.5,6,0,mainGameOrder54,Target,Emeryville,14,13.5,5,0,mainGameOrder55,Target,Emeryville,22,13.5,6,0,mainGameOrder56,Target,Emeryville,18,7.8,6,0,mainGameOrder55+mainGameOrder56+mainGameOrder53,1.26294,mainGameOrder56,1.304348,0.031746,1,over_bundle,over_bundle,,,0
p011,15,mainGameScenario15,Emeryville,,mainGameOrder57,Safeway,Piedmont,22,7.4,4,8,mainGameOrder58,Sprouts Farmers Market,Oakland,18,13.5,2,6,mainGameOrder59,Safeway,Piedmont,17,7.4,4,8,mainGameOrder60,Safeway,Piedmont,22,11.8,5,8,mainGameOrder57+mainGameOrder59+mainGameOrder60,1.40553,mainGameOrder57+mainGameOrder59+mainGameOrder60,1.40553,0,3,bundle_correct,bundle_correct,,,0
p011,16,mainGameScenario16,Piedmont,,mainGameOrder61,Safeway,Piedmont,24,12.5,3,0,mainGameOrder62,Safeway,Piedmont,24,8.1,2,0,mainGameOrder63,Safeway,Piedmont,18,12.5,4,0,mainGameOrder64,Safeway,Piedmont,22,11.1,2,0,mainGameOrder61+mainGameOrder62+mainGameOrder64,2.028986,mainGameOrder62,2.376238,0.146135,1,over_bundle,over_bundle,,,0
p012,1,mainGameScenario1,Berkeley,,mainGameOrder1,Berkeley Bowl,Berkeley,22,7.8,3,0,mainGameOrder2,Berkeley Bowl,Berkeley,22,8.4,6,0,mainGameOrder3,Berkeley Bowl,Berkeley,15,9,4,0,mainGameOrder4,Sprouts Farmers Market,Oakland,18,9.75,2,10,mainGameOrder1+mainGameOrder2+mainGameOrder3,1.676136,mainGameOrder1,2.037037,0.177169,1,over_bundle,over_bundle,,,0
p012,2,mainGameScenario2,Berkeley,,mainGameOrder5,Berkeley Bowl,Berkeley,24,12,5,0,mainGameOrder6,Berkeley Bowl,Berkeley,15,11.4,4,0,mainGameOrder7,Berkeley Bowl,Berkeley,15,12,2,0,mainGameOrder8,Berkeley Bowl,Berkeley,20,7.8,3,0,mainGameOrder5+mainGameOrder7+mainGameOrder8,1.520619,mainGameOrder8,1.851852,0.178866,1,over_bundle,over_bundle,,,0
p012,3,mainGameScenario3,Berkeley,,mainGameOrder9,Berkeley Bowl,Berkeley,15,13.2,3,0,mainGameOrder10,Sprouts Farmers Market,Oakland,23,12.75,3,10,mainGameOrder11,Berkeley Bowl,Berkeley,23,12,6,0,mainGameOrder12,Berkeley Bowl,Berkeley,16,7.8,6,0,mainGameOrder9+mainGameOrder11+mainGameOrder12,1.216216,mainGameOrder11,1.277778,0.048179,1,over_bundle,over_bundle,,,0
p012,4,mainGameScenario4,Berkeley,,mainGameOrder13,Berkeley Bowl,Berkeley,17,7.2,4,0,mainGameOrder14,Berkeley Bowl,Berkeley,17,7.8,2,0,mainGameOrder15,Berkeley Bowl,Berkeley,20,12,2,0,mainGameOrder16,Berkeley Bowl,Berkeley,16,11.4,6,0,mainGameOrder14+mainGameOrder13+mainGameOrder15,1.6875,mainGameOrder14,1.734694,0.027206,1,over_bundle,over_bundle,,,0
p012,5,mainGameScenario5,Berkeley,,mainGameOrder17,Sprouts Farmers Market,Oakland,14,7.5,4,10,mainGameOrder18,Safeway,Piedmont,20,12.5,5,11,mainGameOrder19,Sprouts Farmers Market,Oakland,17,8.25,4,10,mainGameOrder20,Safeway,Piedmont,13,8.1,4,11,mainGameOrder17+mainGameOrder19,0.918519,mainGameOrder17+mainGameOrder19,0.918519,0,2,bundle_correct,bundle_correct,,,0
p012,6,mainGameScenario6,Oakland,,mainGameOrder21,Sprouts Farmers Market,Oakland,19,12,2,0,mainGameOrder22,Sprouts Farmers Market,Oakland,22,8.25,2,0,mainGameOrder23,Sprouts Farmers Market,Oakland,24,8.25,6,0,mainGameOrder24,Sprouts Farmers Market,Oakland,18,9.75,2,0,mainGameOrder22+mainGameOrder23+mainGameOrder21,1.830986,mainGameOrder22,2.146341,0.146927,1,over_bundle,over_bundle,,,0
p012,7,mainGameScenario7,Oakland,,mainGameOrder25,Sprouts Farmers Market,Oakland,12,13.5,4,0,mainGameOrder26,Target,Emeryville,17,13.5,2,6,mainGameOrder27,Sprouts Farmers Market,Oakland,21,9,4,0,mainGameOrder28,Sprouts Farmers Market,Oakland,21,8.25,3,0,mainGameOrder27+mainGameOrder25+mainGameOrder28,1.367089,mainGameOrder28,1.866667,0.267631,1,over_bundle,over_bundle,,,0
p012,8,mainGameScenario8,Oakland,,mainGameOrder29,Sprouts Farmers Market,Oakland,17,8.25,3,0,mainGameOrder30,Sprouts Farmers Market,Oakland,15,13.5,6,0,mainGameOrder31,Sprouts Farmers Market,Oakland,15,12.75,5,0,mainGameOrder32,Sprouts Farmers Market,Oakland,14,8.25,3,0,mainGameOrder32+mainGameOrder29+mainGameOrder31,1.187097,mainGameOrder29,1.511111,0.214421,1,over_bundle,over_bundle,,,0
p012,9,mainGameScenario9,Oakland,,mainGameOrder33,Safeway,Piedmont,12,8.1,3,5,mainGameOrder34,Target,Emeryville,17,15.3,6,6,mainGameOrder35,Safeway,Piedmont,12,11.1,5,5,mainGameOrder36,Safeway,Piedmont,13,11.1,5,5,mainGameOrder33+mainGameOrder35+mainGameOrder36,0.839002,mainGameOrder33+mainGameOrder35+mainGameOrder36,0.839002,0,3,bundle_correct,bundle_correct,,,0
p012,10,mainGameScenario10,Piedmont,,mainGameOrder37,Safeway,Piedmont,14,8.1,5,0,mainGameOrder38,Safeway,Piedmont,20,8.1,6,0,mainGameOrder39,Safeway,Piedmont,19,7.4,6,0,mainGameOrder40,Safeway,Piedmont,23,11.8,2,0,mainGameOrder38+mainGameOrder39+mainGameOrder40,1.671159,mainGameOrder39+mainGameOrder40,1.673307,0.001284,2,bundle_correct,bundle_correct,,,0
p012,11,mainGameScenario11,Piedmont,,mainGameOrder41,Berkeley Bowl,Berkeley,13,7.8,2,11,mainGameOrder42,Target,Emeryville,19,7.8,2,8,mainGameOrder43,Target,Emeryville,18,8.7,5,8,mainGameOrder44,Target,Emeryville,15,13.5,3,8,mainGameOrder44+mainGameOrder43+mainGameOrder42,1.195402,mainGameOrder42+mainGameOrder43,1.20915,0.01137,2,bundle_correct,bundle_correct,,,0
p012,12,mainGameScenario12,Emeryville,,mainGameOrder45,Target,Emeryville,16,13.5,3,0,mainGameOrder46,Target,Emeryville,14,9.6,5,0,mainGameOrder47,Target,Emeryville,22,13.5,6,0,mainGameOrder48,Target,Emeryville,14,13.5,2,0,mainGameOrder47+mainGameOrder45+mainGameOrder46,1.150442,mainGameOrder45+mainGameOrder46+mainGameOrder47,1.150442,0,3,bundle_correct,bundle_correct,,,0
p012,13,mainGameScenario13,Emeryville,,mainGameOrder49,Target,Emeryville,24,11.7,2,0,mainGameOrder50,Berkeley Bowl,Berkeley,17,8.4,6,7,mainGameOrder51,Berkeley Bowl,Berkeley,14,7.8,5,7,mainGameOrder52,Target,Emeryville,12,9.6,5,0,mainGameOrder49+mainGameOrder52,1.358491,mainGameOrder49,1.751825,0.224528,1,over_bundle,over_bundle,,,0
p012,14,mainGameScenario14,Emeryville,,mainGameOrder53,Target,Emeryville,21,13.5,6,0,mainGameOrder54,Target,Emeryville,14,13.5,5,0,mainGameOrder55,Target,Emeryville,22,13.5,6,0,mainGameOrder56,Target,Emeryville,18,7.8,6,0,mainGameOrder55+mainGameOrder53+mainGameOrder56,1.26294,mainGameOrder56,1.304348,0.031746,1,over_bundle,over_bundle,,,0
p013,1,mainGameScenario1,Berkeley,,mainGameOrder1,Berkeley Bowl,Berkeley,22,7.8,3,0,mainGameOrder2,Berkeley Bowl,Berkeley,22,8.4,6,0,mainGameOrder3,Berkeley Bowl,Berkeley,15,9,4,0,mainGameOrder4,Sprouts Farmers Market,Oakland,18,9.75,2,10,mainGameOrder2+mainGameOrder1+mainGameOrder3,1.676136,mainGameOrder1,2.037037,0.177169,1,over_bundle,over_bundle,,,0
p013,2,mainGameScenario2,Berkeley,,mainGameOrder5,Berkeley Bowl,Berkeley,24,12,5,0,mainGameOrder6,Berkeley Bowl,Berkeley,15,11.4,4,0,mainGameOrder7,Berkeley Bowl,Berkeley,15,12,2,0,mainGameOrder8,Berkeley Bowl,Berkeley,20,7.8,3,0,mainGameOrder6+mainGameOrder5+mainGameOrder7,1.317073,mainGameOrder8,1.851852,0.28878,1,over_bundle,over_bundle,,,0
p013,3,mainGameScenario3,Berkeley,,mainGameOrder9,Berkeley Bowl,Berkeley,15,13.2,3,0,mainGameOrder10,Sprouts Farmers Market,Oakland,23,12.75,3,10,mainGameOrder11,Berkeley Bowl,Berkeley,23,12,6,0,mainGameOrder12,Berkeley Bowl,Berkeley,16,7.8,6,0,mainGameOrder9+mainGameOrder11+mainGameOrder12,1.216216,mainGameOrder11,1.277778,0.048179,1,over_bundle,over_bundle,,,0
p013,4,mainGameScenario4,Berkeley,,mainGameOrder13,Berkeley Bowl,Berkeley,17,7.2,4,0,mainGameOrder14,Berkeley Bowl,Berkeley,17,7.8,2,0,mainGameOrder15,Berkeley Bowl,Berkeley,20,12,2,0,mainGameOrder16,Berkeley Bowl,Berkeley,16,11.4,6,0,mainGameOrder14+mainGameOrder13+mainGameOrder15,1.6875,mainGameOrder14,1.734694,0.027206,1,over_bundle,over_bundle,,,0
p013,5,mainGameScenario5,Berkeley,,mainGameOrder17,Sprouts Farmers Market,Oakland,14,7.5,4,10,mainGameOrder18,Safeway,Piedmont,20,12.5,5,11,mainGameOrder19,Sprouts Farmers Market,Oakland,17,8.25,4,10,mainGameOrder20,Safeway,Piedmont,13,8.1,4,11,mainGameOrder17+mainGameOrder19,0.918519,mainGameOrder17+mainGameOrder19,0.918519,0,2,bundle_correct,bundle_correct,,,0
p013,6,mainGameScenario6,Oakland,,mainGameOrder21,Sprouts Farmers Market,Oakland,19,12,2,0,mainGameOrder22,Sprouts Farmers Market,Oakland,22,8.25,2,0,mainGameOrder23,Sprouts Farmers Market,Oakland,24,8.25,6,0,mainGameOrder24,Sprouts Farmers Market,Oakland,18,9.75,2,0,mainGameOrder22+mainGameOrder23+mainGameOrder21,1.830986,mainGameOrder22,2.146341,0.146927,1,over_bundle,over_bundle,,,0
p013,7,mainGameScenario7,Oakland,,mainGameOrder25,Sprouts Farmers Market,Oakland,12,13.5,4,0,mainGameOrder26,Target,Emeryville,17,13.5,2,6,mainGameOrder27,Sprouts Farmers Market,Oakland,21,9,4,0,mainGameOrder28,Sprouts Farmers Market,Oakland,21,8.25,3,0,mainGameOrder28+mainGameOrder27+mainGameOrder25,1.367089,mainGameOrder28,1.866667,0.267631,1,over_bundle,over_bundle,,,0
p013,8,mainGameScenario8,Oakland,,mainGameOrder29,Sprouts Farmers Market,Oakland,17,8.25,3,0,mainGameOrder30,Sprouts Farmers Market,Oakland,15,13.5,6,0,mainGameOrder31,Sprouts Farmers Market,Oakland,15,12.75,5,0,mainGameOrder32,Sprouts Farmers Market,Oakland,14,8.25,3,0,mainGameOrder29+mainGameOrder31+mainGameOrder32,1.187097,mainGameOrder29,1.511111,0.214421,1,over_bundle,over_bundle,,,0
p013,9,mainGameScenario9,Oakland,,mainGameOrder33,Safeway,Piedmont,12,8.1,3,5,mainGameOrder34,Target,Emeryville,17,15.3,6,6,mainGameOrder35,Safeway,Piedmont,12,11.1,5,5,mainGameOrder36,Safeway,Piedmont,13,11.1,5,5,mainGameOrder33+mainGameOrder35+mainGameOrder36,0.839002,mainGameOrder33+mainGameOrder35+mainGameOrder36,0.839002,0,3,bundle_correct,bundle_correct,,,0
p013,10,mainGameScenario10,Piedmont,,mainGameOrder37,Safeway,Piedmont,14,8.1,5,0,mainGameOrder38,Safeway,Piedmont,20,8.1,6,0,mainGameOrder39,Safeway,Piedmont,19,7.4,6,0,mainGameOrder40,Safeway,Piedmont,23,11.8,2,0,mainGameOrder40+mainGameOrder39+mainGameOrder38,1.671159,mainGameOrder39+mainGameOrder40,1.673307,0.001284,2,bundle_correct,bundle_correct,,,0
p013,11,mainGameScenario11,Piedmont,,mainGameOrder41,Berkeley Bowl,Berkeley,13,7.8,2,11,mainGameOrder42,Target,Emeryville,19,7.8,2,8,mainGameOrder43,Target,Emeryville,18,8.7,5,8,mainGameOrder44,Target,Emeryville,15,13.5,3,8,mainGameOrder42+mainGameOrder43+mainGameOrder44,1.195402,mainGameOrder42+mainGameOrder43,1.20915,0.01137,2,bundle_correct,bundle_correct,,,0
p013,12,mainGameScenario12,Emeryville,,mainGameOrder45,Target,Emeryville,16,13.5,3,0,mainGameOrder46,Target,Emeryville,14,9.6,5,0,mainGameOrder47,Target,Emeryville,22,13.5,6,0,mainGameOrder48,Target,Emeryville,14,13.5,2,0,mainGameOrder47+mainGameOrder45+mainGameOrder46,1.150442,mainGameOrder45+mainGameOrder46+mainGameOrder47,1.150442,0,3,bundle_correct,bundle_correct,,,0
p013,13,mainGameScenario13,Emeryville,,mainGameOrder49,Target,Emeryville,24,11.7,2,0,mainGameOrder50,Berkeley Bowl,Berkeley,17,8.4,6,7,mainGameOrder51,Berkeley Bowl,Berkeley,14,7.8,5,7,mainGameOrder52,Target,Emeryville,12,9.6,5,0,mainGameOrder49+mainGameOrder52,1.358491,mainGameOrder49,1.751825,0.224528,1,over_bundle,over_bundle,,,0
p013,14,mainGameScenario14,Emeryville,,mainGameOrder53,Target,Emeryville,21,13.5,6,0,mainGameOrder54,Target,Emeryville,14,13.5,5,0,mainGameOrder55,Target,Emeryville,22,13.5,6,0,mainGameOrder56,Target,Emeryville,18,7.8,6,0,mainGameOrder53+mainGameOrder55+mainGameOrder56,1.26294,mainGameOrder56,1.304348,0.031746,1,over_bundle,over_bundle,,,0
p013,15,mainGameScenario15,Emeryville,,mainGameOrder57,Safeway,Piedmont,22,7.4,4,8,mainGameOrder58,Sprouts Farmers Market,Oakland,18,13.5,2,6,mainGameOrder59,Safeway,Piedmont,17,7.4,4,8,mainGameOrder60,Safeway,Piedmont,22,11.8,5,8,mainGameOrder57+mainGameOrder59,1.358885,mainGameOrder57+mainGameOrder59+mainGameOrder60,1.40553,0.033187,3,bundle_correct,bundle_correct,,,0
p013,16,mainGameScenario16,Piedmont,,mainGameOrder61,Safeway,Piedmont,24,12.5,3,0,mainGameOrder62,Safeway,Piedmont,24,8.1,2,0,mainGameOrder63,Safeway,Piedmont,18,12.5,4,0,mainGameOrder64,Safeway,Piedmont,22,11.1,2,0,mainGameOrder62+mainGameOrder61+mainGameOrder64,2.028986,mainGameOrder62,2.376238,0.146135,1,over_bundle,over_bundle,,,0
p013,17,mainGameScenario17,Piedmont,,mainGameOrder65,Safeway,Piedmont,19,7.4,6,0,mainGameOrder66,Sprouts Farmers Market,Oakland,22,7.5,3,5,mainGameOrder67,Sprouts Farmers Market,Oakland,17,12.75,6,5,mainGameOrder68,Sprouts Farmers Market,Oakland,13,12.75,6,5,mainGameOrder66+mainGameOrder67+mainGameOrder68,1.04,mainGameOrder66,1.419355,0.267273,1,over_bundle,over_bundle,,,0
p014,1,mainGameScenario1,Berkeley,,mainGameOrder1,Berkeley Bowl,Berkeley,22,7.8,3,0,mainGameOrder2,Berkeley Bowl,Berkeley,22,8.4,6,0,mainGameOrder3,Berkeley Bowl,Berkeley,15,9,4,0,mainGameOrder4,Sprouts Farmers Market,Oakland,18,9.75,2,10,mainGameOrder1+mainGameOrder2+mainGameOrder3,1.676136,mainGameOrder1,2.037037,0.177169,1,over_bundle,over_bundle,,,0
p014,2,mainGameScenario2,Berkeley,,mainGameOrder5,Berkeley Bowl,Berkeley,24,12,5,0,mainGameOrder6,Berkeley Bowl,Berkeley,15,11.4,4,0,mainGameOrder7,Berkeley Bowl,Berkeley,15,12,2,0,mainGameOrder8,Berkeley Bowl,Berkeley,20,7.8,3,0,mainGameOrder5+mainGameOrder8+mainGameOrder7,1.520619,mainGameOrder8,1.851852,0.178866,1,over_bundle,over_bundle,,,0
p014,3,mainGameScenario3,Berkeley,,mainGameOrder9,Berkeley Bowl,Berkeley,15,13.2,3,0,mainGameOrder10,Sprouts Farmers Market,Oakland,23,12.75,3,10,mainGameOrder11,Berkeley Bowl,Berkeley,23,12,6,0,mainGameOrder12,Berkeley Bowl,Berkeley,16,7.8,6,0,mainGameOrder9+mainGameOrder11+mainGameOrder12,1.216216,mainGameOrder11,1.277778,0.048179,1,over_bundle,over_bundle,,,0
p014,4,mainGameScenario4,Berkeley,,mainGameOrder13,Berkeley Bowl,Berkeley,17,7.2,4,0,mainGameOrder14,Berkeley Bowl,Berkeley,17,7.8,2,0,mainGameOrder15,Berkeley Bowl,Berkeley,20,12,2,0,mainGameOrder16,Berkeley Bowl,Berkeley,16,11.4,6,0,mainGameOrder15+mainGameOrder13+mainGameOrder14,1.6875,mainGameOrder14,1.734694,0.027206,1,over_bundle,over_bundle,,,0
p014,5,mainGameScenario5,Berkeley,,mainGameOrder17,Sprouts Farmers Market,Oakland,14,7.5,4,10,mainGameOrder18,Safeway,Piedmont,20,12.5,5,11,mainGameOrder19,Sprouts Farmers Market,Oakland,17,8.25,4,10,mainGameOrder20,Safeway,Piedmont,13,8.1,4,11,mainGameOrder18+mainGameOrder20,0.841837,mainGameOrder17+mainGameOrder19,0.918519,0.083484,2,bundle_correct,bundle_correct,,,0
p014,6,mainGameScenario6,Piedmont,,mainGameOrder21,Sprouts Farmers Market,Oakland,19,12,2,5,mainGameOrder22,Sprouts Farmers Market,Oakland,22,8.25,2,5,mainGameOrder23,Sprouts Farmers Market,Oakland,24,8.25,6,5,mainGameOrder24,Sprouts Farmers Market,Oakland,18,9.75,2,5,mainGameOrder22+mainGameOrder21+mainGameOrder23,1.604938,mainGameOrder22,1.442623,0,1,over_bundle,over_bundle,,,0
p014,7,mainGameScenario7,Oakland,,mainGameOrder25,Sprouts Farmers Market,Oakland,12,13.5,4,0,mainGameOrder26,Target,Emeryville,17,13.5,2,6,mainGameOrder27,Sprouts Farmers Market,Oakland,21,9,4,0,mainGameOrder28,Sprouts Farmers Market,Oakland,21,8.25,3,0,mainGameOrder25+mainGameOrder27+mainGameOrder28,1.367089,mainGameOrder28,1.866667,0.267631,1,over_bundle,over_bundle,,,0
p014,8,mainGameScenario8,Oakland,,mainGameOrder29,Sprouts Farmers Market,Oakland,17,8.25,3,0,mainGameOrder30,Sprouts Farmers Market,Oakland,15,13.5,6,0,mainGameOrder31,Sprouts Farmers Market,Oakland,15,12.75,5,0,mainGameOrder32,Sprouts Farmers Market,Oakland,14,8.25,3,0,mainGameOrder29+mainGameOrder31+mainGameOrder30,1.016216,mainGameOrder29,1.511111,0.327504,1,over_bundle,over_bundle,,,0
p014,9,mainGameScenario9,Oakland,,mainGameOrder33,Safeway,Piedmont,12,8.1,3,5,mainGameOrder34,Target,Emeryville,17,15.3,6,6,mainGameOrder35,Safeway,Piedmont,12,11.1,5,5,mainGameOrder36,Safeway,Piedmont,13,11.1,5,5,mainGameOrder33+mainGameOrder35+mainGameOrder36,0.839002,mainGameOrder33+mainGameOrder35+mainGameOrder36,0.839002,0,3,bundle_correct,bundle_correct,,,0
p014,10,mainGameScenario10,Piedmont,,mainGameOrder37,Safeway,Piedmont,14,8.1,5,0,mainGameOrder38,Safeway,Piedmont,20,8.1,6,0,mainGameOrder39,Safeway,Piedmont,19,7.4,6,0,mainGameOrder40,Safeway,Piedmont,23,11.8,2,0,mainGameOrder38+mainGameOrder40+mainGameOrder39,1.671159,mainGameOrder39+mainGameOrder40,1.673307,0.001284,2,bundle_correct,bundle_correct,,,0
p014,11,mainGameScenario11,Piedmont,,mainGameOrder41,Berkeley Bowl,Berkeley,13,7.8,2,11,mainGameOrder42,Target,Emeryville,19,7.8,2,8,mainGameOrder43,Target,Emeryville,18,8.7,5,8,mainGameOrder44,Target,Emeryville,15,13.5,3,8,mainGameOrder42+mainGameOrder44+mainGameOrder43,1.195402,mainGameOrder42+mainGameOrder43,1.20915,0.01137,2,bundle_correct,bundle_correct,,,0
p014,12,mainGameScenario12,Emeryville,,mainGameOrder45,Target,Emeryville,16,13.5,3,0,mainGameOrder46,Target,Emeryville,14,9.6,5,0,mainGameOrder47,Target,Emeryville,22,13.5,6,0,mainGameOrder48,Target,Emeryville,14,13.5,2,0,mainGameOrder47+mainGameOrder45+mainGameOrder46,1.150442,mainGameOrder45+mainGameOrder46+mainGameOrder47,1.150442,0,3,bundle_correct,bundle_correct,,,0
p014,13,mainGameScenario13,Emeryville,,mainGameOrder49,Target,Emeryville,24,11.7,2,0,mainGameOrder50,Berkeley Bowl,Berkeley,17,8.4,6,7,mainGameOrder51,Berkeley Bowl,Berkeley,14,7.8,5,7,mainGameOrder52,Target,Emeryville,12,9.6,5,0,mainGameOrder49+mainGameOrder52,1.358491,mainGameOrder49,1.751825,0.224528,1,over_bundle,over_bundle,,,0
p014,14,mainGameScenario14,Emeryville,,mainGameOrder53,Target,Emeryville,21,13.5,6,0,mainGameOrder54,Target,Emeryville,14,13.5,5,0,mainGameOrder55,Target,Emeryville,22,13.5,6,0,mainGameOrder56,Target,Emeryville,18,7.8,6,0,mainGameOrder53+mainGameOrder55+mainGameOrder56,1.26294,mainGameOrder56,1.304348,0.031746,1,over_bundle,over_bundle,,,0
p014,15,mainGameScenario15,Emeryville,,mainGameOrder57,Safeway,Piedmont,22,7.4,4,8,mainGameOrder58,Sprouts Farmers Market,Oakland,18,13.5,2,6,mainGameOrder59,Safeway,Piedmont,17,7.4,4,8,mainGameOrder60,Safeway,Piedmont,22,11.8,5,8,mainGameOrder57+mainGameOrder59+mainGameOrder60,1.40553,mainGameOrder57+mainGameOrder59+mainGameOrder60,1.40553,0,3,bundle_correct,bundle_correct,,,0
p014,16,mainGameScenario16,Piedmont,,mainGameOrder61,Safeway,Piedmont,24,12.5,3,0,mainGameOrder62,Safeway,Piedmont,24,8.1,2,0,mainGameOrder63,Safeway,Piedmont,18,12.5,4,0,mainGameOrder64,Safeway,Piedmont,22,11.1,2,0,mainGameOrder61+mainGameOrder62+mainGameOrder64,2.028986,mainGameOrder62,2.376238,0.146135,1,over_bundle,over_bundle,,,0
p014,17,mainGameScenario17,Piedmont,,mainGameOrder65,Safeway,Piedmont,19,7.4,6,0,mainGameOrder66,Sprouts Farmers Market,Oakland,22,7.5,3,5,mainGameOrder67,Sprouts Farmers Market,Oakland,17,12.75,6,5,mainGameOrder68,Sprouts Farmers Market,Oakland,13,12.75,6,5,mainGameOrder68+mainGameOrder66+mainGameOrder67,1.04,mainGameOrder66,1.419355,0.267273,1,over_bundle,over_bundle,,,0
p015,1,mainGameScenario1,Berkeley,Berkeley,mainGameOrder1,Berkeley Bowl,Berkeley,22,7.8,3,0,mainGameOrder2,Berkeley Bowl,Berkeley,22,8.4,6,0,mainGameOrder3,Berkeley Bowl,Berkeley,15,9,4,0,mainGameOrder4,Sprouts Farmers Market,Oakland,18,9.75,2,10,mainGameOrder1+mainGameOrder3+mainGameOrder2,1.676136,mainGameOrder1,2.037037,0.177169,1,over_bundle,over_bundle,mainGameOrder1,,0
p015,2,mainGameScenario2,Berkeley,Berkeley,mainGameOrder5,Berkeley Bowl,Berkeley,24,12,5,0,mainGameOrder6,Berkeley Bowl,Berkeley,15,11.4,4,0,mainGameOrder7,Berkeley Bowl,Berkeley,15,12,2,0,mainGameOrder8,Berkeley Bowl,Berkeley,20,7.8,3,0,mainGameOrder8,1.851852,mainGameOrder8,1.851852,0,1,over_bundle,over_bundle,mainGameOrder8,,0
p015,3,mainGameScenario3,Berkeley,Berkeley,mainGameOrder9,Berkeley Bowl,Berkeley,15,13.2,3,0,mainGameOrder10,Sprouts Farmers Market,Oakland,23,12.75,3,10,mainGameOrder11,Berkeley Bowl,Berkeley,23,12,6,0,mainGameOrder12,Berkeley Bowl,Berkeley,16,7.8,6,0,mainGameOrder12+mainGameOrder9+mainGameOrder11,1.216216,mainGameOrder11,1.277778,0.048179,1,over_bundle,over_bundle,mainGameOrder11,,0
p015,4,mainGameScenario4,Berkeley,Berkeley,mainGameOrder13,Berkeley Bowl,Berkeley,17,7.2,4,0,mainGameOrder14,Berkeley Bowl,Berkeley,17,7.8,2,0,mainGameOrder15,Berkeley Bowl,Berkeley,20,12,2,0,mainGameOrder16,Berkeley Bowl,Berkeley,16,11.4,6,0,mainGameOrder13+mainGameOrder15+mainGameOrder16,1.358974,mainGameOrder14,1.734694,0.216591,1,over_bundle,over_bundle,mainGameOrder14,,0
p015,5,mainGameScenario5,Berkeley,Berkeley,mainGameOrder17,Sprouts Farmers Market,Oakland,14,7.5,4,10,mainGameOrder18,Safeway,Piedmont,20,12.5,5,11,mainGameOrder19,Sprouts Farmers Market,Oakland,17,8.25,4,10,mainGameOrder20,Safeway,Piedmont,13,8.1,4,11,mainGameOrder20+mainGameOrder18,0.841837,mainGameOrder17+mainGameOrder19,0.918519,0.083484,2,bundle_correct,bundle_correct,mainGameOrder17+mainGameOrder19,,0
p015,6,mainGameScenario6,Piedmont,Piedmont,mainGameOrder21,Sprouts Farmers Market,Oakland,19,12,2,5,mainGameOrder22,Sprouts Farmers Market,Oakland,22,8.25,2,5,mainGameOrder23,Sprouts Farmers Market,Oakland,24,8.25,6,5,mainGameOrder24,Sprouts Farmers Market,Oakland,18,9.75,2,5,mainGameOrder22+mainGameOrder23+mainGameOrder24,1.610063,mainGameOrder22,1.442623,0,1,over_bundle,over_bundle,mainGameOrder22,,0
p015,7,mainGameScenario7,Oakland,Oakland,mainGameOrder25,Sprouts Farmers Market,Oakland,12,13.5,4,0,mainGameOrder26,Target,Emeryville,17,13.5,2,6,mainGameOrder27,Sprouts Farmers Market,Oakland,21,9,4,0,mainGameOrder28,Sprouts Farmers Market,Oakland,21,8.25,3,0,mainGameOrder28+mainGameOrder27+mainGameOrder25,1.367089,mainGameOrder28,1.866667,0.267631,1,over_bundle,over_bundle,mainGameOrder28,,0
p015,8,mainGameScenario8,Oakland,Oakland,mainGameOrder29,Sprouts Farmers Market,Oakland,17,8.25,3,0,mainGameOrder30,Sprouts Farmers Market,Oakland,15,13.5,6,0,mainGameOrder31,Sprouts Farmers Market,Oakland,15,12.75,5,0,mainGameOrder32,Sprouts Farmers Market,Oakland,14,8.25,3,0,mainGameOrder32+mainGameOrder29,1.47619,mainGameOrder29,1.511111,0.023109,1,over_bundle,over_bundle,mainGameOrder29,,0
p015,9,mainGameScenario9,Oakland,Oakland,mainGameOrder33,Safeway,Piedmont,12,8.1,3,5,mainGameOrder34,Target,Emeryville,17,15.3,6,6,mainGameOrder35,Safeway,Piedmont,12,11.1,5,5,mainGameOrder36,Safeway,Piedmont,13,11.1,5,5,mainGameOrder36+mainGameOrder35+mainGameOrder33,0.839002,mainGameOrder33+mainGameOrder35+mainGameOrder36,0.839002,0,3,bundle_correct,bundle_correct,mainGameOrder33+mainGameOrder35+mainGameOrder36,,0
p016,1,mainGameScenario1,Berkeley,,mainGameOrder1,Berkeley Bowl,Berkeley,22,7.8,3,0,mainGameOrder2,Berkeley Bowl,Berkeley,22,8.4,6,0,mainGameOrder3,Berkeley Bowl,Berkeley,15,9,4,0,mainGameOrder4,Sprouts Farmers Market,Oakland,18,9.75,2,10,mainGameOrder1+mainGameOrder3+mainGameOrder2,1.676136,mainGameOrder1,2.037037,0.177169,1,over_bundle,over_bundle,,,0
p016,2,mainGameScenario2,Berkeley,,mainGameOrder5,Berkeley Bowl,Berkeley,24,12,5,0,mainGameOrder6,Berkeley Bowl,Berkeley,15,11.4,4,0,mainGameOrder7,Berkeley Bowl,Berkeley,15,12,2,0,mainGameOrder8,Berkeley Bowl,Berkeley,20,7.8,3,0,mainGameOrder8+mainGameOrder5+mainGameOrder7,1.520619,mainGameOrder8,1.851852,0.178866,1,over_bundle,over_bundle,,,0
p016,3,mainGameScenario3,Berkeley,,mainGameOrder9,Berkeley Bowl,Berkeley,15,13.2,3,0,mainGameOrder10,Sprouts Farmers Market,Oakland,23,12.75,3,10,mainGameOrder11,Berkeley Bowl,Berkeley,23,12,6,0,mainGameOrder12,Berkeley Bowl,Berkeley,16,7.8,6,0,mainGameOrder11+mainGameOrder12+mainGameOrder9,1.216216,mainGameOrder11,1.277778,0.048179,1,over_bundle,over_bundle,,,0
p016,4,mainGameScenario4,Berkeley,,mainGameOrder13,Berkeley Bowl,Berkeley,17,7.2,4,0,mainGameOrder14,Berkeley Bowl,Berkeley,17,7.8,2,0,mainGameOrder15,Berkeley Bowl,Berkeley,20,12,2,0,mainGameOrder16,Berkeley Bowl,Berkeley,16,11.4,6,0,mainGameOrder15+mainGameOrder14+mainGameOrder13,1.6875,mainGameOrder14,1.734694,0.027206,1,over_bundle,over_bundle,,,0
p016,5,mainGameScenario5,Berkeley,,mainGameOrder17,Sprouts Farmers Market,Oakland,14,7.5,4,10,mainGameOrder18,Safeway,Piedmont,20,12.5,5,11,mainGameOrder19,Sprouts Farmers Market,Oakland,17,8.25,4,10,mainGameOrder20,Safeway,Piedmont,13,8.1,4,11,mainGameOrder17+mainGameOrder19,0.918519,mainGameOrder17+mainGameOrder19,0.918519,0,2,bundle_correct,bundle_correct,,,0
p016,6,mainGameScenario6,Oakland,,mainGameOrder21,Sprouts Farmers Market,Oakland,19,12,2,0,mainGameOrder22,Sprouts Farmers Market,Oakland,22,8.25,2,0,mainGameOrder23,Sprouts Farmers Market,Oakland,24,8.25,6,0,mainGameOrder24,Sprouts Farmers Market,Oakland,18,9.75,2,0,mainGameOrder22+mainGameOrder23+mainGameOrder24,1.841727,mainGameOrder22,2.146341,0.141923,1,over_bundle,over_bundle,,,0
p016,7,mainGameScenario7,Oakland,,mainGameOrder25,Sprouts Farmers Market,Oakland,12,13.5,4,0,mainGameOrder26,Target,Emeryville,17,13.5,2,6,mainGameOrder27,Sprouts Farmers Market,Oakland,21,9,4,0,mainGameOrder28,Sprouts Farmers Market,Oakland,21,8.25,3,0,mainGameOrder28+mainGameOrder27,1.787234,mainGameOrder28,1.866667,0.042553,1,over_bundle,over_bundle,,,0
p016,8,mainGameScenario8,Oakland,,mainGameOrder29,Sprouts Farmers Market,Oakland,17,8.25,3,0,mainGameOrder30,Sprouts Farmers Market,Oakland,15,13.5,6,0,mainGameOrder31,Sprouts Farmers Market,Oakland,15,12.75,5,0,mainGameOrder32,Sprouts Farmers Market,Oakland,14,8.25,3,0,mainGameOrder29+mainGameOrder31+mainGameOrder32,1.187097,mainGameOrder29,1.511111,0.214421,1,over_bundle,over_bundle,,,0
p016,9,mainGameScenario9,Oakland,,mainGameOrder33,Safeway,Piedmont,12,8.1,3,5,mainGameOrder34,Target,Emeryville,17,15.3,6,6,mainGameOrder35,Safeway,Piedmont,12,11.1,5,5,mainGameOrder36,Safeway,Piedmont,13,11.1,5,5,mainGameOrder36+mainGameOrder35+mainGameOrder33,0.839002,mainGameOrder33+mainGameOrder35+mainGameOrder36,0.839002,0,3,bundle_correct,bundle_correct,,,0
p016,10,mainGameScenario10,Piedmont,,mainGameOrder37,Safeway,Piedmont,14,8.1,5,0,mainGameOrder38,Safeway,Piedmont,20,8.1,6,0,mainGameOrder39,Safeway,Piedmont,19,7.4,6,0,mainGameOrder40,Safeway,Piedmont,23,11.8,2,0,mainGameOrder38+mainGameOrder40+mainGameOrder39,1.671159,mainGameOrder39+mainGameOrder40,1.673307,0.001284,2,bundle_correct,bundle_correct,,,0
p016,11,mainGameScenario11,Piedmont,,mainGameOrder41,Berkeley Bowl,Berkeley,13,7.8,2,11,mainGameOrder42,Target,Emeryville,19,7.8,2,8,mainGameOrder43,Target,Emeryville,18,8.7,5,8,mainGameOrder44,Target,Emeryville,15,13.5,3,8,mainGameOrder42+mainGameOrder44+mainGameOrder43,1.195402,mainGameOrder42+mainGameOrder43,1.20915,0.01137,2,bundle_correct,bundle_correct,,,0
p016,12,mainGameScenario12,Emeryville,,mainGameOrder45,Target,Emeryville,16,13.5,3,0,mainGameOrder46,Target,Emeryville,14,9.6,5,0,mainGameOrder47,Target,Emeryville,22,13.5,6,0,mainGameOrder48,Target,Emeryville,14,13.5,2,0,mainGameOrder47+mainGameOrder45+mainGameOrder46,1.150442,mainGameOrder45+mainGameOrder46+mainGameOrder47,1.150442,0,3,bundle_correct,bundle_correct,,,0
p016,13,mainGameScenario13,Emeryville,,mainGameOrder49,Target,Emeryville,24,11.7,2,0,mainGameOrder50,Berkeley Bowl,Berkeley,17,8.4,6,7,mainGameOrder51,Berkeley Bowl,Berkeley,14,7.8,5,7,mainGameOrder52,Target,Emeryville,12,9.6,5,0,mainGameOrder49+mainGameOrder52,1.358491,mainGameOrder49,1.751825,0.224528,1,over_bundle,over_bundle,,,0
p016,14,mainGameScenario14,Emeryville,,mainGameOrder53,Target,Emeryville,21,13.5,6,0,mainGameOrder54,Target,Emeryville,14,13.5,5,0,mainGameOrder55,Target,Emeryville,22,13.5,6,0,mainGameOrder56,Target,Emeryville,18,7.8,6,0,mainGameOrder55+mainGameOrder53+mainGameOrder56,1.26294,mainGameOrder56,1.304348,0.031746,1,over_bundle,over_bundle,,,0
p016,15,mainGameScenario15,Emeryville,,mainGameOrder57,Safeway,Piedmont,22,7.4,4,8,mainGameOrder58,Sprouts Farmers Market,Oakland,18,13.5,2,6,mainGameOrder59,Safeway,Piedmont,17,7.4,4,8,mainGameOrder60,Safeway,Piedmont,22,11.8,5,8,mainGameOrder60+mainGameOrder57+mainGameOrder59,1.40553,mainGameOrder57+mainGameOrder59+mainGameOrder60,1.40553,0,3,bundle_correct,bundle_correct,,,0
p016,16,mainGameScenario16,Piedmont,,mainGameOrder61,Safeway,Piedmont,24,12.5,3,0,mainGameOrder62,Safeway,Piedmont,24,8.1,2,0,mainGameOrder63,Safeway,Piedmont,18,12.5,4,0,mainGameOrder64,Safeway,Piedmont,22,11.1,2,0,mainGameOrder64+mainGameOrder61+mainGameOrder62,2.028986,mainGameOrder62,2.376238,0.146135,1,over_bundle,over_bundle,,,0
p016,17,mainGameScenario17,Piedmont,,mainGameOrder65,Safeway,Piedmont,19,7.4,6,0,mainGameOrder66,Sprouts Farmers Market,Oakland,22,7.5,3,5,mainGameOrder67,Sprouts Farmers Market,Oakland,17,12.75,6,5,mainGameOrder68,Sprouts Farmers Market,Oakland,13,12.75,6,5,mainGameOrder66+mainGameOrder67+mainGameOrder68,1.04,mainGameOrder66,1.419355,0.267273,1,over_bundle,over_bundle,,,0
p017,1,mainGameScenario1,Berkeley,,mainGameOrder1,Berkeley Bowl,Berkeley,22,7.8,3,0,mainGameOrder2,Berkeley Bowl,Berkeley,22,8.4,6,0,mainGameOrder3,Berkeley Bowl,Berkeley,15,9,4,0,mainGameOrder4,Sprouts Farmers Market,Oakland,18,9.75,2,10,mainGameOrder1+mainGameOrder2,1.788618,mainGameOrder1,2.037037,0.121951,1,over_bundle,over_bundle,,,0
p017,2,mainGameScenario2,Berkeley,,mainGameOrder5,Berkeley Bowl,Berkeley,24,12,5,0,mainGameOrder6,Berkeley Bowl,Berkeley,15,11.4,4,0,mainGameOrder7,Berkeley Bowl,Berkeley,15,12,2,0,mainGameOrder8,Berkeley Bowl,Berkeley,20,7.8,3,0,mainGameOrder5+mainGameOrder8,1.654135,mainGameOrder8,1.851852,0.106767,1,over_bundle,over_bundle,,,0
p017,3,mainGameScenario3,Berkeley,,mainGameOrder9,Berkeley Bowl,Berkeley,15,13.2,3,0,mainGameOrder10,Sprouts Farmers Market,Oakland,23,12.75,3,10,mainGameOrder11,Berkeley Bowl,Berkeley,23,12,6,0,mainGameOrder12,Berkeley Bowl,Berkeley,16,7.8,6,0,mainGameOrder9+mainGameOrder11+mainGameOrder12,1.216216,mainGameOrder11,1.277778,0.048179,1,over_bundle,over_bundle,,,0
p017,4,mainGameScenario4,Berkeley,,mainGameOrder13,Berkeley Bowl,Berkeley,17,7.2,4,0,mainGameOrder14,Berkeley Bowl,Berkeley,17,7.8,2,0,mainGameOrder15,Berkeley Bowl,Berkeley,20,12,2,0,mainGameOrder16,Berkeley Bowl,Berkeley,16,11.4,6,0,mainGameOrder15+mainGameOrder14+mainGameOrder13,1.6875,mainGameOrder14,1.734694,0.027206,1,over_bundle,over_bundle,,,0
p017,5,mainGameScenario5,Berkeley,,mainGameOrder17,Sprouts Farmers Market,Oakland,14,7.5,4,10,mainGameOrder18,Safeway,Piedmont,20,12.5,5,11,mainGameOrder19,Sprouts Farmers Market,Oakland,17,8.25,4,10,mainGameOrder20,Safeway,Piedmont,13,8.1,4,11,mainGameOrder17+mainGameOrder19,0.918519,mainGameOrder17+mainGameOrder19,0.918519,0,2,bundle_correct,bundle_correct,,,0
p017,6,mainGameScenario6,Oakland,,mainGameOrder21,Sprouts Farmers Market,Oakland,19,12,2,0,mainGameOrder22,Sprouts Farmers Market,Oakland,22,8.25,2,0,mainGameOrder23,Sprouts Farmers Market,Oakland,24,8.25,6,0,mainGameOrder24,Sprouts Farmers Market,Oakland,18,9.75,2,0,mainGameOrder23+mainGameOrder24+mainGameOrder22,1.841727,mainGameOrder22,2.146341,0.141923,1,over_bundle,over_bundle,,,0
p017,7,mainGameScenario7,Oakland,,mainGameOrder25,Sprouts Farmers Market,Oakland,12,13.5,4,0,mainGameOrder26,Target,Emeryville,17,13.5,2,6,mainGameOrder27,Sprouts Farmers Market,Oakland,21,9,4,0,mainGameOrder28,Sprouts Farmers Market,Oakland,21,8.25,3,0,mainGameOrder28+mainGameOrder27,1.787234,mainGameOrder28,1.866667,0.042553,1,over_bundle,over_bundle,,,0
p017,8,mainGameScenario8,Oakland,,mainGameOrder29,Sprouts Farmers Market,Oakland,17,8.25,3,0,mainGameOrder30,Sprouts Farmers Market,Oakland,15,13.5,6,0,mainGameOrder31,Sprouts Farmers Market,Oakland,15,12.75,5,0,mainGameOrder32,Sprouts Farmers Market,Oakland,14,8.25,3,0,mainGameOrder32+mainGameOrder29,1.47619,mainGameOrder29,1.511111,0.023109,1,over_bundle,over_bundle,,,0
p017,9,mainGameScenario9,Oakland,,mainGameOrder33,Safeway,Piedmont,12,8.1,3,5,mainGameOrder34,Target,Emeryville,17,15.3,6,6,mainGameOrder35,Safeway,Piedmont,12,11.1,5,5,mainGameOrder36,Safeway,Piedmont,13,11.1,5,5,mainGameOrder33+mainGameOrder36+mainGameOrder35,0.839002,mainGameOrder33+mainGameOrder35+mainGameOrder36,0.839002,0,3,bundle_correct,bundle_correct,,,0
p017,10,mainGameScenario10,Piedmont,,mainGameOrder37,Safeway,Piedmont,14,8.1,5,0,mainGameOrder38,Safeway,Piedmont,20,8.1,6,0,mainGameOrder39,Safeway,Piedmont,19,7.4,6,0,mainGameOrder40,Safeway,Piedmont,23,11.8,2,0,mainGameOrder40+mainGameOrder38+mainGameOrder39,1.671159,mainGameOrder39+mainGameOrder40,1.673307,0.001284,2,bundle_correct,bundle_correct,,,0
p017,11,mainGameScenario11,Piedmont,,mainGameOrder41,Berkeley Bowl,Berkeley,13,7.8,2,11,mainGameOrder42,Target,Emeryville,19,7.8,2,8,mainGameOrder43,Target,Emeryville,18,8.7,5,8,mainGameOrder44,Target,Emeryville,15,13.5,3,8,mainGameOrder42+mainGameOrder43,1.20915,mainGameOrder42+mainGameOrder43,1.20915,0,2,bundle_correct,bundle_correct,,,0
p017,12,mainGameScenario12,Emeryville,,mainGameOrder45,Target,Emeryville,16,13.5,3,0,mainGameOrder46,Target,Emeryville,14,9.6,5,0,mainGameOrder47,Target,Emeryville,22,13.5,6,0,mainGameOrder48,Target,Emeryville,14,13.5,2,0,mainGameOrder47+mainGameOrder45+mainGameOrder46,1.150442,mainGameOrder45+mainGameOrder46+mainGameOrder47,1.150442,0,3,bundle_correct,bundle_correct,,,0
p017,13,mainGameScenario13,Emeryville,,mainGameOrder49,Target,Emeryville,24,11.7,2,0,mainGameOrder50,Berkeley Bowl,Berkeley,17,8.4,6,7,mainGameOrder51,Berkeley Bowl,Berkeley,14,7.8,5,7,mainGameOrder52,Target,Emeryville,12,9.6,5,0,mainGameOrder49+mainGameOrder52,1.358491,mainGameOrder49,1.751825,0.224528,1,over_bundle,over_bundle,,,0
p017,14,mainGameScenario14,Emeryville,,mainGameOrder53,Target,Emeryville,21,13.5,6,0,mainGameOrder54,Target,Emeryville,14,13.5,5,0,mainGameOrder55,Target,Emeryville,22,13.5,6,0,mainGameOrder56,Target,Emeryville,18,7.8,6,0,mainGameOrder53+mainGameOrder55+mainGameOrder56,1.26294,mainGameOrder56,1.304348,0.031746,1,over_bundle,over_bundle,,,0
p017,15,mainGameScenario15,Emeryville,,mainGameOrder57,Safeway,Piedmont,22,7.4,4,8,mainGameOrder58,Sprouts Farmers Market,Oakland,18,13.5,2,6,mainGameOrder59,Safeway,Piedmont,17,7.4,4,8,mainGameOrder60,Safeway,Piedmont,22,11.8,5,8,mainGameOrder59+mainGameOrder57+mainGameOrder60,1.40553,mainGameOrder57+mainGameOrder59+mainGameOrder60,1.40553,0,3,bundle_correct,bundle_correct,,,0
p017,16,mainGameScenario16,Piedmont,,mainGameOrder61,Safeway,Piedmont,24,12.5,3,0,mainGameOrder62,Safeway,Piedmont,24,8.1,2,0,mainGameOrder63,Safeway,Piedmont,18,12.5,4,0,mainGameOrder64,Safeway,Piedmont,22,11.1,2,0,mainGameOrder61+mainGameOrder62+mainGameOrder64,2.028986,mainGameOrder62,2.376238,0.146135,1,over_bundle,over_bundle,,,0
p017,17,mainGameScenario17,Piedmont,,mainGameOrder65,Safeway,Piedmont,19,7.4,6,0,mainGameOrder66,Sprouts Farmers Market,Oakland,22,7.5,3,5,mainGameOrder67,Sprouts Farmers Market,Oakland,17,12.75,6,5,mainGameOrder68,Sprouts Farmers Market,Oakland,13,12.75,6,5,mainGameOrder65,1.41791,mainGameOrder66,1.419355,0.001018,1,over_bundle,over_bundle,,,0
p017,18,mainGameScenario18,Piedmont,,mainGameOrder69,Sprouts Farmers Market,Oakland,14,8.25,5,5,mainGameOrder70,Sprouts Farmers Market,Oakland,13,8.25,3,5,mainGameOrder71,Sprouts Farmers Market,Oakland,22,14.25,3,5,mainGameOrder72,Sprouts Farmers Market,Oakland,19,9,4,5,mainGameOrder70+mainGameOrder72+mainGameOrder69,1.082353,mainGameOrder71+mainGameOrder72,1.242424,0.128838,2,bundle_correct,bundle_correct,,,0
p017,19,mainGameScenario19,Oakland,,mainGameOrder73,Sprouts Farmers Market,Oakland,12,12.75,5,0,mainGameOrder74,Safeway,Piedmont,17,7.4,5,5,mainGameOrder75,Sprouts Farmers Market,Oakland,18,9,3,0,mainGameOrder76,Sprouts Farmers Market,Oakland,24,14.25,2,0,mainGameOrder75+mainGameOrder76,1.486726,mainGameOrder75,1.5,0.00885,1,over_bundle,over_bundle,,,0
p018,1,mainGameScenario1,Berkeley,,mainGameOrder1,Berkeley Bowl,Berkeley,22,7.8,3,0,mainGameOrder2,Berkeley Bowl,Berkeley,22,8.4,6,0,mainGameOrder3,Berkeley Bowl,Berkeley,15,9,4,0,mainGameOrder4,Sprouts Farmers Market,Oakland,18,9.75,2,10,mainGameOrder1,2.037037,mainGameOrder1,2.037037,0,1,over_bundle,over_bundle,,,0
p018,2,mainGameScenario2,Berkeley,,mainGameOrder5,Berkeley Bowl,Berkeley,24,12,5,0,mainGameOrder6,Berkeley Bowl,Berkeley,15,11.4,4,0,mainGameOrder7,Berkeley Bowl,Berkeley,15,12,2,0,mainGameOrder8,Berkeley Bowl,Berkeley,20,7.8,3,0,mainGameOrder5+mainGameOrder6+mainGameOrder8,1.489899,mainGameOrder8,1.851852,0.195455,1,over_bundle,over_bundle,,,0
p018,3,mainGameScenario3,Berkeley,,mainGameOrder9,Berkeley Bowl,Berkeley,15,13.2,3,0,mainGameOrder10,Sprouts Farmers Market,Oakland,23,12.75,3,10,mainGameOrder11,Berkeley Bowl,Berkeley,23,12,6,0,mainGameOrder12,Berkeley Bowl,Berkeley,16,7.8,6,0,mainGameOrder9+mainGameOrder11+mainGameOrder12,1.216216,mainGameOrder11,1.277778,0.048179,1,over_bundle,over_bundle,,,0
p018,4,mainGameScenario4,Berkeley,,mainGameOrder13,Berkeley Bowl,Berkeley,17,7.2,4,0,mainGameOrder14,Berkeley Bowl,Berkeley,17,7.8,2,0,mainGameOrder15,Berkeley Bowl,Berkeley,20,12,2,0,mainGameOrder16,Berkeley Bowl,Berkeley,16,11.4,6,0,mainGameOrder15+mainGameOrder13+mainGameOrder14,1.6875,mainGameOrder14,1.734694,0.027206,1,over_bundle,over_bundle,,,0
p018,5,mainGameScenario5,Berkeley,,mainGameOrder17,Sprouts Farmers Market,Oakland,14,7.5,4,10,mainGameOrder18,Safeway,Piedmont,20,12.5,5,11,mainGameOrder19,Sprouts Farmers Market,Oakland,17,8.25,4,10,mainGameOrder20,Safeway,Piedmont,13,8.1,4,11,mainGameOrder18+mainGameOrder20,0.841837,mainGameOrder17+mainGameOrder19,0.918519,0.083484,2,bundle_correct,bundle_correct,,,0
p018,6,mainGameScenario6,Piedmont,,mainGameOrder21,Sprouts Farmers Market,Oakland,19,12,2,5,mainGameOrder22,Sprouts Farmers Market,Oakland,22,8.25,2,5,mainGameOrder23,Sprouts Farmers Market,Oakland,24,8.25,6,5,mainGameOrder24,Sprouts Farmers Market,Oakland,18,9.75,2,5,mainGameOrder23+mainGameOrder22+mainGameOrder21,1.604938,mainGameOrder22,1.442623,0,1,over_bundle,over_bundle,,,0
p018,7,mainGameScenario7,Oakland,,mainGameOrder25,Sprouts Farmers Market,Oakland,12,13.5,4,0,mainGameOrder26,Target,Emeryville,17,13.5,2,6,mainGameOrder27,Sprouts Farmers Market,Oakland,21,9,4,0,mainGameOrder28,Sprouts Farmers Market,Oakland,21,8.25,3,0,mainGameOrder25+mainGameOrder27+mainGameOrder28,1.367089,mainGameOrder28,1.866667,0.267631,1,over_bundle,over_bundle,,,0
p018,8,mainGameScenario8,Oakland,,mainGameOrder29,Sprouts Farmers Market,Oakland,17,8.25,3,0,mainGameOrder30,Sprouts Farmers Market,Oakland,15,13.5,6,0,mainGameOrder31,Sprouts Farmers Market,Oakland,15,12.75,5,0,mainGameOrder32,Sprouts Farmers Market,Oakland,14,8.25,3,0,mainGameOrder29+mainGameOrder31+mainGameOrder30,1.016216,mainGameOrder29,1.511111,0.327504,1,over_bundle,over_bundle,,,0
p018,9,mainGameScenario9,Oakland,,mainGameOrder33,Safeway,Piedmont,12,8.1,3,5,mainGameOrder34,Target,Emeryville,17,15.3,6,6,mainGameOrder35,Safeway,Piedmont,12,11.1,5,5,mainGameOrder36,Safeway,Piedmont,13,11.1,5,5,mainGameOrder33+mainGameOrder35+mainGameOrder36,0.839002,mainGameOrder33+mainGameOrder35+mainGameOrder36,0.839002,0,3,bundle_correct,bundle_correct,,,0
p018,10,mainGameScenario10,Piedmont,,mainGameOrder37,Safeway,Piedmont,14,8.1,5,0,mainGameOrder38,Safeway,Piedmont,20,8.1,6,0,mainGameOrder39,Safeway,Piedmont,19,7.4,6,0,mainGameOrder40,Safeway,Piedmont,23,11.8,2,0,mainGameOrder40+mainGameOrder38+mainGameOrder39,1.671159,mainGameOrder39+mainGameOrder40,1.673307,0.001284,2,bundle_correct,bundle_correct,,,0
p018,11,mainGameScenario11,Piedmont,,mainGameOrder41,Berkeley Bowl,Berkeley,13,7.8,2,11,mainGameOrder42,Target,Emeryville,19,7.8,2,8,mainGameOrder43,Target,Emeryville,18,8.7,5,8,mainGameOrder44,Target,Emeryville,15,13.5,3,8,mainGameOrder42+mainGameOrder43+mainGameOrder44,1.195402,mainGameOrder42+mainGameOrder43,1.20915,0.01137,2,bundle_correct,bundle_correct,,,0
p018,12,mainGameScenario12,Emeryville,,mainGameOrder45,Target,Emeryville,16,13.5,3,0,mainGameOrder46,Target,Emeryville,14,9.6,5,0,mainGameOrder47,Target,Emeryville,22,13.5,6,0,mainGameOrder48,Target,Emeryville,14,13.5,2,0,mainGameOrder47+mainGameOrder45+mainGameOrder46,1.150442,mainGameOrder45+mainGameOrder46+mainGameOrder47,1.150442,0,3,bundle_correct,bundle_correct,,,0
p018,13,mainGameScenario13,Emeryville,,mainGameOrder49,Target,Emeryville,24,11.7,2,0,mainGameOrder50,Berkeley Bowl,Berkeley,17,8.4,6,7,mainGameOrder51,Berkeley Bowl,Berkeley,14,7.8,5,7,mainGameOrder52,Target,Emeryville,12,9.6,5,0,mainGameOrder49+mainGameOrder52,1.358491,mainGameOrder49,1.751825,0.224528,1,over_bundle,over_bundle,,,0
p018,14,mainGameScenario14,Emeryville,,mainGameOrder53,Target,Emeryville,21,13.5,6,0,mainGameOrder54,Target,Emeryville,14,13.5,5,0,mainGameOrder55,Target,Emeryville,22,13.5,6,0,mainGameOrder56,Target,Emeryville,18,7.8,6,0,mainGameOrder55+mainGameOrder53+mainGameOrder56,1.26294,mainGameOrder56,1.304348,0.031746,1,over_bundle,over_bundle,,,0
p018,15,mainGameScenario15,Emeryville,,mainGameOrder57,Safeway,Piedmont,22,7.4,4,8,mainGameOrder58,Sprouts Farmers Market,Oakland,18,13.5,2,6,mainGameOrder59,Safeway,Piedmont,17,7.4,4,8,mainGameOrder60,Safeway,Piedmont,22,11.8,5,8,mainGameOrder57+mainGameOrder60,1.290323,mainGameOrder57+mainGameOrder59+mainGameOrder60,1.40553,0.081967,3,bundle_correct,bundle_correct,,,0
p018,16,mainGameScenario16,Piedmont,,mainGameOrder61,Safeway,Piedmont,24,12.5,3,0,mainGameOrder62,Safeway,Piedmont,24,8.1,2,0,mainGameOrder63,Safeway,Piedmont,18,12.5,4,0,mainGameOrder64,Safeway,Piedmont,22,11.1,2,0,mainGameOrder61,1.548387,mainGameOrder62,2.376238,0.348387,1,over_bundle,over_bundle,,,0
p019,1,mainGameScenario1,Berkeley,,mainGameOrder1,Berkeley Bowl,Berkeley,22,7.8,3,0,mainGameOrder2,Berkeley Bowl,Berkeley,22,8.4,6,0,mainGameOrder3,Berkeley Bowl,Berkeley,15,9,4,0,mainGameOrder4,Sprouts Farmers Market,Oakland,18,9.75,2,10,mainGameOrder1+mainGameOrder2+mainGameOrder3,1.676136,mainGameOrder1,2.037037,0.177169,1,over_bundle,over_bundle,,,0
p019,2,mainGameScenario2,Berkeley,,mainGameOrder5,Berkeley Bowl,Berkeley,24,12,5,0,mainGameOrder6,Berkeley Bowl,Berkeley,15,11.4,4,0,mainGameOrder7,Berkeley Bowl,Berkeley,15,12,2,0,mainGameOrder8,Berkeley Bowl,Berkeley,20,7.8,3,0,mainGameOrder5+mainGameOrder6+mainGameOrder8,1.489899,mainGameOrder8,1.851852,0.195455,1,over_bundle,over_bundle,,,0
p019,3,mainGameScenario3,Berkeley,,mainGameOrder9,Berkeley Bowl,Berkeley,15,13.2,3,0,mainGameOrder10,Sprouts Farmers Market,Oakland,23,12.75,3,10,mainGameOrder11,Berkeley Bowl,Berkeley,23,12,6,0,mainGameOrder12,Berkeley Bowl,Berkeley,16,7.8,6,0,mainGameOrder9+mainGameOrder11+mainGameOrder12,1.216216,mainGameOrder11,1.277778,0.048179,1,over_bundle,over_bundle,,,0
p019,4,mainGameScenario4,Berkeley,,mainGameOrder13,Berkeley Bowl,Berkeley,17,7.2,4,0,mainGameOrder14,Berkeley Bowl,Berkeley,17,7.8,2,0,mainGameOrder15,Berkeley Bowl,Berkeley,20,12,2,0,mainGameOrder16,Berkeley Bowl,Berkeley,16,11.4,6,0,mainGameOrder14+mainGameOrder13+mainGameOrder15,1.6875,mainGameOrder14,1.734694,0.027206,1,over_bundle,over_bundle,,,0
p019,5,mainGameScenario5,Berkeley,,mainGameOrder17,Sprouts Farmers Market,Oakland,14,7.5,4,10,mainGameOrder18,Safeway,Piedmont,20,12.5,5,11,mainGameOrder19,Sprouts Farmers Market,Oakland,17,8.25,4,10,mainGameOrder20,Safeway,Piedmont,13,8.1,4,11,mainGameOrder19+mainGameOrder17,0.918519,mainGameOrder17+mainGameOrder19,0.918519,0,2,bundle_correct,bundle_correct,,,0
p019,6,mainGameScenario6,Oakland,,mainGameOrder21,Sprouts Farmers Market,Oakland,19,12,2,0,mainGameOrder22,Sprouts Farmers Market,Oakland,22,8.25,2,0,mainGameOrder23,Sprouts Farmers Market,Oakland,24,8.25,6,0,mainGameOrder24,Sprouts Farmers Market,Oakland,18,9.75,2,0,mainGameOrder21+mainGameOrder23+mainGameOrder22,1.830986,mainGameOrder22,2.146341,0.146927,1,over_bundle,over_bundle,,,0
p019,7,mainGameScenario7,Oakland,,mainGameOrder25,Sprouts Farmers Market,Oakland,12,13.5,4,0,mainGameOrder26,Target,Emeryville,17,13.5,2,6,mainGameOrder27,Sprouts Farmers Market,Oakland,21,9,4,0,mainGameOrder28,Sprouts Farmers Market,Oakland,21,8.25,3,0,mainGameOrder25+mainGameOrder27+mainGameOrder28,1.367089,mainGameOrder28,1.866667,0.267631,1,over_bundle,over_bundle,,,0
p019,8,mainGameScenario8,Oakland,,mainGameOrder29,Sprouts Farmers Market,Oakland,17,8.25,3,0,mainGameOrder30,Sprouts Farmers Market,Oakland,15,13.5,6,0,mainGameOrder31,Sprouts Farmers Market,Oakland,15,12.75,5,0,mainGameOrder32,Sprouts Farmers Market,Oakland,14,8.25,3,0,mainGameOrder29+mainGameOrder31+mainGameOrder32,1.187097,mainGameOrder29,1.511111,0.214421,1,over_bundle,over_bundle,,,0
p019,9,mainGameScenario9,Oakland,,mainGameOrder33,Safeway,Piedmont,12,8.1,3,5,mainGameOrder34,Target,Emeryville,17,15.3,6,6,mainGameOrder35,Safeway,Piedmont,12,11.1,5,5,mainGameOrder36,Safeway,Piedmont,13,11.1,5,5,mainGameOrder36+mainGameOrder35+mainGameOrder33,0.839002,mainGameOrder33+mainGameOrder35+mainGameOrder36,0.839002,0,3,bundle_correct,bundle_correct,,,0
p019,10,mainGameScenario10,Piedmont,,mainGameOrder37,Safeway,Piedmont,14,8.1,5,0,mainGameOrder38,Safeway,Piedmont,20,8.1,6,0,mainGameOrder39,Safeway,Piedmont,19,7.4,6,0,mainGameOrder40,Safeway,Piedmont,23,11.8,2,0,mainGameOrder38+mainGameOrder39+mainGameOrder40,1.671159,mainGameOrder39+mainGameOrder40,1.673307,0.001284,2,bundle_correct,bundle_correct,,,0
p019,11,mainGameScenario11,Piedmont,,mainGameOrder41,Berkeley Bowl,Berkeley,13,7.8,2,11,mainGameOrder42,Target,Emeryville,19,7.8,2,8,mainGameOrder43,Target,Emeryville,18,8.7,5,8,mainGameOrder44,Target,Emeryville,15,13.5,3,8,mainGameOrder42+mainGameOrder43+mainGameOrder44,1.195402,mainGameOrder42+mainGameOrder43,1.20915,0.01137,2,bundle_correct,bundle_correct,,,0
p019,12,mainGameScenario12,Emeryville,,mainGameOrder45,Target,Emeryville,16,13.5,3,0,mainGameOrder46,Target,Emeryville,14,9.6,5,0,mainGameOrder47,Target,Emeryville,22,13.5,6,0,mainGameOrder48,Target,Emeryville,14,13.5,2,0,mainGameOrder46+mainGameOrder45+mainGameOrder47,1.150442,mainGameOrder45+mainGameOrder46+mainGameOrder47,1.150442,0,3,bundle_correct,bundle_correct,,,0
p019,13,mainGameScenario13,Emeryville,,mainGameOrder49,Target,Emeryville,24,11.7,2,0,mainGameOrder50,Berkeley Bowl,Berkeley,17,8.4,6,7,mainGameOrder51,Berkeley Bowl,Berkeley,14,7.8,5,7,mainGameOrder52,Target,Emeryville,12,9.6,5,0,mainGameOrder49+mainGameOrder52,1.358491,mainGameOrder49,1.751825,0.224528,1,over_bundle,over_bundle,,,0
p019,14,mainGameScenario14,Emeryville,,mainGameOrder53,Target,Emeryville,21,13.5,6,0,mainGameOrder54,Target,Emeryville,14,13.5,5,0,mainGameOrder55,Target,Emeryville,22,13.5,6,0,mainGameOrder56,Target,Emeryville,18,7.8,6,0,mainGameOrder53+mainGameOrder55+mainGameOrder56,1.26294,mainGameOrder56,1.304348,0.031746,1,over_bundle,over_bundle,,,0
p019,15,mainGameScenario15,Emeryville,,mainGameOrder57,Safeway,Piedmont,22,7.4,4,8,mainGameOrder58,Sprouts Farmers Market,Oakland,18,13.5,2,6,mainGameOrder59,Safeway,Piedmont,17,7.4,4,8,mainGameOrder60,Safeway,Piedmont,22,11.8,5,8,mainGameOrder57+mainGameOrder59+mainGameOrder60,1.40553,mainGameOrder57+mainGameOrder59+mainGameOrder60,1.40553,0,3,bundle_correct,bundle_correct,,,0
p019,16,mainGameScenario16,Piedmont,,mainGameOrder61,Safeway,Piedmont,24,12.5,3,0,mainGameOrder62,Safeway,Piedmont,24,8.1,2,0,mainGameOrder63,Safeway,Piedmont,18,12.5,4,0,mainGameOrder64,Safeway,Piedmont,22,11.1,2,0,mainGameOrder62+mainGameOrder61+mainGameOrder64,2.028986,mainGameOrder62,2.376238,0.146135,1,over_bundle,over_bundle,,,0
p019,17,mainGameScenario17,Piedmont,,mainGameOrder65,Safeway,Piedmont,19,7.4,6,0,mainGameOrder66,Sprouts Farmers Market,Oakland,22,7.5,3,5,mainGameOrder67,Sprouts Farmers Market,Oakland,17,12.75,6,5,mainGameOrder68,Sprouts Farmers Market,Oakland,13,12.75,6,5,mainGameOrder65,1.41791,mainGameOrder66,1.419355,0.001018,1,over_bundle,over_bundle,,,0
p020,1,mainGameScenario1,Berkeley,,mainGameOrder1,Berkeley Bowl,Berkeley,22,7.8,3,0,mainGameOrder2,Berkeley Bowl,Berkeley,22,8.4,6,0,mainGameOrder3,Berkeley Bowl,Berkeley,15,9,4,0,mainGameOrder4,Sprouts Farmers Market,Oakland,18,9.75,2,10,mainGameOrder1+mainGameOrder3+mainGameOrder2,1.676136,mainGameOrder1,2.037037,0.177169,1,over_bundle,over_bundle,,,0
p020,2,mainGameScenario2,Berkeley,,mainGameOrder5,Berkeley Bowl,Berkeley,24,12,5,0,mainGameOrder6,Berkeley Bowl,Berkeley,15,11.4,4,0,mainGameOrder7,Berkeley Bowl,Berkeley,15,12,2,0,mainGameOrder8,Berkeley Bowl,Berkeley,20,7.8,3,0,mainGameOrder8+mainGameOrder5+mainGameOrder6,1.489899,mainGameOrder8,1.851852,0.195455,1,over_bundle,over_bundle,,,0
p020,3,mainGameScenario3,Berkeley,,mainGameOrder9,Berkeley Bowl,Berkeley,15,13.2,3,0,mainGameOrder10,Sprouts Farmers Market,Oakland,23,12.75,3,10,mainGameOrder11,Berkeley Bowl,Berkeley,23,12,6,0,mainGameOrder12,Berkeley Bowl,Berkeley,16,7.8,6,0,mainGameOrder9+mainGameOrder11+mainGameOrder12,1.216216,mainGameOrder11,1.277778,0.048179,1,over_bundle,over_bundle,,,0
p020,4,mainGameScenario4,Berkeley,,mainGameOrder13,Berkeley Bowl,Berkeley,17,7.2,4,0,mainGameOrder14,Berkeley Bowl,Berkeley,17,7.8,2,0,mainGameOrder15,Berkeley Bowl,Berkeley,20,12,2,0,mainGameOrder16,Berkeley Bowl,Berkeley,16,11.4,6,0,mainGameOrder14+mainGameOrder13+mainGameOrder15,1.6875,mainGameOrder14,1.734694,0.027206,1,over_bundle,over_bundle,,,0
p020,5,mainGameScenario5,Berkeley,,mainGameOrder17,Sprouts Farmers Market,Oakland,14,7.5,4,10,mainGameOrder18,Safeway,Piedmont,20,12.5,5,11,mainGameOrder19,Sprouts Farmers Market,Oakland,17,8.25,4,10,mainGameOrder20,Safeway,Piedmont,13,8.1,4,11,mainGameOrder17+mainGameOrder19,0.918519,mainGameOrder17+mainGameOrder19,0.918519,0,2,bundle_correct,bundle_correct,,,0
p020,6,mainGameScenario6,Oakland,,mainGameOrder21,Sprouts Farmers Market,Oakland,19,12,2,0,mainGameOrder22,Sprouts Farmers Market,Oakland,22,8.25,2,0,mainGameOrder23,Sprouts Farmers Market,Oakland,24,8.25,6,0,mainGameOrder24,Sprouts Farmers Market,Oakland,18,9.75,2,0,mainGameOrder23+mainGameOrder22+mainGameOrder21,1.830986,mainGameOrder22,2.146341,0.146927,1,over_bundle,over_bundle,,,0
p020,7,mainGameScenario7,Oakland,,mainGameOrder25,Sprouts Farmers Market,Oakland,12,13.5,4,0,mainGameOrder26,Target,Emeryville,17,13.5,2,6,mainGameOrder27,Sprouts Farmers Market,Oakland,21,9,4,0,mainGameOrder28,Sprouts Farmers Market,Oakland,21,8.25,3,0,mainGameOrder25+mainGameOrder27+mainGameOrder28,1.367089,mainGameOrder28,1.866667,0.267631,1,over_bundle,over_bundle,,,0
p020,8,mainGameScenario8,Oakland,,mainGameOrder29,Sprouts Farmers Market,Oakland,17,8.25,3,0,mainGameOrder30,Sprouts Farmers Market,Oakland,15,13.5,6,0,mainGameOrder31,Sprouts Farmers Market,Oakland,15,12.75,5,0,mainGameOrder32,Sprouts Farmers Market,Oakland,14,8.25,3,0,mainGameOrder29+mainGameOrder31+mainGameOrder32,1.187097,mainGameOrder29,1.511111,0.214421,1,over_bundle,over_bundle,,,0
p020,9,mainGameScenario9,Oakland,,mainGameOrder33,Safeway,Piedmont,12,8.1,3,5,mainGameOrder34,Target,Emeryville,17,15.3,6,6,mainGameOrder35,Safeway,Piedmont,12,11.1,5,5,mainGameOrder36,Safeway,Piedmont,13,11.1,5,5,mainGameOrder35+mainGameOrder36+mainGameOrder33,0.839002,mainGameOrder33+mainGameOrder35+mainGameOrder36,0.839002,0,3,bundle_correct,bundle_correct,,,0
p020,10,mainGameScenario10,Piedmont,,mainGameOrder37,Safeway,Piedmont,14,8.1,5,0,mainGameOrder38,Safeway,Piedmont,20,8.1,6,0,mainGameOrder39,Safeway,Piedmont,19,7.4,6,0,mainGameOrder40,Safeway,Piedmont,23,11.8,2,0,mainGameOrder37+mainGameOrder38+mainGameOrder39,1.402116,mainGameOrder39+mainGameOrder40,1.673307,0.162069,2,bundle_correct,bundle_correct,,,0
p020,11,mainGameScenario11,Piedmont,,mainGameOrder41,Berkeley Bowl,Berkeley,13,7.8,2,11,mainGameOrder42,Target,Emeryville,19,7.8,2,8,mainGameOrder43,Target,Emeryville,18,8.7,5,8,mainGameOrder44,Target,Emeryville,15,13.5,3,8,mainGameOrder42+mainGameOrder44+mainGameOrder43,1.195402,mainGameOrder42+mainGameOrder43,1.20915,0.01137,2,bundle_correct,bundle_correct,,,0
p020,12,mainGameScenario12,Emeryville,,mainGameOrder45,Target,Emeryville,16,13.5,3,0,mainGameOrder46,Target,Emeryville,14,9.6,5,0,mainGameOrder47,Target,Emeryville,22,13.5,6,0,mainGameOrder48,Target,Emeryville,14,13.5,2,0,mainGameOrder47+mainGameOrder46+mainGameOrder45,1.150442,mainGameOrder45+mainGameOrder46+mainGameOrder47,1.150442,0,3,bundle_correct,bundle_correct,,,0
p020,13,mainGameScenario13,Emeryville,,mainGameOrder49,Target,Emeryville,24,11.7,2,0,mainGameOrder50,Berkeley Bowl,Berkeley,17,8.4,6,7,mainGameOrder51,Berkeley Bowl,Berkeley,14,7.8,5,7,mainGameOrder52,Target,Emeryville,12,9.6,5,0,mainGameOrder52+mainGameOrder49,1.358491,mainGameOrder49,1.751825,0.224528,1,over_bundle,over_bundle,,,0
p021,1,mainGameScenario1,Berkeley,,mainGameOrder1,Berkeley Bowl,Berkeley,22,7.8,3,0,mainGameOrder2,Berkeley Bowl,Berkeley,22,8.4,6,0,mainGameOrder3,Berkeley Bowl,Berkeley,15,9,4,0,mainGameOrder4,Sprouts Farmers Market,Oakland,18,9.75,2,10,mainGameOrder2+mainGameOrder1+mainGameOrder3,1.676136,mainGameOrder1,2.037037,0.177169,1,over_bundle,over_bundle,,,0
p021,2,mainGameScenario2,Berkeley,,mainGameOrder5,Berkeley Bowl,Berkeley,24,12,5,0,mainGameOrder6,Berkeley Bowl,Berkeley,15,11.4,4,0,mainGameOrder7,Berkeley Bowl,Berkeley,15,12,2,0,mainGameOrder8,Berkeley Bowl,Berkeley,20,7.8,3,0,mainGameOrder6+mainGameOrder5+mainGameOrder8,1.489899,mainGameOrder8,1.851852,0.195455,1,over_bundle,over_bundle,,,0
p021,3,mainGameScenario3,Berkeley,,mainGameOrder9,Berkeley Bowl,Berkeley,15,13.2,3,0,mainGameOrder10,Sprouts Farmers Market,Oakland,23,12.75,3,10,mainGameOrder11,Berkeley Bowl,Berkeley,23,12,6,0,mainGameOrder12,Berkeley Bowl,Berkeley,16,7.8,6,0,mainGameOrder9+mainGameOrder11+mainGameOrder12,1.216216,mainGameOrder11,1.277778,0.048179,1,over_bundle,over_bundle,,,0
p021,4,mainGameScenario4,Berkeley,,mainGameOrder13,Berkeley Bowl,Berkeley,17,7.2,4,0,mainGameOrder14,Berkeley Bowl,Berkeley,17,7.8,2,0,mainGameOrder15,Berkeley Bowl,Berkeley,20,12,2,0,mainGameOrder16,Berkeley Bowl,Berkeley,16,11.4,6,0,mainGameOrder15+mainGameOrder14+mainGameOrder13,1.6875,mainGameOrder14,1.734694,0.027206,1,over_bundle,over_bundle,,,0
p021,5,mainGameScenario5,Berkeley,,mainGameOrder17,Sprouts Farmers Market,Oakland,14,7.5,4,10,mainGameOrder18,Safeway,Piedmont,20,12.5,5,11,mainGameOrder19,Sprouts Farmers Market,Oakland,17,8.25,4,10,mainGameOrder20,Safeway,Piedmont,13,8.1,4,11,mainGameOrder17+mainGameOrder19,0.918519,mainGameOrder17+mainGameOrder19,0.918519,0,2,bundle_correct,bundle_correct,,,0
p021,6,mainGameScenario6,Oakland,,mainGameOrder21,Sprouts Farmers Market,Oakland,19,12,2,0,mainGameOrder22,Sprouts Farmers Market,Oakland,22,8.25,2,0,mainGameOrder23,Sprouts Farmers Market,Oakland,24,8.25,6,0,mainGameOrder24,Sprouts Farmers Market,Oakland,18,9.75,2,0,mainGameOrder22+mainGameOrder23+mainGameOrder24,1.841727,mainGameOrder22,2.146341,0.141923,1,over_bundle,over_bundle,,,0
p021,7,mainGameScenario7,Oakland,,mainGameOrder25,Sprouts Farmers Market,Oakland,12,13.5,4,0,mainGameOrder26,Target,Emeryville,17,13.5,2,6,mainGameOrder27,Sprouts Farmers Market,Oakland,21,9,4,0,mainGameOrder28,Sprouts Farmers Market,Oakland,21,8.25,3,0,mainGameOrder27+mainGameOrder28,1.787234,mainGameOrder28,1.866667,0.042553,1,over_bundle,over_bundle,,,0
p021,8,mainGameScenario8,Oakland,,mainGameOrder29,Sprouts Farmers Market,Oakland,17,8.25,3,0,mainGameOrder30,Sprouts Farmers Market,Oakland,15,13.5,6,0,mainGameOrder31,Sprouts Farmers Market,Oakland,15,12.75,5,0,mainGameOrder32,Sprouts Farmers Market,Oakland,14,8.25,3,0,mainGameOrder29+mainGameOrder30+mainGameOrder31,1.016216,mainGameOrder29,1.511111,0.327504,1,over_bundle,over_bundle,,,0
p021,9,mainGameScenario9,Oakland,,mainGameOrder33,Safeway,Piedmont,12,8.1,3,5,mainGameOrder34,Target,Emeryville,17,15.3,6,6,mainGameOrder35,Safeway,Piedmont,12,11.1,5,5,mainGameOrder36,Safeway,Piedmont,13,11.1,5,5,mainGameOrder33+mainGameOrder35+mainGameOrder36,0.839002,mainGameOrder33+mainGameOrder35+mainGameOrder36,0.839002,0,3,bundle_correct,bundle_correct,,,0
p021,10,mainGameScenario10,Piedmont,,mainGameOrder37,Safeway,Piedmont,14,8.1,5,0,mainGameOrder38,Safeway,Piedmont,20,8.1,6,0,mainGameOrder39,Safeway,Piedmont,19,7.4,6,0,mainGameOrder40,Safeway,Piedmont,23,11.8,2,0,mainGameOrder38+mainGameOrder39+mainGameOrder40,1.671159,mainGameOrder39+mainGameOrder40,1.673307,0.001284,2,bundle_correct,bundle_correct,,,0
p021,11,mainGameScenario11,Piedmont,,mainGameOrder41,Berkeley Bowl,Berkeley,13,7.8,2,11,mainGameOrder42,Target,Emeryville,19,7.8,2,8,mainGameOrder43,Target,Emeryville,18,8.7,5,8,mainGameOrder44,Target,Emeryville,15,13.5,3,8,mainGameOrder43+mainGameOrder44+mainGameOrder42,1.195402,mainGameOrder42+mainGameOrder43,1.20915,0.01137,2,bundle_correct,bundle_correct,,,0
p021,12,mainGameScenario12,Emeryville,,mainGameOrder45,Target,Emeryville,16,13.5,3,0,mainGameOrder46,Target,Emeryville,14,9.6,5,0,mainGameOrder47,Target,Emeryville,22,13.5,6,0,mainGameOrder48,Target,Emeryville,14,13.5,2,0,mainGameOrder45+mainGameOrder47+mainGameOrder46,1.150442,mainGameOrder45+mainGameOrder46+mainGameOrder47,1.150442,0,3,bundle_correct,bundle_correct,,,0
p021,13,mainGameScenario13,Emeryville,,mainGameOrder49,Target,Emeryville,24,11.7,2,0,mainGameOrder50,Berkeley Bowl,Berkeley,17,8.4,6,7,mainGameOrder51,Berkeley Bowl,Berkeley,14,7.8,5,7,mainGameOrder52,Target,Emeryville,12,9.6,5,0,mainGameOrder49+mainGameOrder52,1.358491,mainGameOrder49,1.751825,0.224528,1,over_bundle,over_bundle,,,0
p021,14,mainGameScenario14,Emeryville,,mainGameOrder53,Target,Emeryville,21,13.5,6,0,mainGameOrder54,Target,Emeryville,14,13.5,5,0,mainGameOrder55,Target,Emeryville,22,13.5,6,0,mainGameOrder56,Target,Emeryville,18,7.8,6,0,mainGameOrder53+mainGameOrder55+mainGameOrder56,1.26294,mainGameOrder56,1.304348,0.031746,1,over_bundle,over_bundle,,,0
p021,15,mainGameScenario15,Emeryville,,mainGameOrder57,Safeway,Piedmont,22,7.4,4,8,mainGameOrder58,Sprouts Farmers Market,Oakland,18,13.5,2,6,mainGameOrder59,Safeway,Piedmont,17,7.4,4,8,mainGameOrder60,Safeway,Piedmont,22,11.8,5,8,mainGameOrder59+mainGameOrder57+mainGameOrder60,1.40553,mainGameOrder57+mainGameOrder59+mainGameOrder60,1.40553,0,3,bundle_correct,bundle_correct,,,0
p021,16,mainGameScenario16,Piedmont,,mainGameOrder61,Safeway,Piedmont,24,12.5,3,0,mainGameOrder62,Safeway,Piedmont,24,8.1,2,0,mainGameOrder63,Safeway,Piedmont,18,12.5,4,0,mainGameOrder64,Safeway,Piedmont,22,11.1,2,0,mainGameOrder61+mainGameOrder64+mainGameOrder62,2.028986,mainGameOrder62,2.376238,0.146135,1,over_bundle,over_bundle,,,0
p021,17,mainGameScenario17,Piedmont,,mainGameOrder65,Safeway,Piedmont,19,7.4,6,0,mainGameOrder66,Sprouts Farmers Market,Oakland,22,7.5,3,5,mainGameOrder67,Sprouts Farmers Market,Oakland,17,12.75,6,5,mainGameOrder68,Sprouts Farmers Market,Oakland,13,12.75,6,5,mainGameOrder67+mainGameOrder66,1.164179,mainGameOrder66,1.419355,0.179783,1,over_bundle,over_bundle,,,0
p021,18,mainGameScenario18,Oakland,,mainGameOrder69,Sprouts Farmers Market,Oakland,14,8.25,5,0,mainGameOrder70,Sprouts Farmers Market,Oakland,13,8.25,3,0,mainGameOrder71,Sprouts Farmers Market,Oakland,22,14.25,3,0,mainGameOrder72,Sprouts Farmers Market,Oakland,19,9,4,0,mainGameOrder72+mainGameOrder71+mainGameOrder70,1.375796,mainGameOrder71+mainGameOrder72,1.464286,0.060432,2,bundle_correct,bundle_correct,,,0
p022,1,mainGameScenario1,Berkeley,,mainGameOrder1,Berkeley Bowl,Berkeley,22,7.8,3,0,mainGameOrder2,Berkeley Bowl,Berkeley,22,8.4,6,0,mainGameOrder3,Berkeley Bowl,Berkeley,15,9,4,0,mainGameOrder4,Sprouts Farmers Market,Oakland,18,9.75,2,10,mainGameOrder1+mainGameOrder2+mainGameOrder3,1.676136,mainGameOrder1,2.037037,0.177169,1,over_bundle,over_bundle,,,0
p022,2,mainGameScenario2,Berkeley,,mainGameOrder5,Berkeley Bowl,Berkeley,24,12,5,0,mainGameOrder6,Berkeley Bowl,Berkeley,15,11.4,4,0,mainGameOrder7,Berkeley Bowl,Berkeley,15,12,2,0,mainGameOrder8,Berkeley Bowl,Berkeley,20,7.8,3,0,mainGameOrder5+mainGameOrder8+mainGameOrder6,1.489899,mainGameOrder8,1.851852,0.195455,1,over_bundle,over_bundle,,,0
p022,3,mainGameScenario3,Berkeley,,mainGameOrder9,Berkeley Bowl,Berkeley,15,13.2,3,0,mainGameOrder10,Sprouts Farmers Market,Oakland,23,12.75,3,10,mainGameOrder11,Berkeley Bowl,Berkeley,23,12,6,0,mainGameOrder12,Berkeley Bowl,Berkeley,16,7.8,6,0,mainGameOrder11+mainGameOrder9+mainGameOrder12,1.216216,mainGameOrder11,1.277778,0.048179,1,over_bundle,over_bundle,,,0
p022,4,mainGameScenario4,Berkeley,,mainGameOrder13,Berkeley Bowl,Berkeley,17,7.2,4,0,mainGameOrder14,Berkeley Bowl,Berkeley,17,7.8,2,0,mainGameOrder15,Berkeley Bowl,Berkeley,20,12,2,0,mainGameOrder16,Berkeley Bowl,Berkeley,16,11.4,6,0,mainGameOrder15+mainGameOrder13+mainGameOrder14,1.6875,mainGameOrder14,1.734694,0.027206,1,over_bundle,over_bundle,,,0
p022,5,mainGameScenario5,Berkeley,,mainGameOrder17,Sprouts Farmers Market,Oakland,14,7.5,4,10,mainGameOrder18,Safeway,Piedmont,20,12.5,5,11,mainGameOrder19,Sprouts Farmers Market,Oakland,17,8.25,4,10,mainGameOrder20,Safeway,Piedmont,13,8.1,4,11,mainGameOrder18+mainGameOrder20,0.841837,mainGameOrder17+mainGameOrder19,0.918519,0.083484,2,bundle_correct,bundle_correct,,,0
p022,6,mainGameScenario6,Piedmont,,mainGameOrder21,Sprouts Farmers Market,Oakland,19,12,2,5,mainGameOrder22,Sprouts Farmers Market,Oakland,22,8.25,2,5,mainGameOrder23,Sprouts Farmers Market,Oakland,24,8.25,6,5,mainGameOrder24,Sprouts Farmers Market,Oakland,18,9.75,2,5,mainGameOrder23+mainGameOrder22+mainGameOrder21,1.604938,mainGameOrder22,1.442623,0,1,over_bundle,over_bundle,,,0
p022,7,mainGameScenario7,Oakland,,mainGameOrder25,Sprouts Farmers Market,Oakland,12,13.5,4,0,mainGameOrder26,Target,Emeryville,17,13.5,2,6,mainGameOrder27,Sprouts Farmers Market,Oakland,21,9,4,0,mainGameOrder28,Sprouts Farmers Market,Oakland,21,8.25,3,0,mainGameOrder25+mainGameOrder27+mainGameOrder28,1.367089,mainGameOrder28,1.866667,0.267631,1,over_bundle,over_bundle,,,0
p022,8,mainGameScenario8,Oakland,,mainGameOrder29,Sprouts Farmers Market,Oakland,17,8.25,3,0,mainGameOrder30,Sprouts Farmers Market,Oakland,15,13.5,6,0,mainGameOrder31,Sprouts Farmers Market,Oakland,15,12.75,5,0,mainGameOrder32,Sprouts Farmers Market,Oakland,14,8.25,3,0,mainGameOrder29+mainGameOrder31+mainGameOrder30,1.016216,mainGameOrder29,1.511111,0.327504,1,over_bundle,over_bundle,,,0
p022,9,mainGameScenario9,Oakland,,mainGameOrder33,Safeway,Piedmont,12,8.1,3,5,mainGameOrder34,Target,Emeryville,17,15.3,6,6,mainGameOrder35,Safeway,Piedmont,12,11.1,5,5,mainGameOrder36,Safeway,Piedmont,13,11.1,5,5,mainGameOrder33+mainGameOrder35+mainGameOrder36,0.839002,mainGameOrder33+mainGameOrder35+mainGameOrder36,0.839002,0,3,bundle_correct,bundle_correct,,,0
p022,10,mainGameScenario10,Piedmont,,mainGameOrder37,Safeway,Piedmont,14,8.1,5,0,mainGameOrder38,Safeway,Piedmont,20,8.1,6,0,mainGameOrder39,Safeway,Piedmont,19,7.4,6,0,mainGameOrder40,Safeway,Piedmont,23,11.8,2,0,mainGameOrder40+mainGameOrder38+mainGameOrder39,1.671159,mainGameOrder39+mainGameOrder40,1.673307,0.001284,2,bundle_correct,bundle_correct,,,0
p022,11,mainGameScenario11,Piedmont,,mainGameOrder41,Berkeley Bowl,Berkeley,13,7.8,2,11,mainGameOrder42,Target,Emeryville,19,7.8,2,8,mainGameOrder43,Target,Emeryville,18,8.7,5,8,mainGameOrder44,Target,Emeryville,15,13.5,3,8,mainGameOrder43+mainGameOrder42+mainGameOrder44,1.195402,mainGameOrder42+mainGameOrder43,1.20915,0.01137,2,bundle_correct,bundle_correct,,,0
p022,12,mainGameScenario12,Emeryville,,mainGameOrder45,Target,Emeryville,16,13.5,3,0,mainGameOrder46,Target,Emeryville,14,9.6,5,0,mainGameOrder47,Target,Emeryville,22,13.5,6,0,mainGameOrder48,Target,Emeryville,14,13.5,2,0,mainGameOrder47+mainGameOrder45+mainGameOrder48,1.150442,mainGameOrder45+mainGameOrder46+mainGameOrder47,1.150442,0,3,bundle_correct,bundle_correct,,,0
p022,13,mainGameScenario13,Emeryville,,mainGameOrder49,Target,Emeryville,24,11.7,2,0,mainGameOrder50,Berkeley Bowl,Berkeley,17,8.4,6,7,mainGameOrder51,Berkeley Bowl,Berkeley,14,7.8,5,7,mainGameOrder52,Target,Emeryville,12,9.6,5,0,mainGameOrder49+mainGameOrder52,1.358491,mainGameOrder49,1.751825,0.224528,1,over_bundle,over_bundle,,,0
p022,14,mainGameScenario14,Emeryville,,mainGameOrder53,Target,Emeryville,21,13.5,6,0,mainGameOrder54,Target,Emeryville,14,13.5,5,0,mainGameOrder55,Target,Emeryville,22,13.5,6,0,mainGameOrder56,Target,Emeryville,18,7.8,6,0,mainGameOrder55+mainGameOrder53+mainGameOrder56,1.26294,mainGameOrder56,1.304348,0.031746,1,over_bundle,over_bundle,,,0
p022,15,mainGameScenario15,Emeryville,,mainGameOrder57,Safeway,Piedmont,22,7.4,4,8,mainGameOrder58,Sprouts Farmers Market,Oakland,18,13.5,2,6,mainGameOrder59,Safeway,Piedmont,17,7.4,4,8,mainGameOrder60,Safeway,Piedmont,22,11.8,5,8,mainGameOrder60+mainGameOrder57+mainGameOrder59,1.40553,mainGameOrder57+mainGameOrder59+mainGameOrder60,1.40553,0,3,bundle_correct,bundle_correct,,,0
p023,1,mainGameScenario1,Berkeley,,mainGameOrder1,Berkeley Bowl,Berkeley,22,7.8,3,0,mainGameOrder2,Berkeley Bowl,Berkeley,22,8.4,6,0,mainGameOrder3,Berkeley Bowl,Berkeley,15,9,4,0,mainGameOrder4,Sprouts Farmers Market,Oakland,18,9.75,2,10,mainGameOrder1+mainGameOrder2+mainGameOrder3,1.676136,mainGameOrder1,2.037037,0.177169,1,over_bundle,over_bundle,,,0
p023,2,mainGameScenario2,Berkeley,,mainGameOrder5,Berkeley Bowl,Berkeley,24,12,5,0,mainGameOrder6,Berkeley Bowl,Berkeley,15,11.4,4,0,mainGameOrder7,Berkeley Bowl,Berkeley,15,12,2,0,mainGameOrder8,Berkeley Bowl,Berkeley,20,7.8,3,0,mainGameOrder8+mainGameOrder6+mainGameOrder5,1.489899,mainGameOrder8,1.851852,0.195455,1,over_bundle,over_bundle,,,0
p023,3,mainGameScenario3,Berkeley,,mainGameOrder9,Berkeley Bowl,Berkeley,15,13.2,3,0,mainGameOrder10,Sprouts Farmers Market,Oakland,23,12.75,3,10,mainGameOrder11,Berkeley Bowl,Berkeley,23,12,6,0,mainGameOrder12,Berkeley Bowl,Berkeley,16,7.8,6,0,mainGameOrder9+mainGameOrder11+mainGameOrder12,1.216216,mainGameOrder11,1.277778,0.048179,1,over_bundle,over_bundle,,,0
p023,4,mainGameScenario4,Berkeley,,mainGameOrder13,Berkeley Bowl,Berkeley,17,7.2,4,0,mainGameOrder14,Berkeley Bowl,Berkeley,17,7.8,2,0,mainGameOrder15,Berkeley Bowl,Berkeley,20,12,2,0,mainGameOrder16,Berkeley Bowl,Berkeley,16,11.4,6,0,mainGameOrder15+mainGameOrder13+mainGameOrder14,1.6875,mainGameOrder14,1.734694,0.027206,1,over_bundle,over_bundle,,,0
p023,5,mainGameScenario5,Berkeley,,mainGameOrder17,Sprouts Farmers Market,Oakland,14,7.5,4,10,mainGameOrder18,Safeway,Piedmont,20,12.5,5,11,mainGameOrder19,Sprouts Farmers Market,Oakland,17,8.25,4,10,mainGameOrder20,Safeway,Piedmont,13,8.1,4,11,mainGameOrder18+mainGameOrder20,0.841837,mainGameOrder17+mainGameOrder19,0.918519,0.083484,2,bundle_correct,bundle_correct,,,0
p023,6,mainGameScenario6,Piedmont,,mainGameOrder21,Sprouts Farmers Market,Oakland,19,12,2,5,mainGameOrder22,Sprouts Farmers Market,Oakland,22,8.25,2,5,mainGameOrder23,Sprouts Farmers Market,Oakland,24,8.25,6,5,mainGameOrder24,Sprouts Farmers Market,Oakland,18,9.75,2,5,mainGameOrder22+mainGameOrder23+mainGameOrder21,1.604938,mainGameOrder22,1.442623,0,1,over_bundle,over_bundle,,,0
p023,7,mainGameScenario7,Oakland,,mainGameOrder25,Sprouts Farmers Market,Oakland,12,13.5,4,0,mainGameOrder26,Target,Emeryville,17,13.5,2,6,mainGameOrder27,Sprouts Farmers Market,Oakland,21,9,4,0,mainGameOrder28,Sprouts Farmers Market,Oakland,21,8.25,3,0,mainGameOrder27+mainGameOrder25+mainGameOrder28,1.367089,mainGameOrder28,1.866667,0.267631,1,over_bundle,over_bundle,,,0
p023,8,mainGameScenario8,Oakland,,mainGameOrder29,Sprouts Farmers Market,Oakland,17,8.25,3,0,mainGameOrder30,Sprouts Farmers Market,Oakland,15,13.5,6,0,mainGameOrder31,Sprouts Farmers Market,Oakland,15,12.75,5,0,mainGameOrder32,Sprouts Farmers Market,Oakland,14,8.25,3,0,mainGameOrder29+mainGameOrder30+mainGameOrder31,1.016216,mainGameOrder29,1.511111,0.327504,1,over_bundle,over_bundle,,,0
p023,9,mainGameScenario9,Oakland,,mainGameOrder33,Safeway,Piedmont,12,8.1,3,5,mainGameOrder34,Target,Emeryville,17,15.3,6,6,mainGameOrder35,Safeway,Piedmont,12,11.1,5,5,mainGameOrder36,Safeway,Piedmont,13,11.1,5,5,mainGameOrder33+mainGameOrder35+mainGameOrder36,0.839002,mainGameOrder33+mainGameOrder35+mainGameOrder36,0.839002,0,3,bundle_correct,bundle_correct,,,0
p023,10,mainGameScenario10,Piedmont,,mainGameOrder37,Safeway,Piedmont,14,8.1,5,0,mainGameOrder38,Safeway,Piedmont,20,8.1,6,0,mainGameOrder39,Safeway,Piedmont,19,7.4,6,0,mainGameOrder40,Safeway,Piedmont,23,11.8,2,0,mainGameOrder38+mainGameOrder40+mainGameOrder39,1.671159,mainGameOrder39+mainGameOrder40,1.673307,0.001284,2,bundle_correct,bundle_correct,,,0
p023,11,mainGameScenario11,Piedmont,,mainGameOrder41,Berkeley Bowl,Berkeley,13,7.8,2,11,mainGameOrder42,Target,Emeryville,19,7.8,2,8,mainGameOrder43,Target,Emeryville,18,8.7,5,8,mainGameOrder44,Target,Emeryville,15,13.5,3,8,mainGameOrder44+mainGameOrder42+mainGameOrder43,1.195402,mainGameOrder42+mainGameOrder43,1.20915,0.01137,2,bundle_correct,bundle_correct,,,0
p023,12,mainGameScenario12,Emeryville,,mainGameOrder45,Target,Emeryville,16,13.5,3,0,mainGameOrder46,Target,Emeryville,14,9.6,5,0,mainGameOrder47,Target,Emeryville,22,13.5,6,0,mainGameOrder48,Target,Emeryville,14,13.5,2,0,mainGameOrder47+mainGameOrder45+mainGameOrder46,1.150442,mainGameOrder45+mainGameOrder46+mainGameOrder47,1.150442,0,3,bundle_correct,bundle_correct,,,0
p023,13,mainGameScenario13,Emeryville,,mainGameOrder49,Target,Emeryville,24,11.7,2,0,mainGameOrder50,Berkeley Bowl,Berkeley,17,8.4,6,7,mainGameOrder51,Berkeley Bowl,Berkeley,14,7.8,5,7,mainGameOrder52,Target,Emeryville,12,9.6,5,0,mainGameOrder49+mainGameOrder52,1.358491,mainGameOrder49,1.751825,0.224528,1,over_bundle,over_bundle,,,0
p023,14,mainGameScenario14,Emeryville,,mainGameOrder53,Target,Emeryville,21,13.5,6,0,mainGameOrder54,Target,Emeryville,14,13.5,5,0,mainGameOrder55,Target,Emeryville,22,13.5,6,0,mainGameOrder56,Target,Emeryville,18,7.8,6,0,mainGameOrder53+mainGameOrder55+mainGameOrder56,1.26294,mainGameOrder56,1.304348,0.031746,1,over_bundle,over_bundle,,,0
p023,15,mainGameScenario15,Emeryville,,mainGameOrder57,Safeway,Piedmont,22,7.4,4,8,mainGameOrder58,Sprouts Farmers Market,Oakland,18,13.5,2,6,mainGameOrder59,Safeway,Piedmont,17,7.4,4,8,mainGameOrder60,Safeway,Piedmont,22,11.8,5,8,mainGameOrder60+mainGameOrder57,1.290323,mainGameOrder57+mainGameOrder59+mainGameOrder60,1.40553,0.081967,3,bundle_correct,bundle_correct,,,0
p023,16,mainGameScenario16,Piedmont,,mainGameOrder61,Safeway,Piedmont,24,12.5,3,0,mainGameOrder62,Safeway,Piedmont,24,8.1,2,0,mainGameOrder63,Safeway,Piedmont,18,12.5,4,0,mainGameOrder64,Safeway,Piedmont,22,11.1,2,0,mainGameOrder62+mainGameOrder61+mainGameOrder64,2.028986,mainGameOrder62,2.376238,0.146135,1,over_bundle,over_bundle,,,0
p023,17,mainGameScenario17,Piedmont,,mainGameOrder65,Safeway,Piedmont,19,7.4,6,0,mainGameOrder66,Sprouts Farmers Market,Oakland,22,7.5,3,5,mainGameOrder67,Sprouts Farmers Market,Oakland,17,12.75,6,5,mainGameOrder68,Sprouts Farmers Market,Oakland,13,12.75,6,5,mainGameOrder65,1.41791,mainGameOrder66,1.419355,0.001018,1,over_bundle,over_bundle,,,0
p024,1,mainGameScenario1,Berkeley,,mainGameOrder1,Berkeley Bowl,Berkeley,22,7.8,3,0,mainGameOrder2,Berkeley Bowl,Berkeley,22,8.4,6,0,mainGameOrder3,Berkeley Bowl,Berkeley,15,9,4,0,mainGameOrder4,Sprouts Farmers Market,Oakland,18,9.75,2,10,mainGameOrder1+mainGameOrder2+mainGameOrder3,1.676136,mainGameOrder1,2.037037,0.177169,1,over_bundle,over_bundle,,,0
p024,2,mainGameScenario2,Berkeley,,mainGameOrder5,Berkeley Bowl,Berkeley,24,12,5,0,mainGameOrder6,Berkeley Bowl,Berkeley,15,11.4,4,0,mainGameOrder7,Berkeley Bowl,Berkeley,15,12,2,0,mainGameOrder8,Berkeley Bowl,Berkeley,20,7.8,3,0,mainGameOrder5+mainGameOrder8+mainGameOrder7,1.520619,mainGameOrder8,1.851852,0.178866,1,over_bundle,over_bundle,,,0
p024,3,mainGameScenario3,Berkeley,,mainGameOrder9,Berkeley Bowl,Berkeley,15,13.2,3,0,mainGameOrder10,Sprouts Farmers Market,Oakland,23,12.75,3,10,mainGameOrder11,Berkeley Bowl,Berkeley,23,12,6,0,mainGameOrder12,Berkeley Bowl,Berkeley,16,7.8,6,0,mainGameOrder11+mainGameOrder12+mainGameOrder9,1.216216,mainGameOrder11,1.277778,0.048179,1,over_bundle,over_bundle,,,0
p024,4,mainGameScenario4,Berkeley,,mainGameOrder13,Berkeley Bowl,Berkeley,17,7.2,4,0,mainGameOrder14,Berkeley Bowl,Berkeley,17,7.8,2,0,mainGameOrder15,Berkeley Bowl,Berkeley,20,12,2,0,mainGameOrder16,Berkeley Bowl,Berkeley,16,11.4,6,0,mainGameOrder15+mainGameOrder13+mainGameOrder14,1.6875,mainGameOrder14,1.734694,0.027206,1,over_bundle,over_bundle,,,0
p024,5,mainGameScenario5,Berkeley,,mainGameOrder17,Sprouts Farmers Market,Oakland,14,7.5,4,10,mainGameOrder18,Safeway,Piedmont,20,12.5,5,11,mainGameOrder19,Sprouts Farmers Market,Oakland,17,8.25,4,10,mainGameOrder20,Safeway,Piedmont,13,8.1,4,11,mainGameOrder18+mainGameOrder20,0.841837,mainGameOrder17+mainGameOrder19,0.918519,0.083484,2,bundle_correct,bundle_correct,,,0
p024,6,mainGameScenario6,Piedmont,,mainGameOrder21,Sprouts Farmers Market,Oakland,19,12,2,5,mainGameOrder22,Sprouts Farmers Market,Oakland,22,8.25,2,5,mainGameOrder23,Sprouts Farmers Market,Oakland,24,8.25,6,5,mainGameOrder24,Sprouts Farmers Market,Oakland,18,9.75,2,5,mainGameOrder23+mainGameOrder22+mainGameOrder21,1.604938,mainGameOrder22,1.442623,0,1,over_bundle,over_bundle,,,0
p024,7,mainGameScenario7,Oakland,,mainGameOrder25,Sprouts Farmers Market,Oakland,12,13.5,4,0,mainGameOrder26,Target,Emeryville,17,13.5,2,6,mainGameOrder27,Sprouts Farmers Market,Oakland,21,9,4,0,mainGameOrder28,Sprouts Farmers Market,Oakland,21,8.25,3,0,mainGameOrder28+mainGameOrder27+mainGameOrder25,1.367089,mainGameOrder28,1.866667,0.267631,1,over_bundle,over_bundle,,,0
p024,8,mainGameScenario8,Oakland,,mainGameOrder29,Sprouts Farmers Market,Oakland,17,8.25,3,0,mainGameOrder30,Sprouts Farmers Market,Oakland,15,13.5,6,0,mainGameOrder31,Sprouts Farmers Market,Oakland,15,12.75,5,0,mainGameOrder32,Sprouts Farmers Market,Oakland,14,8.25,3,0,mainGameOrder29+mainGameOrder30+mainGameOrder31,1.016216,mainGameOrder29,1.511111,0.327504,1,over_bundle,over_bundle,,,0
p024,9,mainGameScenario9,Oakland,,mainGameOrder33,Safeway,Piedmont,12,8.1,3,5,mainGameOrder34,Target,Emeryville,17,15.3,6,6,mainGameOrder35,Safeway,Piedmont,12,11.1,5,5,mainGameOrder36,Safeway,Piedmont,13,11.1,5,5,mainGameOrder36+mainGameOrder35+mainGameOrder33,0.839002,mainGameOrder33+mainGameOrder35+mainGameOrder36,0.839002,0,3,bundle_correct,bundle_correct,,,0
p024,10,mainGameScenario10,Piedmont,,mainGameOrder37,Safeway,Piedmont,14,8.1,5,0,mainGameOrder38,Safeway,Piedmont,20,8.1,6,0,mainGameOrder39,Safeway,Piedmont,19,7.4,6,0,mainGameOrder40,Safeway,Piedmont,23,11.8,2,0,mainGameOrder40+mainGameOrder38+mainGameOrder39,1.671159,mainGameOrder39+mainGameOrder40,1.673307,0.001284,2,bundle_correct,bundle_correct,,,0
p024,11,mainGameScenario11,Piedmont,,mainGameOrder41,Berkeley Bowl,Berkeley,13,7.8,2,11,mainGameOrder42,Target,Emeryville,19,7.8,2,8,mainGameOrder43,Target,Emeryville,18,8.7,5,8,mainGameOrder44,Target,Emeryville,15,13.5,3,8,mainGameOrder42+mainGameOrder43+mainGameOrder44,1.195402,mainGameOrder42+mainGameOrder43,1.20915,0.01137,2,bundle_correct,bundle_correct,,,0
p024,12,mainGameScenario12,Emeryville,,mainGameOrder45,Target,Emeryville,16,13.5,3,0,mainGameOrder46,Target,Emeryville,14,9.6,5,0,mainGameOrder47,Target,Emeryville,22,13.5,6,0,mainGameOrder48,Target,Emeryville,14,13.5,2,0,mainGameOrder47+mainGameOrder45+mainGameOrder46,1.150442,mainGameOrder45+mainGameOrder46+mainGameOrder47,1.150442,0,3,bundle_correct,bundle_correct,,,0
p024,13,mainGameScenario13,Emeryville,,mainGameOrder49,Target,Emeryville,24,11.7,2,0,mainGameOrder50,Berkeley Bowl,Berkeley,17,8.4,6,7,mainGameOrder51,Berkeley Bowl,Berkeley,14,7.8,5,7,mainGameOrder52,Target,Emeryville,12,9.6,5,0,mainGameOrder49+mainGameOrder52,1.358491,mainGameOrder49,1.751825,0.224528,1,over_bundle,over_bundle,,,0
p024,14,mainGameScenario14,Emeryville,,mainGameOrder53,Target,Emeryville,21,13.5,6,0,mainGameOrder54,Target,Emeryville,14,13.5,5,0,mainGameOrder55,Target,Emeryville,22,13.5,6,0,mainGameOrder56,Target,Emeryville,18,7.8,6,0,mainGameOrder55+mainGameOrder53+mainGameOrder56,1.26294,mainGameOrder56,1.304348,0.031746,1,over_bundle,over_bundle,,,0
p024,15,mainGameScenario15,Emeryville,,mainGameOrder57,Safeway,Piedmont,22,7.4,4,8,mainGameOrder58,Sprouts Farmers Market,Oakland,18,13.5,2,6,mainGameOrder59,Safeway,Piedmont,17,7.4,4,8,mainGameOrder60,Safeway,Piedmont,22,11.8,5,8,mainGameOrder60+mainGameOrder57+mainGameOrder59,1.40553,mainGameOrder57+mainGameOrder59+mainGameOrder60,1.40553,0,3,bundle_correct,bundle_correct,,,0
p024,16,mainGameScenario16,Piedmont,,mainGameOrder61,Safeway,Piedmont,24,12.5,3,0,mainGameOrder62,Safeway,Piedmont,24,8.1,2,0,mainGameOrder63,Safeway,Piedmont,18,12.5,4,0,mainGameOrder64,Safeway,Piedmont,22,11.1,2,0,mainGameOrder62+mainGameOrder61+mainGameOrder64,2.028986,mainGameOrder62,2.376238,0.146135,1,over_bundle,over_bundle,,,0
p025,1,mainGameScenario1,Berkeley,,mainGameOrder1,Berkeley Bowl,Berkeley,22,7.8,3,0,mainGameOrder2,Berkeley Bowl,Berkeley,22,8.4,6,0,mainGameOrder3,Berkeley Bowl,Berkeley,15,9,4,0,mainGameOrder4,Sprouts Farmers Market,Oakland,18,9.75,2,10,mainGameOrder1+mainGameOrder2+mainGameOrder3,1.676136,mainGameOrder1,2.037037,0.177169,1,over_bundle,over_bundle,,,0
p025,2,mainGameScenario2,Berkeley,,mainGameOrder5,Berkeley Bowl,Berkeley,24,12,5,0,mainGameOrder6,Berkeley Bowl,Berkeley,15,11.4,4,0,mainGameOrder7,Berkeley Bowl,Berkeley,15,12,2,0,mainGameOrder8,Berkeley Bowl,Berkeley,20,7.8,3,0,mainGameOrder6+mainGameOrder8+mainGameOrder5,1.489899,mainGameOrder8,1.851852,0.195455,1,over_bundle,over_bundle,,,0
p025,3,mainGameScenario3,Berkeley,,mainGameOrder9,Berkeley Bowl,Berkeley,15,13.2,3,0,mainGameOrder10,Sprouts Farmers Market,Oakland,23,12.75,3,10,mainGameOrder11,Berkeley Bowl,Berkeley,23,12,6,0,mainGameOrder12,Berkeley Bowl,Berkeley,16,7.8,6,0,mainGameOrder9+mainGameOrder11+mainGameOrder12,1.216216,mainGameOrder11,1.277778,0.048179,1,over_bundle,over_bundle,,,0
p025,4,mainGameScenario4,Berkeley,,mainGameOrder13,Berkeley Bowl,Berkeley,17,7.2,4,0,mainGameOrder14,Berkeley Bowl,Berkeley,17,7.8,2,0,mainGameOrder15,Berkeley Bowl,Berkeley,20,12,2,0,mainGameOrder16,Berkeley Bowl,Berkeley,16,11.4,6,0,mainGameOrder14+mainGameOrder13+mainGameOrder15,1.6875,mainGameOrder14,1.734694,0.027206,1,over_bundle,over_bundle,,,0
p025,5,mainGameScenario5,Berkeley,,mainGameOrder17,Sprouts Farmers Market,Oakland,14,7.5,4,10,mainGameOrder18,Safeway,Piedmont,20,12.5,5,11,mainGameOrder19,Sprouts Farmers Market,Oakland,17,8.25,4,10,mainGameOrder20,Safeway,Piedmont,13,8.1,4,11,mainGameOrder18+mainGameOrder20,0.841837,mainGameOrder17+mainGameOrder19,0.918519,0.083484,2,bundle_correct,bundle_correct,,,0
p025,6,mainGameScenario6,Piedmont,,mainGameOrder21,Sprouts Farmers Market,Oakland,19,12,2,5,mainGameOrder22,Sprouts Farmers Market,Oakland,22,8.25,2,5,mainGameOrder23,Sprouts Farmers Market,Oakland,24,8.25,6,5,mainGameOrder24,Sprouts Farmers Market,Oakland,18,9.75,2,5,mainGameOrder22+mainGameOrder23+mainGameOrder24,1.610063,mainGameOrder22,1.442623,0,1,over_bundle,over_bundle,,,0
p025,7,mainGameScenario7,Oakland,,mainGameOrder25,Sprouts Farmers Market,Oakland,12,13.5,4,0,mainGameOrder26,Target,Emeryville,17,13.5,2,6,mainGameOrder27,Sprouts Farmers Market,Oakland,21,9,4,0,mainGameOrder28,Sprouts Farmers Market,Oakland,21,8.25,3,0,mainGameOrder25+mainGameOrder27+mainGameOrder28,1.367089,mainGameOrder28,1.866667,0.267631,1,over_bundle,over_bundle,,,0
p025,8,mainGameScenario8,Oakland,,mainGameOrder29,Sprouts Farmers Market,Oakland,17,8.25,3,0,mainGameOrder30,Sprouts Farmers Market,Oakland,15,13.5,6,0,mainGameOrder31,Sprouts Farmers Market,Oakland,15,12.75,5,0,mainGameOrder32,Sprouts Farmers Market,Oakland,14,8.25,3,0,mainGameOrder29+mainGameOrder32+mainGameOrder31,1.187097,mainGameOrder29,1.511111,0.214421,1,over_bundle,over_bundle,,,0
p025,9,mainGameScenario9,Oakland,,mainGameOrder33,Safeway,Piedmont,12,8.1,3,5,mainGameOrder34,Target,Emeryville,17,15.3,6,6,mainGameOrder35,Safeway,Piedmont,12,11.1,5,5,mainGameOrder36,Safeway,Piedmont,13,11.1,5,5,mainGameOrder33+mainGameOrder35+mainGameOrder36,0.839002,mainGameOrder33+mainGameOrder35+mainGameOrder36,0.839002,0,3,bundle_correct,bundle_correct,,,0
p025,10,mainGameScenario10,Piedmont,,mainGameOrder37,Safeway,Piedmont,14,8.1,5,0,mainGameOrder38,Safeway,Piedmont,20,8.1,6,0,mainGameOrder39,Safeway,Piedmont,19,7.4,6,0,mainGameOrder40,Safeway,Piedmont,23,11.8,2,0,mainGameOrder38+mainGameOrder40+mainGameOrder39,1.671159,mainGameOrder39+mainGameOrder40,1.673307,0.001284,2,bundle_correct,bundle_correct,,,0
p025,11,mainGameScenario11,Piedmont,,mainGameOrder41,Berkeley Bowl,Berkeley,13,7.8,2,11,mainGameOrder42,Target,Emeryville,19,7.8,2,8,mainGameOrder43,Target,Emeryville,18,8.7,5,8,mainGameOrder44,Target,Emeryville,15,13.5,3,8,mainGameOrder42+mainGameOrder43+mainGameOrder44,1.195402,mainGameOrder42+mainGameOrder43,1.20915,0.01137,2,bundle_correct,bundle_correct,,,0
p025,12,mainGameScenario12,Emeryville,,mainGameOrder45,Target,Emeryville,16,13.5,3,0,mainGameOrder46,Target,Emeryville,14,9.6,5,0,mainGameOrder47,Target,Emeryville,22,13.5,6,0,mainGameOrder48,Target,Emeryville,14,13.5,2,0,mainGameOrder47+mainGameOrder45+mainGameOrder46,1.150442,mainGameOrder45+mainGameOrder46+mainGameOrder47,1.150442,0,3,bundle_correct,bundle_correct,,,0
p025,13,mainGameScenario13,Emeryville,,mainGameOrder49,Target,Emeryville,24,11.7,2,0,mainGameOrder50,Berkeley Bowl,Berkeley,17,8.4,6,7,mainGameOrder51,Berkeley Bowl,Berkeley,14,7.8,5,7,mainGameOrder52,Target,Emeryville,12,9.6,5,0,mainGameOrder52+mainGameOrder49,1.358491,mainGameOrder49,1.751825,0.224528,1,over_bundle,over_bundle,,,0
p025,14,mainGameScenario14,Emeryville,,mainGameOrder53,Target,Emeryville,21,13.5,6,0,mainGameOrder54,Target,Emeryville,14,13.5,5,0,mainGameOrder55,Target,Emeryville,22,13.5,6,0,mainGameOrder56,Target,Emeryville,18,7.8,6,0,mainGameOrder55+mainGameOrder56+mainGameOrder53,1.26294,mainGameOrder56,1.304348,0.031746,1,over_bundle,over_bundle,,,0
p025,15,mainGameScenario15,Emeryville,,mainGameOrder57,Safeway,Piedmont,22,7.4,4,8,mainGameOrder58,Sprouts Farmers Market,Oakland,18,13.5,2,6,mainGameOrder59,Safeway,Piedmont,17,7.4,4,8,mainGameOrder60,Safeway,Piedmont,22,11.8,5,8,mainGameOrder57+mainGameOrder59+mainGameOrder60,1.40553,mainGameOrder57+mainGameOrder59+mainGameOrder60,1.40553,0,3,bundle_correct,bundle_correct,,,0
p026,1,mainGameScenario1,Berkeley,,mainGameOrder1,Berkeley Bowl,Berkeley,22,7.8,3,0,mainGameOrder2,Berkeley Bowl,Berkeley,22,8.4,6,0,mainGameOrder3,Berkeley Bowl,Berkeley,15,9,4,0,mainGameOrder4,Sprouts Farmers Market,Oakland,18,9.75,2,10,mainGameOrder1+mainGameOrder2,1.788618,mainGameOrder1,2.037037,0.121951,1,over_bundle,over_bundle,,,0
p026,2,mainGameScenario2,Berkeley,,mainGameOrder5,Berkeley Bowl,Berkeley,24,12,5,0,mainGameOrder6,Berkeley Bowl,Berkeley,15,11.4,4,0,mainGameOrder7,Berkeley Bowl,Berkeley,15,12,2,0,mainGameOrder8,Berkeley Bowl,Berkeley,20,7.8,3,0,mainGameOrder5+mainGameOrder8,1.654135,mainGameOrder8,1.851852,0.106767,1,over_bundle,over_bundle,,,0
p026,3,mainGameScenario3,Berkeley,,mainGameOrder9,Berkeley Bowl,Berkeley,15,13.2,3,0,mainGameOrder10,Sprouts Farmers Market,Oakland,23,12.75,3,10,mainGameOrder11,Berkeley Bowl,Berkeley,23,12,6,0,mainGameOrder12,Berkeley Bowl,Berkeley,16,7.8,6,0,mainGameOrder12+mainGameOrder11,1.25,mainGameOrder11,1.277778,0.021739,1,over_bundle,over_bundle,,,0
p026,4,mainGameScenario4,Berkeley,,mainGameOrder13,Berkeley Bowl,Berkeley,17,7.2,4,0,mainGameOrder14,Berkeley Bowl,Berkeley,17,7.8,2,0,mainGameOrder15,Berkeley Bowl,Berkeley,20,12,2,0,mainGameOrder16,Berkeley Bowl,Berkeley,16,11.4,6,0,mainGameOrder14+mainGameOrder13+mainGameOrder15,1.6875,mainGameOrder14,1.734694,0.027206,1,over_bundle,over_bundle,,,0
p026,5,mainGameScenario5,Berkeley,,mainGameOrder17,Sprouts Farmers Market,Oakland,14,7.5,4,10,mainGameOrder18,Safeway,Piedmont,20,12.5,5,11,mainGameOrder19,Sprouts Farmers Market,Oakland,17,8.25,4,10,mainGameOrder20,Safeway,Piedmont,13,8.1,4,11,mainGameOrder19+mainGameOrder17,0.918519,mainGameOrder17+mainGameOrder19,0.918519,0,2,bundle_correct,bundle_correct,,,0
p026,6,mainGameScenario6,Oakland,,mainGameOrder21,Sprouts Farmers Market,Oakland,19,12,2,0,mainGameOrder22,Sprouts Farmers Market,Oakland,22,8.25,2,0,mainGameOrder23,Sprouts Farmers Market,Oakland,24,8.25,6,0,mainGameOrder24,Sprouts Farmers Market,Oakland,18,9.75,2,0,mainGameOrder22+mainGameOrder24+mainGameOrder23,1.841727,mainGameOrder22,2.146341,0.141923,1,over_bundle,over_bundle,,,0
p026,7,mainGameScenario7,Oakland,,mainGameOrder25,Sprouts Farmers Market,Oakland,12,13.5,4,0,mainGameOrder26,Target,Emeryville,17,13.5,2,6,mainGameOrder27,Sprouts Farmers Market,Oakland,21,9,4,0,mainGameOrder28,Sprouts Farmers Market,Oakland,21,8.25,3,0,mainGameOrder28+mainGameOrder27+mainGameOrder25,1.367089,mainGameOrder28,1.866667,0.267631,1,over_bundle,over_bundle,,,0
p026,8,mainGameScenario8,Oakland,,mainGameOrder29,Sprouts Farmers Market,Oakland,17,8.25,3,0,mainGameOrder30,Sprouts Farmers Market,Oakland,15,13.5,6,0,mainGameOrder31,Sprouts Farmers Market,Oakland,15,12.75,5,0,mainGameOrder32,Sprouts Farmers Market,Oakland,14,8.25,3,0,mainGameOrder32+mainGameOrder29+mainGameOrder31,1.187097,mainGameOrder29,1.511111,0.214421,1,over_bundle,over_bundle,,,0
p026,9,mainGameScenario9,Oakland,,mainGameOrder33,Safeway,Piedmont,12,8.1,3,5,mainGameOrder34,Target,Emeryville,17,15.3,6,6,mainGameOrder35,Safeway,Piedmont,12,11.1,5,5,mainGameOrder36,Safeway,Piedmont,13,11.1,5,5,mainGameOrder33+mainGameOrder35+mainGameOrder36,0.839002,mainGameOrder33+mainGameOrder35+mainGameOrder36,0.839002,0,3,bundle_correct,bundle_correct,,,0
p026,10,mainGameScenario10,Piedmont,,mainGameOrder37,Safeway,Piedmont,14,8.1,5,0,mainGameOrder38,Safeway,Piedmont,20,8.1,6,0,mainGameOrder39,Safeway,Piedmont,19,7.4,6,0,mainGameOrder40,Safeway,Piedmont,23,11.8,2,0,mainGameOrder39+mainGameOrder40+mainGameOrder38,1.671159,mainGameOrder39+mainGameOrder40,1.673307,0.001284,2,bundle_correct,bundle_correct,,,0
p026,11,mainGameScenario11,Piedmont,,mainGameOrder41,Berkeley Bowl,Berkeley,13,7.8,2,11,mainGameOrder42,Target,Emeryville,19,7.8,2,8,mainGameOrder43,Target,Emeryville,18,8.7,5,8,mainGameOrder44,Target,Emeryville,15,13.5,3,8,mainGameOrder42+mainGameOrder43+mainGameOrder44,1.195402,mainGameOrder42+mainGameOrder43,1.20915,0.01137,2,bundle_correct,bundle_correct,,,0
p026,12,mainGameScenario12,Emeryville,,mainGameOrder45,Target,Emeryville,16,13.5,3,0,mainGameOrder46,Target,Emeryville,14,9.6,5,0,mainGameOrder47,Target,Emeryville,22,13.5,6,0,mainGameOrder48,Target,Emeryville,14,13.5,2,0,mainGameOrder46+mainGameOrder45+mainGameOrder47,1.150442,mainGameOrder45+mainGameOrder46+mainGameOrder47,1.150442,0,3,bundle_correct,bundle_correct,,,0
p026,13,mainGameScenario13,Emeryville,,mainGameOrder49,Target,Emeryville,24,11.7,2,0,mainGameOrder50,Berkeley Bowl,Berkeley,17,8.4,6,7,mainGameOrder51,Berkeley Bowl,Berkeley,14,7.8,5,7,mainGameOrder52,Target,Emeryville,12,9.6,5,0,mainGameOrder49+mainGameOrder52,1.358491,mainGameOrder49,1.751825,0.224528,1,over_bundle,over_bundle,,,0
p026,14,mainGameScenario14,Emeryville,,mainGameOrder53,Target,Emeryville,21,13.5,6,0,mainGameOrder54,Target,Emeryville,14,13.5,5,0,mainGameOrder55,Target,Emeryville,22,13.5,6,0,mainGameOrder56,Target,Emeryville,18,7.8,6,0,mainGameOrder56+mainGameOrder55+mainGameOrder53,1.26294,mainGameOrder56,1.304348,0.031746,1,over_bundle,over_bundle,,,0
p027,1,mainGameScenario1,Berkeley,,mainGameOrder1,Berkeley Bowl,Berkeley,22,7.8,3,0,mainGameOrder2,Berkeley Bowl,Berkeley,22,8.4,6,0,mainGameOrder3,Berkeley Bowl,Berkeley,15,9,4,0,mainGameOrder4,Sprouts Farmers Market,Oakland,18,9.75,2,10,mainGameOrder1+mainGameOrder2,1.788618,mainGameOrder1,2.037037,0.121951,1,over_bundle,over_bundle,,,0
p027,2,mainGameScenario2,Berkeley,,mainGameOrder5,Berkeley Bowl,Berkeley,24,12,5,0,mainGameOrder6,Berkeley Bowl,Berkeley,15,11.4,4,0,mainGameOrder7,Berkeley Bowl,Berkeley,15,12,2,0,mainGameOrder8,Berkeley Bowl,Berkeley,20,7.8,3,0,mainGameOrder5+mainGameOrder8,1.654135,mainGameOrder8,1.851852,0.106767,1,over_bundle,over_bundle,,,0
p027,3,mainGameScenario3,Berkeley,,mainGameOrder9,Berkeley Bowl,Berkeley,15,13.2,3,0,mainGameOrder10,Sprouts Farmers Market,Oakland,23,12.75,3,10,mainGameOrder11,Berkeley Bowl,Berkeley,23,12,6,0,mainGameOrder12,Berkeley Bowl,Berkeley,16,7.8,6,0,mainGameOrder11+mainGameOrder12,1.25,mainGameOrder11,1.277778,0.021739,1,over_bundle,over_bundle,,,0
p027,4,mainGameScenario4,Berkeley,,mainGameOrder13,Berkeley Bowl,Berkeley,17,7.2,4,0,mainGameOrder14,Berkeley Bowl,Berkeley,17,7.8,2,0,mainGameOrder15,Berkeley Bowl,Berkeley,20,12,2,0,mainGameOrder16,Berkeley Bowl,Berkeley,16,11.4,6,0,mainGameOrder15,1.428571,mainGameOrder14,1.734694,0.176471,1,over_bundle,over_bundle,,,0
p027,5,mainGameScenario5,Berkeley,,mainGameOrder17,Sprouts Farmers Market,Oakland,14,7.5,4,10,mainGameOrder18,Safeway,Piedmont,20,12.5,5,11,mainGameOrder19,Sprouts Farmers Market,Oakland,17,8.25,4,10,mainGameOrder20,Safeway,Piedmont,13,8.1,4,11,mainGameOrder18,0.701754,mainGameOrder17+mainGameOrder19,0.918519,0.235993,2,bundle_correct,bundle_correct,,,0
p027,6,mainGameScenario6,Piedmont,,mainGameOrder21,Sprouts Farmers Market,Oakland,19,12,2,5,mainGameOrder22,Sprouts Farmers Market,Oakland,22,8.25,2,5,mainGameOrder23,Sprouts Farmers Market,Oakland,24,8.25,6,5,mainGameOrder24,Sprouts Farmers Market,Oakland,18,9.75,2,5,mainGameOrder22,1.442623,mainGameOrder22,1.442623,0,1,over_bundle,over_bundle,,,0
p027,7,mainGameScenario7,Oakland,,mainGameOrder25,Sprouts Farmers Market,Oakland,12,13.5,4,0,mainGameOrder26,Target,Emeryville,17,13.5,2,6,mainGameOrder27,Sprouts Farmers Market,Oakland,21,9,4,0,mainGameOrder28,Sprouts Farmers Market,Oakland,21,8.25,3,0,mainGameOrder28,1.866667,mainGameOrder28,1.866667,0,1,over_bundle,over_bundle,,,0
p027,8,mainGameScenario8,Oakland,,mainGameOrder29,Sprouts Farmers Market,Oakland,17,8.25,3,0,mainGameOrder30,Sprouts Farmers Market,Oakland,15,13.5,6,0,mainGameOrder31,Sprouts Farmers Market,Oakland,15,12.75,5,0,mainGameOrder32,Sprouts Farmers Market,Oakland,14,8.25,3,0,mainGameOrder32,1.244444,mainGameOrder29,1.511111,0.176471,1,over_bundle,over_bundle,,,0
p027,9,mainGameScenario9,Oakland,,mainGameOrder33,Safeway,Piedmont,12,8.1,3,5,mainGameOrder34,Target,Emeryville,17,15.3,6,6,mainGameOrder35,Safeway,Piedmont,12,11.1,5,5,mainGameOrder36,Safeway,Piedmont,13,11.1,5,5,mainGameOrder33+mainGameOrder36,0.811688,mainGameOrder33+mainGameOrder35+mainGameOrder36,0.839002,0.032555,3,bundle_correct,bundle_correct,,,0
p027,10,mainGameScenario10,Piedmont,,mainGameOrder37,Safeway,Piedmont,14,8.1,5,0,mainGameOrder38,Safeway,Piedmont,20,8.1,6,0,mainGameOrder39,Safeway,Piedmont,19,7.4,6,0,mainGameOrder40,Safeway,Piedmont,23,11.8,2,0,mainGameOrder38+mainGameOrder39,1.535433,mainGameOrder39+mainGameOrder40,1.673307,0.082396,2,bundle_correct,bundle_correct,,,0
p027,11,mainGameScenario11,Piedmont,,mainGameOrder41,Berkeley Bowl,Berkeley,13,7.8,2,11,mainGameOrder42,Target,Emeryville,19,7.8,2,8,mainGameOrder43,Target,Emeryville,18,8.7,5,8,mainGameOrder44,Target,Emeryville,15,13.5,3,8,mainGameOrder41,0.625,mainGameOrder42+mainGameOrder43,1.20915,0.483108,2,bundle_correct,bundle_correct,,,0
p027,12,mainGameScenario12,Berkeley,,mainGameOrder45,Target,Emeryville,16,13.5,3,7,mainGameOrder46,Target,Emeryville,14,9.6,5,7,mainGameOrder47,Target,Emeryville,22,13.5,6,7,mainGameOrder48,Target,Emeryville,14,13.5,2,7,mainGameOrder48+mainGameOrder46,0.773481,mainGameOrder45+mainGameOrder46+mainGameOrder47,0.996169,0.223544,3,bundle_correct,bundle_correct,,,0
p027,13,mainGameScenario13,Emeryville,,mainGameOrder49,Target,Emeryville,24,11.7,2,0,mainGameOrder50,Berkeley Bowl,Berkeley,17,8.4,6,7,mainGameOrder51,Berkeley Bowl,Berkeley,14,7.8,5,7,mainGameOrder52,Target,Emeryville,12,9.6,5,0,mainGameOrder52+mainGameOrder49,1.358491,mainGameOrder49,1.751825,0.224528,1,over_bundle,over_bundle,,,0
p027,14,mainGameScenario14,Emeryville,,mainGameOrder53,Target,Emeryville,21,13.5,6,0,mainGameOrder54,Target,Emeryville,14,13.5,5,0,mainGameOrder55,Target,Emeryville,22,13.5,6,0,mainGameOrder56,Target,Emeryville,18,7.8,6,0,mainGameOrder56+mainGameOrder53,1.203704,mainGameOrder56,1.304348,0.07716,1,over_bundle,over_bundle,,,0
p027,15,mainGameScenario15,Emeryville,,mainGameOrder57,Safeway,Piedmont,22,7.4,4,8,mainGameOrder58,Sprouts Farmers Market,Oakland,18,13.5,2,6,mainGameOrder59,Safeway,Piedmont,17,7.4,4,8,mainGameOrder60,Safeway,Piedmont,22,11.8,5,8,mainGameOrder59+mainGameOrder57,1.358885,mainGameOrder57+mainGameOrder59+mainGameOrder60,1.40553,0.033187,3,bundle_correct,bundle_correct,,,0
p027,16,mainGameScenario16,Piedmont,,mainGameOrder61,Safeway,Piedmont,24,12.5,3,0,mainGameOrder62,Safeway,Piedmont,24,8.1,2,0,mainGameOrder63,Safeway,Piedmont,18,12.5,4,0,mainGameOrder64,Safeway,Piedmont,22,11.1,2,0,mainGameOrder61+mainGameOrder62,1.983471,mainGameOrder62,2.376238,0.165289,1,over_bundle,over_bundle,,,0
p027,17,mainGameScenario17,Piedmont,,mainGameOrder65,Safeway,Piedmont,19,7.4,6,0,mainGameOrder66,Sprouts Farmers Market,Oakland,22,7.5,3,5,mainGameOrder67,Sprouts Farmers Market,Oakland,17,12.75,6,5,mainGameOrder68,Sprouts Farmers Market,Oakland,13,12.75,6,5,mainGameOrder65,1.41791,mainGameOrder66,1.419355,0.001018,1,over_bundle,over_bundle,,,0
p027,18,mainGameScenario18,Piedmont,,mainGameOrder69,Sprouts Farmers Market,Oakland,14,8.25,5,5,mainGameOrder70,Sprouts Farmers Market,Oakland,13,8.25,3,5,mainGameOrder71,Sprouts Farmers Market,Oakland,22,14.25,3,5,mainGameOrder72,Sprouts Farmers Market,Oakland,19,9,4,5,mainGameOrder71+mainGameOrder72,1.242424,mainGameOrder71+mainGameOrder72,1.242424,0,2,bundle_correct,bundle_correct,,,0
p027,19,mainGameScenario19,Oakland,,mainGameOrder73,Sprouts Farmers Market,Oakland,12,12.75,5,0,mainGameOrder74,Safeway,Piedmont,17,7.4,5,5,mainGameOrder75,Sprouts Farmers Market,Oakland,18,9,3,0,mainGameOrder76,Sprouts Farmers Market,Oakland,24,14.25,2,0,mainGameOrder75+mainGameOrder76,1.486726,mainGameOrder75,1.5,0.00885,1,over_bundle,over_bundle,,,0
p027,20,mainGameScenario20,Oakland,,mainGameOrder77,Sprouts Farmers Market,Oakland,24,14.25,6,0,mainGameOrder78,Sprouts Farmers Market,Oakland,23,8.25,4,0,mainGameOrder79,Sprouts Farmers Market,Oakland,17,14.25,4,0,mainGameOrder80,Sprouts Farmers Market,Oakland,20,11.25,5,0,mainGameOrder78+mainGameOrder80,1.54955,mainGameOrder78,1.877551,0.174696,1,over_bundle,over_bundle,,,0
p027,21,mainGameScenario21,Oakland,,mainGameOrder81,Safeway,Piedmont,20,8.1,4,5,mainGameOrder82,Safeway,Piedmont,17,12.5,2,5,mainGameOrder83,Berkeley Bowl,Berkeley,24,7.8,3,10,mainGameOrder84,Safeway,Piedmont,21,7.4,3,5,mainGameOrder81+mainGameOrder84,1.570881,mainGameOrder81+mainGameOrder84,1.570881,0,2,bundle_correct,bundle_correct,,,0
p027,22,mainGameScenario22,Piedmont,,mainGameOrder85,Safeway,Piedmont,17,8.1,2,0,mainGameOrder86,Safeway,Piedmont,22,8.1,3,0,mainGameOrder87,Safeway,Piedmont,19,11.1,2,0,mainGameOrder88,Safeway,Piedmont,16,7.4,2,0,mainGameOrder86+mainGameOrder88,2.065217,mainGameOrder86+mainGameOrder88,2.065217,0,2,bundle_correct,bundle_correct,,,0
p027,23,mainGameScenario23,Piedmont,,mainGameOrder89,Safeway,Piedmont,16,11.1,6,0,mainGameOrder90,Berkeley Bowl,Berkeley,21,11.4,2,11,mainGameOrder91,Safeway,Piedmont,22,11.8,5,0,mainGameOrder92,Safeway,Piedmont,19,11.1,5,0,mainGameOrder91+mainGameOrder92,1.362126,mainGameOrder91+mainGameOrder92,1.362126,0,2,bundle_correct,bundle_correct,,,0
p027,24,mainGameScenario24,Piedmont,,mainGameOrder93,Safeway,Piedmont,17,8.1,6,0,mainGameOrder94,Safeway,Piedmont,21,8.1,3,0,mainGameOrder95,Safeway,Piedmont,19,8.1,3,0,mainGameOrder96,Safeway,Piedmont,15,7.4,6,0,mainGameOrder94+mainGameOrder96,1.512605,mainGameOrder94,1.891892,0.20048,1,over_bundle,over_bundle,,,0
p027,25,mainGameScenario25,Piedmont,,mainGameOrder97,Sprouts Farmers Market,Oakland,12,13.5,5,5,mainGameOrder98,Target,Emeryville,18,13.5,6,8,mainGameOrder99,Target,Emeryville,17,10.5,3,8,mainGameOrder100,Sprouts Farmers Market,Oakland,15,9,5,5,mainGameOrder98+mainGameOrder99,0.892857,mainGameOrder98+mainGameOrder99,0.892857,0,2,bundle_correct,bundle_correct,,,0
p027,26,mainGameScenario26,Emeryville,,mainGameOrder101,Target,Emeryville,22,8.7,2,0,mainGameOrder102,Target,Emeryville,16,13.5,3,0,mainGameOrder103,Target,Emeryville,17,9.6,2,0,mainGameOrder104,Target,Emeryville,19,15.3,2,0,mainGameOrder101+mainGameOrder103+mainGameOrder102,1.523546,mainGameOrder101,2.056075,0.259003,1,over_bundle,over_bundle,,,0
p027,27,mainGameScenario27,Emeryville,,mainGameOrder105,Target,Emeryville,18,8.7,2,0,mainGameOrder106,Target,Emeryville,21,14.4,6,0,mainGameOrder107,Target,Emeryville,14,10.5,2,0,mainGameOrder108,Berkeley Bowl,Berkeley,24,7.8,6,7,mainGameOrder105,1.682243,mainGameOrder105,1.682243,0,1,over_bundle,over_bundle,,,0
p028,1,mainGameScenario1,Berkeley,,mainGameOrder1,Berkeley Bowl,Berkeley,22,7.8,3,0,mainGameOrder2,Berkeley Bowl,Berkeley,22,8.4,6,0,mainGameOrder3,Berkeley Bowl,Berkeley,15,9,4,0,mainGameOrder4,Sprouts Farmers Market,Oakland,18,9.75,2,10,mainGameOrder2+mainGameOrder1,1.788618,mainGameOrder1,2.037037,0.121951,1,over_bundle,over_bundle,,,0
p028,2,mainGameScenario2,Berkeley,,mainGameOrder5,Berkeley Bowl,Berkeley,24,12,5,0,mainGameOrder6,Berkeley Bowl,Berkeley,15,11.4,4,0,mainGameOrder7,Berkeley Bowl,Berkeley,15,12,2,0,mainGameOrder8,Berkeley Bowl,Berkeley,20,7.8,3,0,mainGameOrder5+mainGameOrder8,1.654135,mainGameOrder8,1.851852,0.106767,1,over_bundle,over_bundle,,,0
p028,3,mainGameScenario3,Berkeley,,mainGameOrder9,Berkeley Bowl,Berkeley,15,13.2,3,0,mainGameOrder10,Sprouts Farmers Market,Oakland,23,12.75,3,10,mainGameOrder11,Berkeley Bowl,Berkeley,23,12,6,0,mainGameOrder12,Berkeley Bowl,Berkeley,16,7.8,6,0,mainGameOrder11+mainGameOrder12+mainGameOrder9,1.216216,mainGameOrder11,1.277778,0.048179,1,over_bundle,over_bundle,,,0
p028,4,mainGameScenario4,Berkeley,,mainGameOrder13,Berkeley Bowl,Berkeley,17,7.2,4,0,mainGameOrder14,Berkeley Bowl,Berkeley,17,7.8,2,0,mainGameOrder15,Berkeley Bowl,Berkeley,20,12,2,0,mainGameOrder16,Berkeley Bowl,Berkeley,16,11.4,6,0,mainGameOrder15+mainGameOrder13+mainGameOrder14,1.6875,mainGameOrder14,1.734694,0.027206,1,over_bundle,over_bundle,,,0
p028,5,mainGameScenario5,Berkeley,,mainGameOrder17,Sprouts Farmers Market,Oakland,14,7.5,4,10,mainGameOrder18,Safeway,Piedmont,20,12.5,5,11,mainGameOrder19,Sprouts Farmers Market,Oakland,17,8.25,4,10,mainGameOrder20,Safeway,Piedmont,13,8.1,4,11,mainGameOrder18+mainGameOrder20,0.841837,mainGameOrder17+mainGameOrder19,0.918519,0.083484,2,bundle_correct,bundle_correct,,,0
p028,6,mainGameScenario6,Piedmont,,mainGameOrder21,Sprouts Farmers Market,Oakland,19,12,2,5,mainGameOrder22,Sprouts Farmers Market,Oakland,22,8.25,2,5,mainGameOrder23,Sprouts Farmers Market,Oakland,24,8.25,6,5,mainGameOrder24,Sprouts Farmers Market,Oakland,18,9.75,2,5,mainGameOrder22+mainGameOrder23+mainGameOrder24,1.610063,mainGameOrder22,1.442623,0,1,over_bundle,over_bundle,,,0
p028,7,mainGameScenario7,Oakland,,mainGameOrder25,Sprouts Farmers Market,Oakland,12,13.5,4,0,mainGameOrder26,Target,Emeryville,17,13.5,2,6,mainGameOrder27,Sprouts Farmers Market,Oakland,21,9,4,0,mainGameOrder28,Sprouts Farmers Market,Oakland,21,8.25,3,0,mainGameOrder28+mainGameOrder27,1.787234,mainGameOrder28,1.866667,0.042553,1,over_bundle,over_bundle,,,0
p028,8,mainGameScenario8,Oakland,,mainGameOrder29,Sprouts Farmers Market,Oakland,17,8.25,3,0,mainGameOrder30,Sprouts Farmers Market,Oakland,15,13.5,6,0,mainGameOrder31,Sprouts Farmers Market,Oakland,15,12.75,5,0,mainGameOrder32,Sprouts Farmers Market,Oakland,14,8.25,3,0,mainGameOrder29+mainGameOrder31+mainGameOrder30,1.016216,mainGameOrder29,1.511111,0.327504,1,over_bundle,over_bundle,,,0
p028,9,mainGameScenario9,Oakland,,mainGameOrder33,Safeway,Piedmont,12,8.1,3,5,mainGameOrder34,Target,Emeryville,17,15.3,6,6,mainGameOrder35,Safeway,Piedmont,12,11.1,5,5,mainGameOrder36,Safeway,Piedmont,13,11.1,5,5,mainGameOrder33+mainGameOrder36+mainGameOrder35,0.839002,mainGameOrder33+mainGameOrder35+mainGameOrder36,0.839002,0,3,bundle_correct,bundle_correct,,,0
p028,10,mainGameScenario10,Piedmont,,mainGameOrder37,Safeway,Piedmont,14,8.1,5,0,mainGameOrder38,Safeway,Piedmont,20,8.1,6,0,mainGameOrder39,Safeway,Piedmont,19,7.4,6,0,mainGameOrder40,Safeway,Piedmont,23,11.8,2,0,mainGameOrder40+mainGameOrder38+mainGameOrder39,1.671159,mainGameOrder39+mainGameOrder40,1.673307,0.001284,2,bundle_correct,bundle_correct,,,0
p028,11,mainGameScenario11,Piedmont,,mainGameOrder41,Berkeley Bowl,Berkeley,13,7.8,2,11,mainGameOrder42,Target,Emeryville,19,7.8,2,8,mainGameOrder43,Target,Emeryville,18,8.7,5,8,mainGameOrder44,Target,Emeryville,15,13.5,3,8,mainGameOrder44+mainGameOrder43+mainGameOrder42,1.195402,mainGameOrder42+mainGameOrder43,1.20915,0.01137,2,bundle_correct,bundle_correct,,,0
p028,12,mainGameScenario12,Emeryville,,mainGameOrder45,Target,Emeryville,16,13.5,3,0,mainGameOrder46,Target,Emeryville,14,9.6,5,0,mainGameOrder47,Target,Emeryville,22,13.5,6,0,mainGameOrder48,Target,Emeryville,14,13.5,2,0,mainGameOrder48+mainGameOrder47+mainGameOrder45,1.150442,mainGameOrder45+mainGameOrder46+mainGameOrder47,1.150442,0,3,bundle_correct,bundle_correct,,,0
p029,1,mainGameScenario1,Berkeley,,mainGameOrder1,Berkeley Bowl,Berkeley,22,7.8,3,0,mainGameOrder2,Berkeley Bowl,Berkeley,22,8.4,6,0,mainGameOrder3,Berkeley Bowl,Berkeley,15,9,4,0,mainGameOrder4,Sprouts Farmers Market,Oakland,18,9.75,2,10,mainGameOrder1+mainGameOrder2+mainGameOrder3,1.676136,mainGameOrder1,2.037037,0.177169,1,over_bundle,over_bundle,,,0
p029,2,mainGameScenario2,Berkeley,,mainGameOrder5,Berkeley Bowl,Berkeley,24,12,5,0,mainGameOrder6,Berkeley Bowl,Berkeley,15,11.4,4,0,mainGameOrder7,Berkeley Bowl,Berkeley,15,12,2,0,mainGameOrder8,Berkeley Bowl,Berkeley,20,7.8,3,0,mainGameOrder6+mainGameOrder5+mainGameOrder8,1.489899,mainGameOrder8,1.851852,0.195455,1,over_bundle,over_bundle,,,0
p029,3,mainGameScenario3,Berkeley,,mainGameOrder9,Berkeley Bowl,Berkeley,15,13.2,3,0,mainGameOrder10,Sprouts Farmers Market,Oakland,23,12.75,3,10,mainGameOrder11,Berkeley Bowl,Berkeley,23,12,6,0,mainGameOrder12,Berkeley Bowl,Berkeley,16,7.8,6,0,mainGameOrder9+mainGameOrder11+mainGameOrder12,1.216216,mainGameOrder11,1.277778,0.048179,1,over_bundle,over_bundle,,,0
p029,4,mainGameScenario4,Berkeley,,mainGameOrder13,Berkeley Bowl,Berkeley,17,7.2,4,0,mainGameOrder14,Berkeley Bowl,Berkeley,17,7.8,2,0,mainGameOrder15,Berkeley Bowl,Berkeley,20,12,2,0,mainGameOrder16,Berkeley Bowl,Berkeley,16,11.4,6,0,mainGameOrder13+mainGameOrder14+mainGameOrder15,1.6875,mainGameOrder14,1.734694,0.027206,1,over_bundle,over_bundle,,,0
p029,5,mainGameScenario5,Berkeley,,mainGameOrder17,Sprouts Farmers Market,Oakland,14,7.5,4,10,mainGameOrder18,Safeway,Piedmont,20,12.5,5,11,mainGameOrder19,Sprouts Farmers Market,Oakland,17,8.25,4,10,mainGameOrder20,Safeway,Piedmont,13,8.1,4,11,mainGameOrder18+mainGameOrder20,0.841837,mainGameOrder17+mainGameOrder19,0.918519,0.083484,2,bundle_correct,bundle_correct,,,0
p029,6,mainGameScenario6,Piedmont,,mainGameOrder21,Sprouts Farmers Market,Oakland,19,12,2,5,mainGameOrder22,Sprouts Farmers Market,Oakland,22,8.25,2,5,mainGameOrder23,Sprouts Farmers Market,Oakland,24,8.25,6,5,mainGameOrder24,Sprouts Farmers Market,Oakland,18,9.75,2,5,mainGameOrder23+mainGameOrder21+mainGameOrder22,1.604938,mainGameOrder22,1.442623,0,1,over_bundle,over_bundle,,,0
p029,7,mainGameScenario7,Oakland,,mainGameOrder25,Sprouts Farmers Market,Oakland,12,13.5,4,0,mainGameOrder26,Target,Emeryville,17,13.5,2,6,mainGameOrder27,Sprouts Farmers Market,Oakland,21,9,4,0,mainGameOrder28,Sprouts Farmers Market,Oakland,21,8.25,3,0,mainGameOrder27+mainGameOrder28+mainGameOrder25,1.367089,mainGameOrder28,1.866667,0.267631,1,over_bundle,over_bundle,,,0
p029,8,mainGameScenario8,Oakland,,mainGameOrder29,Sprouts Farmers Market,Oakland,17,8.25,3,0,mainGameOrder30,Sprouts Farmers Market,Oakland,15,13.5,6,0,mainGameOrder31,Sprouts Farmers Market,Oakland,15,12.75,5,0,mainGameOrder32,Sprouts Farmers Market,Oakland,14,8.25,3,0,mainGameOrder29+mainGameOrder32+mainGameOrder31,1.187097,mainGameOrder29,1.511111,0.214421,1,over_bundle,over_bundle,,,0
p029,9,mainGameScenario9,Oakland,,mainGameOrder33,Safeway,Piedmont,12,8.1,3,5,mainGameOrder34,Target,Emeryville,17,15.3,6,6,mainGameOrder35,Safeway,Piedmont,12,11.1,5,5,mainGameOrder36,Safeway,Piedmont,13,11.1,5,5,mainGameOrder33+mainGameOrder35+mainGameOrder36,0.839002,mainGameOrder33+mainGameOrder35+mainGameOrder36,0.839002,0,3,bundle_correct,bundle_correct,,,0
p029,10,mainGameScenario10,Piedmont,,mainGameOrder37,Safeway,Piedmont,14,8.1,5,0,mainGameOrder38,Safeway,Piedmont,20,8.1,6,0,mainGameOrder39,Safeway,Piedmont,19,7.4,6,0,mainGameOrder40,Safeway,Piedmont,23,11.8,2,0,mainGameOrder40+mainGameOrder38+mainGameOrder39,1.671159,mainGameOrder39+mainGameOrder40,1.673307,0.001284,2,bundle_correct,bundle_correct,,,0
p029,11,mainGameScenario11,Piedmont,,mainGameOrder41,Berkeley Bowl,Berkeley,13,7.8,2,11,mainGameOrder42,Target,Emeryville,19,7.8,2,8,mainGameOrder43,Target,Emeryville,18,8.7,5,8,mainGameOrder44,Target,Emeryville,15,13.5,3,8,mainGameOrder42+mainGameOrder44+mainGameOrder43,1.195402,mainGameOrder42+mainGameOrder43,1.20915,0.01137,2,bundle_correct,bundle_correct,,,0
p029,12,mainGameScenario12,Emeryville,,mainGameOrder45,Target,Emeryville,16,13.5,3,0,mainGameOrder46,Target,Emeryville,14,9.6,5,0,mainGameOrder47,Target,Emeryville,22,13.5,6,0,mainGameOrder48,Target,Emeryville,14,13.5,2,0,mainGameOrder46+mainGameOrder47+mainGameOrder45,1.150442,mainGameOrder45+mainGameOrder46+mainGameOrder47,1.150442,0,3,bundle_correct,bundle_correct,,,0
p030,1,mainGameScenario1,Berkeley,,mainGameOrder1,Berkeley Bowl,Berkeley,22,7.8,3,0,mainGameOrder2,Berkeley Bowl,Berkeley,22,8.4,6,0,mainGameOrder3,Berkeley Bowl,Berkeley,15,9,4,0,mainGameOrder4,Sprouts Farmers Market,Oakland,18,9.75,2,10,mainGameOrder1+mainGameOrder2+mainGameOrder3,1.676136,mainGameOrder1,2.037037,0.177169,1,over_bundle,over_bundle,,,0
p030,2,mainGameScenario2,Berkeley,,mainGameOrder5,Berkeley Bowl,Berkeley,24,12,5,0,mainGameOrder6,Berkeley Bowl,Berkeley,15,11.4,4,0,mainGameOrder7,Berkeley Bowl,Berkeley,15,12,2,0,mainGameOrder8,Berkeley Bowl,Berkeley,20,7.8,3,0,mainGameOrder5+mainGameOrder8+mainGameOrder7,1.520619,mainGameOrder8,1.851852,0.178866,1,over_bundle,over_bundle,,,0
p030,3,mainGameScenario3,Berkeley,,mainGameOrder9,Berkeley Bowl,Berkeley,15,13.2,3,0,mainGameOrder10,Sprouts Farmers Market,Oakland,23,12.75,3,10,mainGameOrder11,Berkeley Bowl,Berkeley,23,12,6,0,mainGameOrder12,Berkeley Bowl,Berkeley,16,7.8,6,0,mainGameOrder9+mainGameOrder11+mainGameOrder12,1.216216,mainGameOrder11,1.277778,0.048179,1,over_bundle,over_bundle,,,0
p030,4,mainGameScenario4,Berkeley,,mainGameOrder13,Berkeley Bowl,Berkeley,17,7.2,4,0,mainGameOrder14,Berkeley Bowl,Berkeley,17,7.8,2,0,mainGameOrder15,Berkeley Bowl,Berkeley,20,12,2,0,mainGameOrder16,Berkeley Bowl,Berkeley,16,11.4,6,0,mainGameOrder13+mainGameOrder14+mainGameOrder15,1.6875,mainGameOrder14,1.734694,0.027206,1,over_bundle,over_bundle,,,0
p030,5,mainGameScenario5,Berkeley,,mainGameOrder17,Sprouts Farmers Market,Oakland,14,7.5,4,10,mainGameOrder18,Safeway,Piedmont,20,12.5,5,11,mainGameOrder19,Sprouts Farmers Market,Oakland,17,8.25,4,10,mainGameOrder20,Safeway,Piedmont,13,8.1,4,11,mainGameOrder17+mainGameOrder19,0.918519,mainGameOrder17+mainGameOrder19,0.918519,0,2,bundle_correct,bundle_correct,,,0
p030,6,mainGameScenario6,Oakland,,mainGameOrder21,Sprouts Farmers Market,Oakland,19,12,2,0,mainGameOrder22,Sprouts Farmers Market,Oakland,22,8.25,2,0,mainGameOrder23,Sprouts Farmers Market,Oakland,24,8.25,6,0,mainGameOrder24,Sprouts Farmers Market,Oakland,18,9.75,2,0,mainGameOrder23+mainGameOrder22+mainGameOrder24,1.841727,mainGameOrder22,2.146341,0.141923,1,over_bundle,over_bundle,,,0
p030,7,mainGameScenario7,Oakland,,mainGameOrder25,Sprouts Farmers Market,Oakland,12,13.5,4,0,mainGameOrder26,Target,Emeryville,17,13.5,2,6,mainGameOrder27,Sprouts Farmers Market,Oakland,21,9,4,0,mainGameOrder28,Sprouts Farmers Market,Oakland,21,8.25,3,0,mainGameOrder27+mainGameOrder25+mainGameOrder28,1.367089,mainGameOrder28,1.866667,0.267631,1,over_bundle,over_bundle,,,0
p030,8,mainGameScenario8,Oakland,,mainGameOrder29,Sprouts Farmers Market,Oakland,17,8.25,3,0,mainGameOrder30,Sprouts Farmers Market,Oakland,15,13.5,6,0,mainGameOrder31,Sprouts Farmers Market,Oakland,15,12.75,5,0,mainGameOrder32,Sprouts Farmers Market,Oakland,14,8.25,3,0,mainGameOrder29+mainGameOrder30+mainGameOrder32,1.135802,mainGameOrder29,1.511111,0.248366,1,over_bundle,over_bundle,,,0
p030,9,mainGameScenario9,Oakland,,mainGameOrder33,Safeway,Piedmont,12,8.1,3,5,mainGameOrder34,Target,Emeryville,17,15.3,6,6,mainGameOrder35,Safeway,Piedmont,12,11.1,5,5,mainGameOrder36,Safeway,Piedmont,13,11.1,5,5,mainGameOrder33+mainGameOrder35+mainGameOrder36,0.839002,mainGameOrder33+mainGameOrder35+mainGameOrder36,0.839002,0,3,bundle_correct,bundle_correct,,,0
p030,10,mainGameScenario10,Piedmont,,mainGameOrder37,Safeway,Piedmont,14,8.1,5,0,mainGameOrder38,Safeway,Piedmont,20,8.1,6,0,mainGameOrder39,Safeway,Piedmont,19,7.4,6,0,mainGameOrder40,Safeway,Piedmont,23,11.8,2,0,mainGameOrder38+mainGameOrder40+mainGameOrder39,1.671159,mainGameOrder39+mainGameOrder40,1.673307,0.001284,2,bundle_correct,bundle_correct,,,0
p030,11,mainGameScenario11,Piedmont,,mainGameOrder41,Berkeley Bowl,Berkeley,13,7.8,2,11,mainGameOrder42,Target,Emeryville,19,7.8,2,8,mainGameOrder43,Target,Emeryville,18,8.7,5,8,mainGameOrder44,Target,Emeryville,15,13.5,3,8,mainGameOrder42+mainGameOrder44+mainGameOrder43,1.195402,mainGameOrder42+mainGameOrder43,1.20915,0.01137,2,bundle_correct,bundle_correct,,,0
p030,12,mainGameScenario12,Emeryville,,mainGameOrder45,Target,Emeryville,16,13.5,3,0,mainGameOrder46,Target,Emeryville,14,9.6,5,0,mainGameOrder47,Target,Emeryville,22,13.5,6,0,mainGameOrder48,Target,Emeryville,14,13.5,2,0,mainGameOrder47+mainGameOrder45+mainGameOrder46,1.150442,mainGameOrder45+mainGameOrder46+mainGameOrder47,1.150442,0,3,bundle_correct,bundle_correct,,,0
p030,13,mainGameScenario13,Emeryville,,mainGameOrder49,Target,Emeryville,24,11.7,2,0,mainGameOrder50,Berkeley Bowl,Berkeley,17,8.4,6,7,mainGameOrder51,Berkeley Bowl,Berkeley,14,7.8,5,7,mainGameOrder52,Target,Emeryville,12,9.6,5,0,mainGameOrder49+mainGameOrder52,1.358491,mainGameOrder49,1.751825,0.224528,1,over_bundle,over_bundle,,,0
p030,14,mainGameScenario14,Emeryville,,mainGameOrder53,Target,Emeryville,21,13.5,6,0,mainGameOrder54,Target,Emeryville,14,13.5,5,0,mainGameOrder55,Target,Emeryville,22,13.5,6,0,mainGameOrder56,Target,Emeryville,18,7.8,6,0,mainGameOrder55+mainGameOrder53+mainGameOrder56,1.26294,mainGameOrder56,1.304348,0.031746,1,over_bundle,over_bundle,,,0
p030,15,mainGameScenario15,Emeryville,,mainGameOrder57,Safeway,Piedmont,22,7.4,4,8,mainGameOrder58,Sprouts Farmers Market,Oakland,18,13.5,2,6,mainGameOrder59,Safeway,Piedmont,17,7.4,4,8,mainGameOrder60,Safeway,Piedmont,22,11.8,5,8,mainGameOrder58,0.837209,mainGameOrder57+mainGameOrder59+mainGameOrder60,1.40553,0.404346,3,bundle_correct,bundle_correct,,,0
p030,16,mainGameScenario16,Oakland,,mainGameOrder61,Safeway,Piedmont,24,12.5,3,5,mainGameOrder62,Safeway,Piedmont,24,8.1,2,5,mainGameOrder63,Safeway,Piedmont,18,12.5,4,5,mainGameOrder64,Safeway,Piedmont,22,11.1,2,5,mainGameOrder61+mainGameOrder62+mainGameOrder64,1.772152,mainGameOrder62,1.589404,0,1,over_bundle,over_bundle,,,0
p030,17,mainGameScenario17,Piedmont,,mainGameOrder65,Safeway,Piedmont,19,7.4,6,0,mainGameOrder66,Sprouts Farmers Market,Oakland,22,7.5,3,5,mainGameOrder67,Sprouts Farmers Market,Oakland,17,12.75,6,5,mainGameOrder68,Sprouts Farmers Market,Oakland,13,12.75,6,5,mainGameOrder65,1.41791,mainGameOrder66,1.419355,0.001018,1,over_bundle,over_bundle,,,0
p030,18,mainGameScenario18,Piedmont,,mainGameOrder69,Sprouts Farmers Market,Oakland,14,8.25,5,5,mainGameOrder70,Sprouts Farmers Market,Oakland,13,8.25,3,5,mainGameOrder71,Sprouts Farmers Market,Oakland,22,14.25,3,5,mainGameOrder72,Sprouts Farmers Market,Oakland,19,9,4,5,mainGameOrder71+mainGameOrder72+mainGameOrder69,1.208791,mainGameOrder71+mainGameOrder72,1.242424,0.02707,2,bundle_correct,bundle_correct,,,0
p030,19,mainGameScenario19,Oakland,,mainGameOrder73,Sprouts Farmers Market,Oakland,12,12.75,5,0,mainGameOrder74,Safeway,Piedmont,17,7.4,5,5,mainGameOrder75,Sprouts Farmers Market,Oakland,18,9,3,0,mainGameOrder76,Sprouts Farmers Market,Oakland,24,14.25,2,0,mainGameOrder76+mainGameOrder75+mainGameOrder73,1.255814,mainGameOrder75,1.5,0.162791,1,over_bundle,over_bundle,,,0
p031,1,mainGameScenario1,Berkeley,,mainGameOrder1,Berkeley Bowl,Berkeley,22,7.8,3,0,mainGameOrder2,Berkeley Bowl,Berkeley,22,8.4,6,0,mainGameOrder3,Berkeley Bowl,Berkeley,15,9,4,0,mainGameOrder4,Sprouts Farmers Market,Oakland,18,9.75,2,10,mainGameOrder1+mainGameOrder2,1.788618,mainGameOrder1,2.037037,0.121951,1,over_bundle,over_bundle,,,0
p031,2,mainGameScenario2,Berkeley,,mainGameOrder5,Berkeley Bowl,Berkeley,24,12,5,0,mainGameOrder6,Berkeley Bowl,Berkeley,15,11.4,4,0,mainGameOrder7,Berkeley Bowl,Berkeley,15,12,2,0,mainGameOrder8,Berkeley Bowl,Berkeley,20,7.8,3,0,mainGameOrder8+mainGameOrder5,1.654135,mainGameOrder8,1.851852,0.106767,1,over_bundle,over_bundle,,,0
p031,3,mainGameScenario3,Berkeley,,mainGameOrder9,Berkeley Bowl,Berkeley,15,13.2,3,0,mainGameOrder10,Sprouts Farmers Market,Oakland,23,12.75,3,10,mainGameOrder11,Berkeley Bowl,Berkeley,23,12,6,0,mainGameOrder12,Berkeley Bowl,Berkeley,16,7.8,6,0,mainGameOrder11+mainGameOrder12,1.25,mainGameOrder11,1.277778,0.021739,1,over_bundle,over_bundle,,,0
p031,4,mainGameScenario4,Berkeley,,mainGameOrder13,Berkeley Bowl,Berkeley,17,7.2,4,0,mainGameOrder14,Berkeley Bowl,Berkeley,17,7.8,2,0,mainGameOrder15,Berkeley Bowl,Berkeley,20,12,2,0,mainGameOrder16,Berkeley Bowl,Berkeley,16,11.4,6,0,mainGameOrder15+mainGameOrder14,1.637168,mainGameOrder14,1.734694,0.056221,1,over_bundle,over_bundle,,,0
p031,5,mainGameScenario5,Berkeley,,mainGameOrder17,Sprouts Farmers Market,Oakland,14,7.5,4,10,mainGameOrder18,Safeway,Piedmont,20,12.5,5,11,mainGameOrder19,Sprouts Farmers Market,Oakland,17,8.25,4,10,mainGameOrder20,Safeway,Piedmont,13,8.1,4,11,mainGameOrder19,0.764045,mainGameOrder17+mainGameOrder19,0.918519,0.168177,2,bundle_correct,bundle_correct,,,0
p031,6,mainGameScenario6,Oakland,,mainGameOrder21,Sprouts Farmers Market,Oakland,19,12,2,0,mainGameOrder22,Sprouts Farmers Market,Oakland,22,8.25,2,0,mainGameOrder23,Sprouts Farmers Market,Oakland,24,8.25,6,0,mainGameOrder24,Sprouts Farmers Market,Oakland,18,9.75,2,0,mainGameOrder22+mainGameOrder23,1.936842,mainGameOrder22,2.146341,0.097608,1,over_bundle,over_bundle,,,0
p031,7,mainGameScenario7,Oakland,,mainGameOrder25,Sprouts Farmers Market,Oakland,12,13.5,4,0,mainGameOrder26,Target,Emeryville,17,13.5,2,6,mainGameOrder27,Sprouts Farmers Market,Oakland,21,9,4,0,mainGameOrder28,Sprouts Farmers Market,Oakland,21,8.25,3,0,mainGameOrder27+mainGameOrder28,1.787234,mainGameOrder28,1.866667,0.042553,1,over_bundle,over_bundle,,,0
p031,8,mainGameScenario8,Oakland,,mainGameOrder29,Sprouts Farmers Market,Oakland,17,8.25,3,0,mainGameOrder30,Sprouts Farmers Market,Oakland,15,13.5,6,0,mainGameOrder31,Sprouts Farmers Market,Oakland,15,12.75,5,0,mainGameOrder32,Sprouts Farmers Market,Oakland,14,8.25,3,0,mainGameOrder29+mainGameOrder32,1.47619,mainGameOrder29,1.511111,0.023109,1,over_bundle,over_bundle,,,0
p031,9,mainGameScenario9,Oakland,,mainGameOrder33,Safeway,Piedmont,12,8.1,3,5,mainGameOrder34,Target,Emeryville,17,15.3,6,6,mainGameOrder35,Safeway,Piedmont,12,11.1,5,5,mainGameOrder36,Safeway,Piedmont,13,11.1,5,5,mainGameOrder33,0.745342,mainGameOrder33+mainGameOrder35+mainGameOrder36,0.839002,0.111633,3,bundle_correct,bundle_correct,,,0
p031,10,mainGameScenario10,Piedmont,,mainGameOrder37,Safeway,Piedmont,14,8.1,5,0,mainGameOrder38,Safeway,Piedmont,20,8.1,6,0,mainGameOrder39,Safeway,Piedmont,19,7.4,6,0,mainGameOrder40,Safeway,Piedmont,23,11.8,2,0,mainGameOrder40+mainGameOrder38,1.666667,mainGameOrder39+mainGameOrder40,1.673307,0.003968,2,bundle_correct,bundle_correct,,,0
p031,11,mainGameScenario11,Piedmont,,mainGameOrder41,Berkeley Bowl,Berkeley,13,7.8,2,11,mainGameOrder42,Target,Emeryville,19,7.8,2,8,mainGameOrder43,Target,Emeryville,18,8.7,5,8,mainGameOrder44,Target,Emeryville,15,13.5,3,8,mainGameOrder42+mainGameOrder43,1.20915,mainGameOrder42+mainGameOrder43,1.20915,0,2,bundle_correct,bundle_correct,,,0
p031,12,mainGameScenario12,Emeryville,,mainGameOrder45,Target,Emeryville,16,13.5,3,0,mainGameOrder46,Target,Emeryville,14,9.6,5,0,mainGameOrder47,Target,Emeryville,22,13.5,6,0,mainGameOrder48,Target,Emeryville,14,13.5,2,0,mainGameOrder47,1.128205,mainGameOrder45+mainGameOrder46+mainGameOrder47,1.150442,0.019329,3,bundle_correct,bundle_correct,,,0
p032,1,mainGameScenario1,Berkeley,,mainGameOrder1,Berkeley Bowl,Berkeley,22,7.8,3,0,mainGameOrder2,Berkeley Bowl,Berkeley,22,8.4,6,0,mainGameOrder3,Berkeley Bowl,Berkeley,15,9,4,0,mainGameOrder4,Sprouts Farmers Market,Oakland,18,9.75,2,10,mainGameOrder1+mainGameOrder2,1.788618,mainGameOrder1,2.037037,0.121951,1,over_bundle,over_bundle,,,0
p032,2,mainGameScenario2,Berkeley,,mainGameOrder5,Berkeley Bowl,Berkeley,24,12,5,0,mainGameOrder6,Berkeley Bowl,Berkeley,15,11.4,4,0,mainGameOrder7,Berkeley Bowl,Berkeley,15,12,2,0,mainGameOrder8,Berkeley Bowl,Berkeley,20,7.8,3,0,mainGameOrder5+mainGameOrder8,1.654135,mainGameOrder8,1.851852,0.106767,1,over_bundle,over_bundle,,,0
p032,3,mainGameScenario3,Berkeley,,mainGameOrder9,Berkeley Bowl,Berkeley,15,13.2,3,0,mainGameOrder10,Sprouts Farmers Market,Oakland,23,12.75,3,10,mainGameOrder11,Berkeley Bowl,Berkeley,23,12,6,0,mainGameOrder12,Berkeley Bowl,Berkeley,16,7.8,6,0,mainGameOrder11+mainGameOrder12,1.25,mainGameOrder11,1.277778,0.021739,1,over_bundle,over_bundle,,,0
p032,4,mainGameScenario4,Berkeley,,mainGameOrder13,Berkeley Bowl,Berkeley,17,7.2,4,0,mainGameOrder14,Berkeley Bowl,Berkeley,17,7.8,2,0,mainGameOrder15,Berkeley Bowl,Berkeley,20,12,2,0,mainGameOrder16,Berkeley Bowl,Berkeley,16,11.4,6,0,mainGameOrder14+mainGameOrder15+mainGameOrder13,1.6875,mainGameOrder14,1.734694,0.027206,1,over_bundle,over_bundle,,,0
p032,5,mainGameScenario5,Berkeley,,mainGameOrder17,Sprouts Farmers Market,Oakland,14,7.5,4,10,mainGameOrder18,Safeway,Piedmont,20,12.5,5,11,mainGameOrder19,Sprouts Farmers Market,Oakland,17,8.25,4,10,mainGameOrder20,Safeway,Piedmont,13,8.1,4,11,mainGameOrder19+mainGameOrder17,0.918519,mainGameOrder17+mainGameOrder19,0.918519,0,2,bundle_correct,bundle_correct,,,0
p032,6,mainGameScenario6,Oakland,,mainGameOrder21,Sprouts Farmers Market,Oakland,19,12,2,0,mainGameOrder22,Sprouts Farmers Market,Oakland,22,8.25,2,0,mainGameOrder23,Sprouts Farmers Market,Oakland,24,8.25,6,0,mainGameOrder24,Sprouts Farmers Market,Oakland,18,9.75,2,0,mainGameOrder22+mainGameOrder23+mainGameOrder21,1.830986,mainGameOrder22,2.146341,0.146927,1,over_bundle,over_bundle,,,0
p032,7,mainGameScenario7,Oakland,,mainGameOrder25,Sprouts Farmers Market,Oakland,12,13.5,4,0,mainGameOrder26,Target,Emeryville,17,13.5,2,6,mainGameOrder27,Sprouts Farmers Market,Oakland,21,9,4,0,mainGameOrder28,Sprouts Farmers Market,Oakland,21,8.25,3,0,mainGameOrder27+mainGameOrder28,1.787234,mainGameOrder28,1.866667,0.042553,1,over_bundle,over_bundle,,,0
p032,8,mainGameScenario8,Oakland,,mainGameOrder29,Sprouts Farmers Market,Oakland,17,8.25,3,0,mainGameOrder30,Sprouts Farmers Market,Oakland,15,13.5,6,0,mainGameOrder31,Sprouts Farmers Market,Oakland,15,12.75,5,0,mainGameOrder32,Sprouts Farmers Market,Oakland,14,8.25,3,0,mainGameOrder29+mainGameOrder32,1.47619,mainGameOrder29,1.511111,0.023109,1,over_bundle,over_bundle,,,0
p032,9,mainGameScenario9,Oakland,,mainGameOrder33,Safeway,Piedmont,12,8.1,3,5,mainGameOrder34,Target,Emeryville,17,15.3,6,6,mainGameOrder35,Safeway,Piedmont,12,11.1,5,5,mainGameOrder36,Safeway,Piedmont,13,11.1,5,5,mainGameOrder33+mainGameOrder35,0.779221,mainGameOrder33+mainGameOrder35+mainGameOrder36,0.839002,0.071253,3,bundle_correct,bundle_correct,,,0
p032,10,mainGameScenario10,Piedmont,,mainGameOrder37,Safeway,Piedmont,14,8.1,5,0,mainGameOrder38,Safeway,Piedmont,20,8.1,6,0,mainGameOrder39,Safeway,Piedmont,19,7.4,6,0,mainGameOrder40,Safeway,Piedmont,23,11.8,2,0,mainGameOrder38+mainGameOrder39+mainGameOrder40,1.671159,mainGameOrder39+mainGameOrder40,1.673307,0.001284,2,bundle_correct,bundle_correct,,,0
p032,11,mainGameScenario11,Piedmont,,mainGameOrder41,Berkeley Bowl,Berkeley,13,7.8,2,11,mainGameOrder42,Target,Emeryville,19,7.8,2,8,mainGameOrder43,Target,Emeryville,18,8.7,5,8,mainGameOrder44,Target,Emeryville,15,13.5,3,8,mainGameOrder42,1.067416,mainGameOrder42+mainGameOrder43,1.20915,0.117218,2,bundle_correct,bundle_correct,,,0
p032,12,mainGameScenario12,Emeryville,,mainGameOrder45,Target,Emeryville,16,13.5,3,0,mainGameOrder46,Target,Emeryville,14,9.6,5,0,mainGameOrder47,Target,Emeryville,22,13.5,6,0,mainGameOrder48,Target,Emeryville,14,13.5,2,0,mainGameOrder47+mainGameOrder46,1.146497,mainGameOrder45+mainGameOrder46+mainGameOrder47,1.150442,0.00343,3,bundle_correct,bundle_correct,,,0
p032,13,mainGameScenario13,Emeryville,,mainGameOrder49,Target,Emeryville,24,11.7,2,0,mainGameOrder50,Berkeley Bowl,Berkeley,17,8.4,6,7,mainGameOrder51,Berkeley Bowl,Berkeley,14,7.8,5,7,mainGameOrder52,Target,Emeryville,12,9.6,5,0,mainGameOrder49,1.751825,mainGameOrder49,1.751825,0,1,over_bundle,over_bundle,,,0
p032,14,mainGameScenario14,Emeryville,,mainGameOrder53,Target,Emeryville,21,13.5,6,0,mainGameOrder54,Target,Emeryville,14,13.5,5,0,mainGameOrder55,Target,Emeryville,22,13.5,6,0,mainGameOrder56,Target,Emeryville,18,7.8,6,0,mainGameOrder53+mainGameOrder55,1.214689,mainGameOrder56,1.304348,0.068738,1,over_bundle,over_bundle,,,0
p032,15,mainGameScenario15,Emeryville,,mainGameOrder57,Safeway,Piedmont,22,7.4,4,8,mainGameOrder58,Sprouts Farmers Market,Oakland,18,13.5,2,6,mainGameOrder59,Safeway,Piedmont,17,7.4,4,8,mainGameOrder60,Safeway,Piedmont,22,11.8,5,8,mainGameOrder57+mainGameOrder59,1.358885,mainGameOrder57+mainGameOrder59+mainGameOrder60,1.40553,0.033187,3,bundle_correct,bundle_correct,,,0
p032,16,mainGameScenario16,Piedmont,,mainGameOrder61,Safeway,Piedmont,24,12.5,3,0,mainGameOrder62,Safeway,Piedmont,24,8.1,2,0,mainGameOrder63,Safeway,Piedmont,18,12.5,4,0,mainGameOrder64,Safeway,Piedmont,22,11.1,2,0,mainGameOrder62+mainGameOrder61+mainGameOrder64,2.028986,mainGameOrder62,2.376238,0.146135,1,over_bundle,over_bundle,,,0
p032,17,mainGameScenario17,Piedmont,,mainGameOrder65,Safeway,Piedmont,19,7.4,6,0,mainGameOrder66,Sprouts Farmers Market,Oakland,22,7.5,3,5,mainGameOrder67,Sprouts Farmers Market,Oakland,17,12.75,6,5,mainGameOrder68,Sprouts Farmers Market,Oakland,13,12.75,6,5,mainGameOrder65,1.41791,mainGameOrder66,1.419355,0.001018,1,over_bundle,over_bundle,,,0
p032,18,mainGameScenario18,Piedmont,,mainGameOrder69,Sprouts Farmers Market,Oakland,14,8.25,5,5,mainGameOrder70,Sprouts Farmers Market,Oakland,13,8.25,3,5,mainGameOrder71,Sprouts Farmers Market,Oakland,22,14.25,3,5,mainGameOrder72,Sprouts Farmers Market,Oakland,19,9,4,5,mainGameOrder71,0.988764,mainGameOrder71+mainGameOrder72,1.242424,0.204166,2,bundle_correct,bundle_correct,,,0
p032,19,mainGameScenario19,Oakland,,mainGameOrder73,Sprouts Farmers Market,Oakland,12,12.75,5,0,mainGameOrder74,Safeway,Piedmont,17,7.4,5,5,mainGameOrder75,Sprouts Farmers Market,Oakland,18,9,3,0,mainGameOrder76,Sprouts Farmers Market,Oakland,24,14.25,2,0,mainGameOrder75+mainGameOrder76,1.486726,mainGameOrder75,1.5,0.00885,1,over_bundle,over_bundle,,,0
p032,20,mainGameScenario20,Oakland,,mainGameOrder77,Sprouts Farmers Market,Oakland,24,14.25,6,0,mainGameOrder78,Sprouts Farmers Market,Oakland,23,8.25,4,0,mainGameOrder79,Sprouts Farmers Market,Oakland,17,14.25,4,0,mainGameOrder80,Sprouts Farmers Market,Oakland,20,11.25,5,0,mainGameOrder78+mainGameOrder77,1.553719,mainGameOrder78,1.877551,0.172476,1,over_bundle,over_bundle,,,0
p032,21,mainGameScenario21,Oakland,,mainGameOrder81,Safeway,Piedmont,20,8.1,4,5,mainGameOrder82,Safeway,Piedmont,17,12.5,2,5,mainGameOrder83,Berkeley Bowl,Berkeley,24,7.8,3,10,mainGameOrder84,Safeway,Piedmont,21,7.4,3,5,mainGameOrder81+mainGameOrder84+mainGameOrder82,1.534392,mainGameOrder81+mainGameOrder84,1.570881,0.023229,2,bundle_correct,bundle_correct,,,0
p032,22,mainGameScenario22,Piedmont,,mainGameOrder85,Safeway,Piedmont,17,8.1,2,0,mainGameOrder86,Safeway,Piedmont,22,8.1,3,0,mainGameOrder87,Safeway,Piedmont,19,11.1,2,0,mainGameOrder88,Safeway,Piedmont,16,7.4,2,0,mainGameOrder86+mainGameOrder88,2.065217,mainGameOrder86+mainGameOrder88,2.065217,0,2,bundle_correct,bundle_correct,,,0
p032,23,mainGameScenario23,Piedmont,,mainGameOrder89,Safeway,Piedmont,16,11.1,6,0,mainGameOrder90,Berkeley Bowl,Berkeley,21,11.4,2,11,mainGameOrder91,Safeway,Piedmont,22,11.8,5,0,mainGameOrder92,Safeway,Piedmont,19,11.1,5,0,mainGameOrder91+mainGameOrder92+mainGameOrder89,1.283784,mainGameOrder91+mainGameOrder92,1.362126,0.057515,2,bundle_correct,bundle_correct,,,0
p032,24,mainGameScenario24,Piedmont,,mainGameOrder93,Safeway,Piedmont,17,8.1,6,0,mainGameOrder94,Safeway,Piedmont,21,8.1,3,0,mainGameOrder95,Safeway,Piedmont,19,8.1,3,0,mainGameOrder96,Safeway,Piedmont,15,7.4,6,0,mainGameOrder96+mainGameOrder93,1.259843,mainGameOrder94,1.891892,0.334083,1,over_bundle,over_bundle,,,0
p032,25,mainGameScenario25,Piedmont,,mainGameOrder97,Sprouts Farmers Market,Oakland,12,13.5,5,5,mainGameOrder98,Target,Emeryville,18,13.5,6,8,mainGameOrder99,Target,Emeryville,17,10.5,3,8,mainGameOrder100,Sprouts Farmers Market,Oakland,15,9,5,5,mainGameOrder98+mainGameOrder99,0.892857,mainGameOrder98+mainGameOrder99,0.892857,0,2,bundle_correct,bundle_correct,,,0
p033,1,mainGameScenario1,Berkeley,,mainGameOrder1,Berkeley Bowl,Berkeley,22,7.8,3,0,mainGameOrder2,Berkeley Bowl,Berkeley,22,8.4,6,0,mainGameOrder3,Berkeley Bowl,Berkeley,15,9,4,0,mainGameOrder4,Sprouts Farmers Market,Oakland,18,9.75,2,10,mainGameOrder1+mainGameOrder2,1.788618,mainGameOrder1,2.037037,0.121951,1,over_bundle,over_bundle,,,0
p033,2,mainGameScenario2,Berkeley,,mainGameOrder5,Berkeley Bowl,Berkeley,24,12,5,0,mainGameOrder6,Berkeley Bowl,Berkeley,15,11.4,4,0,mainGameOrder7,Berkeley Bowl,Berkeley,15,12,2,0,mainGameOrder8,Berkeley Bowl,Berkeley,20,7.8,3,0,mainGameOrder8+mainGameOrder5,1.654135,mainGameOrder8,1.851852,0.106767,1,over_bundle,over_bundle,,,0
p033,3,mainGameScenario3,Berkeley,,mainGameOrder9,Berkeley Bowl,Berkeley,15,13.2,3,0,mainGameOrder10,Sprouts Farmers Market,Oakland,23,12.75,3,10,mainGameOrder11,Berkeley Bowl,Berkeley,23,12,6,0,mainGameOrder12,Berkeley Bowl,Berkeley,16,7.8,6,0,mainGameOrder12+mainGameOrder11,1.25,mainGameOrder11,1.277778,0.021739,1,over_bundle,over_bundle,,,0
p033,4,mainGameScenario4,Berkeley,,mainGameOrder13,Berkeley Bowl,Berkeley,17,7.2,4,0,mainGameOrder14,Berkeley Bowl,Berkeley,17,7.8,2,0,mainGameOrder15,Berkeley Bowl,Berkeley,20,12,2,0,mainGameOrder16,Berkeley Bowl,Berkeley,16,11.4,6,0,mainGameOrder13+mainGameOrder14,1.666667,mainGameOrder14,1.734694,0.039216,1,over_bundle,over_bundle,,,0
p033,5,mainGameScenario5,Berkeley,,mainGameOrder17,Sprouts Farmers Market,Oakland,14,7.5,4,10,mainGameOrder18,Safeway,Piedmont,20,12.5,5,11,mainGameOrder19,Sprouts Farmers Market,Oakland,17,8.25,4,10,mainGameOrder20,Safeway,Piedmont,13,8.1,4,11,mainGameOrder19,0.764045,mainGameOrder17+mainGameOrder19,0.918519,0.168177,2,bundle_correct,bundle_correct,,,0
p033,6,mainGameScenario6,Oakland,,mainGameOrder21,Sprouts Farmers Market,Oakland,19,12,2,0,mainGameOrder22,Sprouts Farmers Market,Oakland,22,8.25,2,0,mainGameOrder23,Sprouts Farmers Market,Oakland,24,8.25,6,0,mainGameOrder24,Sprouts Farmers Market,Oakland,18,9.75,2,0,mainGameOrder23+mainGameOrder24+mainGameOrder22,1.841727,mainGameOrder22,2.146341,0.141923,1,over_bundle,over_bundle,,,0
p033,7,mainGameScenario7,Oakland,,mainGameOrder25,Sprouts Farmers Market,Oakland,12,13.5,4,0,mainGameOrder26,Target,Emeryville,17,13.5,2,6,mainGameOrder27,Sprouts Farmers Market,Oakland,21,9,4,0,mainGameOrder28,Sprouts Farmers Market,Oakland,21,8.25,3,0,mainGameOrder28+mainGameOrder27,1.787234,mainGameOrder28,1.866667,0.042553,1,over_bundle,over_bundle,,,0
p033,8,mainGameScenario8,Oakland,,mainGameOrder29,Sprouts Farmers Market,Oakland,17,8.25,3,0,mainGameOrder30,Sprouts Farmers Market,Oakland,15,13.5,6,0,mainGameOrder31,Sprouts Farmers Market,Oakland,15,12.75,5,0,mainGameOrder32,Sprouts Farmers Market,Oakland,14,8.25,3,0,mainGameOrder32+mainGameOrder29,1.47619,mainGameOrder29,1.511111,0.023109,1,over_bundle,over_bundle,,,0
p033,9,mainGameScenario9,Oakland,,mainGameOrder33,Safeway,Piedmont,12,8.1,3,5,mainGameOrder34,Target,Emeryville,17,15.3,6,6,mainGameOrder35,Safeway,Piedmont,12,11.1,5,5,mainGameOrder36,Safeway,Piedmont,13,11.1,5,5,mainGameOrder33,0.745342,mainGameOrder33+mainGameOrder35+mainGameOrder36,0.839002,0.111633,3,bundle_correct,bundle_correct,,,0
p033,10,mainGameScenario10,Piedmont,,mainGameOrder37,Safeway,Piedmont,14,8.1,5,0,mainGameOrder38,Safeway,Piedmont,20,8.1,6,0,mainGameOrder39,Safeway,Piedmont,19,7.4,6,0,mainGameOrder40,Safeway,Piedmont,23,11.8,2,0,mainGameOrder40+mainGameOrder38+mainGameOrder39,1.671159,mainGameOrder39+mainGameOrder40,1.673307,0.001284,2,bundle_correct,bundle_correct,,,0
p033,11,mainGameScenario11,Piedmont,,mainGameOrder41,Berkeley Bowl,Berkeley,13,7.8,2,11,mainGameOrder42,Target,Emeryville,19,7.8,2,8,mainGameOrder43,Target,Emeryville,18,8.7,5,8,mainGameOrder44,Target,Emeryville,15,13.5,3,8,mainGameOrder42+mainGameOrder43,1.20915,mainGameOrder42+mainGameOrder43,1.20915,0,2,bundle_correct,bundle_correct,,,0
p033,12,mainGameScenario12,Emeryville,,mainGameOrder45,Target,Emeryville,16,13.5,3,0,mainGameOrder46,Target,Emeryville,14,9.6,5,0,mainGameOrder47,Target,Emeryville,22,13.5,6,0,mainGameOrder48,Target,Emeryville,14,13.5,2,0,mainGameOrder47+mainGameOrder45+mainGameOrder46,1.150442,mainGameOrder45+mainGameOrder46+mainGameOrder47,1.150442,0,3,bundle_correct,bundle_correct,,,0
p033,13,mainGameScenario13,Emeryville,,mainGameOrder49,Target,Emeryville,24,11.7,2,0,mainGameOrder50,Berkeley Bowl,Berkeley,17,8.4,6,7,mainGameOrder51,Berkeley Bowl,Berkeley,14,7.8,5,7,mainGameOrder52,Target,Emeryville,12,9.6,5,0,mainGameOrder49,1.751825,mainGameOrder49,1.751825,0,1,over_bundle,over_bundle,,,0
p033,14,mainGameScenario14,Emeryville,,mainGameOrder53,Target,Emeryville,21,13.5,6,0,mainGameOrder54,Target,Emeryville,14,13.5,5,0,mainGameOrder55,Target,Emeryville,22,13.5,6,0,mainGameOrder56,Target,Emeryville,18,7.8,6,0,mainGameOrder53+mainGameOrder55+mainGameOrder56,1.26294,mainGameOrder56,1.304348,0.031746,1,over_bundle,over_bundle,,,0
p033,15,mainGameScenario15,Emeryville,,mainGameOrder57,Safeway,Piedmont,22,7.4,4,8,mainGameOrder58,Sprouts Farmers Market,Oakland,18,13.5,2,6,mainGameOrder59,Safeway,Piedmont,17,7.4,4,8,mainGameOrder60,Safeway,Piedmont,22,11.8,5,8,mainGameOrder57+mainGameOrder60,1.290323,mainGameOrder57+mainGameOrder59+mainGameOrder60,1.40553,0.081967,3,bundle_correct,bundle_correct,,,0
p033,16,mainGameScenario16,Piedmont,,mainGameOrder61,Safeway,Piedmont,24,12.5,3,0,mainGameOrder62,Safeway,Piedmont,24,8.1,2,0,mainGameOrder63,Safeway,Piedmont,18,12.5,4,0,mainGameOrder64,Safeway,Piedmont,22,11.1,2,0,mainGameOrder62+mainGameOrder61+mainGameOrder64,2.028986,mainGameOrder62,2.376238,0.146135,1,over_bundle,over_bundle,,,0
p033,17,mainGameScenario17,Piedmont,,mainGameOrder65,Safeway,Piedmont,19,7.4,6,0,mainGameOrder66,Sprouts Farmers Market,Oakland,22,7.5,3,5,mainGameOrder67,Sprouts Farmers Market,Oakland,17,12.75,6,5,mainGameOrder68,Sprouts Farmers Market,Oakland,13,12.75,6,5,mainGameOrder65,1.41791,mainGameOrder66,1.419355,0.001018,1,over_bundle,over_bundle,,,0
p034,1,mainGameScenario1,Berkeley,,mainGameOrder1,Berkeley Bowl,Berkeley,22,7.8,3,0,mainGameOrder2,Berkeley Bowl,Berkeley,22,8.4,6,0,mainGameOrder3,Berkeley Bowl,Berkeley,15,9,4,0,mainGameOrder4,Sprouts Farmers Market,Oakland,18,9.75,2,10,mainGameOrder2+mainGameOrder1+mainGameOrder3,1.676136,mainGameOrder1,2.037037,0.177169,1,over_bundle,over_bundle,,,0
p034,2,mainGameScenario2,Berkeley,,mainGameOrder5,Berkeley Bowl,Berkeley,24,12,5,0,mainGameOrder6,Berkeley Bowl,Berkeley,15,11.4,4,0,mainGameOrder7,Berkeley Bowl,Berkeley,15,12,2,0,mainGameOrder8,Berkeley Bowl,Berkeley,20,7.8,3,0,mainGameOrder6+mainGameOrder8+mainGameOrder5,1.489899,mainGameOrder8,1.851852,0.195455,1,over_bundle,over_bundle,,,0
p034,3,mainGameScenario3,Berkeley,,mainGameOrder9,Berkeley Bowl,Berkeley,15,13.2,3,0,mainGameOrder10,Sprouts Farmers Market,Oakland,23,12.75,3,10,mainGameOrder11,Berkeley Bowl,Berkeley,23,12,6,0,mainGameOrder12,Berkeley Bowl,Berkeley,16,7.8,6,0,mainGameOrder11+mainGameOrder9+mainGameOrder12,1.216216,mainGameOrder11,1.277778,0.048179,1,over_bundle,over_bundle,,,0
p034,4,mainGameScenario4,Berkeley,,mainGameOrder13,Berkeley Bowl,Berkeley,17,7.2,4,0,mainGameOrder14,Berkeley Bowl,Berkeley,17,7.8,2,0,mainGameOrder15,Berkeley Bowl,Berkeley,20,12,2,0,mainGameOrder16,Berkeley Bowl,Berkeley,16,11.4,6,0,mainGameOrder15+mainGameOrder13+mainGameOrder16,1.358974,mainGameOrder14,1.734694,0.216591,1,over_bundle,over_bundle,,,0
p034,5,mainGameScenario5,Berkeley,,mainGameOrder17,Sprouts Farmers Market,Oakland,14,7.5,4,10,mainGameOrder18,Safeway,Piedmont,20,12.5,5,11,mainGameOrder19,Sprouts Farmers Market,Oakland,17,8.25,4,10,mainGameOrder20,Safeway,Piedmont,13,8.1,4,11,mainGameOrder20+mainGameOrder18,0.841837,mainGameOrder17+mainGameOrder19,0.918519,0.083484,2,bundle_correct,bundle_correct,,,0
p034,6,mainGameScenario6,Piedmont,,mainGameOrder21,Sprouts Farmers Market,Oakland,19,12,2,5,mainGameOrder22,Sprouts Farmers Market,Oakland,22,8.25,2,5,mainGameOrder23,Sprouts Farmers Market,Oakland,24,8.25,6,5,mainGameOrder24,Sprouts Farmers Market,Oakland,18,9.75,2,5,mainGameOrder21+mainGameOrder23+mainGameOrder22,1.604938,mainGameOrder22,1.442623,0,1,over_bundle,over_bundle,,,0
p034,7,mainGameScenario7,Oakland,,mainGameOrder25,Sprouts Farmers Market,Oakland,12,13.5,4,0,mainGameOrder26,Target,Emeryville,17,13.5,2,6,mainGameOrder27,Sprouts Farmers Market,Oakland,21,9,4,0,mainGameOrder28,Sprouts Farmers Market,Oakland,21,8.25,3,0,mainGameOrder25+mainGameOrder27+mainGameOrder28,1.367089,mainGameOrder28,1.866667,0.267631,1,over_bundle,over_bundle,,,0
p034,8,mainGameScenario8,Oakland,,mainGameOrder29,Sprouts Farmers Market,Oakland,17,8.25,3,0,mainGameOrder30,Sprouts Farmers Market,Oakland,15,13.5,6,0,mainGameOrder31,Sprouts Farmers Market,Oakland,15,12.75,5,0,mainGameOrder32,Sprouts Farmers Market,Oakland,14,8.25,3,0,mainGameOrder31+mainGameOrder29+mainGameOrder30,1.016216,mainGameOrder29,1.511111,0.327504,1,over_bundle,over_bundle,,,0
p034,9,mainGameScenario9,Oakland,,mainGameOrder33,Safeway,Piedmont,12,8.1,3,5,mainGameOrder34,Target,Emeryville,17,15.3,6,6,mainGameOrder35,Safeway,Piedmont,12,11.1,5,5,mainGameOrder36,Safeway,Piedmont,13,11.1,5,5,mainGameOrder35+mainGameOrder36+mainGameOrder33,0.839002,mainGameOrder33+mainGameOrder35+mainGameOrder36,0.839002,0,3,bundle_correct,bundle_correct,,,0
p034,10,mainGameScenario10,Piedmont,,mainGameOrder37,Safeway,Piedmont,14,8.1,5,0,mainGameOrder38,Safeway,Piedmont,20,8.1,6,0,mainGameOrder39,Safeway,Piedmont,19,7.4,6,0,mainGameOrder40,Safeway,Piedmont,23,11.8,2,0,mainGameOrder40+mainGameOrder38+mainGameOrder39,1.671159,mainGameOrder39+mainGameOrder40,1.673307,0.001284,2,bundle_correct,bundle_correct,,,0
p034,11,mainGameScenario11,Piedmont,,mainGameOrder41,Berkeley Bowl,Berkeley,13,7.8,2,11,mainGameOrder42,Target,Emeryville,19,7.8,2,8,mainGameOrder43,Target,Emeryville,18,8.7,5,8,mainGameOrder44,Target,Emeryville,15,13.5,3,8,mainGameOrder43+mainGameOrder44+mainGameOrder42,1.195402,mainGameOrder42+mainGameOrder43,1.20915,0.01137,2,bundle_correct,bundle_correct,,,0
p034,12,mainGameScenario12,Emeryville,,mainGameOrder45,Target,Emeryville,16,13.5,3,0,mainGameOrder46,Target,Emeryville,14,9.6,5,0,mainGameOrder47,Target,Emeryville,22,13.5,6,0,mainGameOrder48,Target,Emeryville,14,13.5,2,0,mainGameOrder45+mainGameOrder47+mainGameOrder48,1.150442,mainGameOrder45+mainGameOrder46+mainGameOrder47,1.150442,0,3,bundle_correct,bundle_correct,,,0
p034,13,mainGameScenario13,Emeryville,,mainGameOrder49,Target,Emeryville,24,11.7,2,0,mainGameOrder50,Berkeley Bowl,Berkeley,17,8.4,6,7,mainGameOrder51,Berkeley Bowl,Berkeley,14,7.8,5,7,mainGameOrder52,Target,Emeryville,12,9.6,5,0,mainGameOrder52+mainGameOrder49,1.358491,mainGameOrder49,1.751825,0.224528,1,over_bundle,over_bundle,,,0
p034,14,mainGameScenario14,Emeryville,,mainGameOrder53,Target,Emeryville,21,13.5,6,0,mainGameOrder54,Target,Emeryville,14,13.5,5,0,mainGameOrder55,Target,Emeryville,22,13.5,6,0,mainGameOrder56,Target,Emeryville,18,7.8,6,0,mainGameOrder55+mainGameOrder53+mainGameOrder56,1.26294,mainGameOrder56,1.304348,0.031746,1,over_bundle,over_bundle,,,0
p035,1,mainGameScenario1,Berkeley,,mainGameOrder1,Berkeley Bowl,Berkeley,22,7.8,3,0,mainGameOrder2,Berkeley Bowl,Berkeley,22,8.4,6,0,mainGameOrder3,Berkeley Bowl,Berkeley,15,9,4,0,mainGameOrder4,Sprouts Farmers Market,Oakland,18,9.75,2,10,mainGameOrder1+mainGameOrder2+mainGameOrder3,1.676136,mainGameOrder1,2.037037,0.177169,1,over_bundle,over_bundle,,,0
p035,2,mainGameScenario2,Berkeley,,mainGameOrder5,Berkeley Bowl,Berkeley,24,12,5,0,mainGameOrder6,Berkeley Bowl,Berkeley,15,11.4,4,0,mainGameOrder7,Berkeley Bowl,Berkeley,15,12,2,0,mainGameOrder8,Berkeley Bowl,Berkeley,20,7.8,3,0,mainGameOrder8+mainGameOrder5+mainGameOrder7,1.520619,mainGameOrder8,1.851852,0.178866,1,over_bundle,over_bundle,,,0
p035,3,mainGameScenario3,Berkeley,,mainGameOrder9,Berkeley Bowl,Berkeley,15,13.2,3,0,mainGameOrder10,Sprouts Farmers Market,Oakland,23,12.75,3,10,mainGameOrder11,Berkeley Bowl,Berkeley,23,12,6,0,mainGameOrder12,Berkeley Bowl,Berkeley,16,7.8,6,0,mainGameOrder12+mainGameOrder11,1.25,mainGameOrder11,1.277778,0.021739,1,over_bundle,over_bundle,,,0
p035,4,mainGameScenario4,Berkeley,,mainGameOrder13,Berkeley Bowl,Berkeley,17,7.2,4,0,mainGameOrder14,Berkeley Bowl,Berkeley,17,7.8,2,0,mainGameOrder15,Berkeley Bowl,Berkeley,20,12,2,0,mainGameOrder16,Berkeley Bowl,Berkeley,16,11.4,6,0,mainGameOrder13+mainGameOrder15+mainGameOrder14,1.6875,mainGameOrder14,1.734694,0.027206,1,over_bundle,over_bundle,,,0
p035,5,mainGameScenario5,Berkeley,,mainGameOrder17,Sprouts Farmers Market,Oakland,14,7.5,4,10,mainGameOrder18,Safeway,Piedmont,20,12.5,5,11,mainGameOrder19,Sprouts Farmers Market,Oakland,17,8.25,4,10,mainGameOrder20,Safeway,Piedmont,13,8.1,4,11,mainGameOrder19,0.764045,mainGameOrder17+mainGameOrder19,0.918519,0.168177,2,bundle_correct,bundle_correct,,,0
p035,6,mainGameScenario6,Oakland,,mainGameOrder21,Sprouts Farmers Market,Oakland,19,12,2,0,mainGameOrder22,Sprouts Farmers Market,Oakland,22,8.25,2,0,mainGameOrder23,Sprouts Farmers Market,Oakland,24,8.25,6,0,mainGameOrder24,Sprouts Farmers Market,Oakland,18,9.75,2,0,mainGameOrder23+mainGameOrder24+mainGameOrder22,1.841727,mainGameOrder22,2.146341,0.141923,1,over_bundle,over_bundle,,,0
p035,7,mainGameScenario7,Oakland,,mainGameOrder25,Sprouts Farmers Market,Oakland,12,13.5,4,0,mainGameOrder26,Target,Emeryville,17,13.5,2,6,mainGameOrder27,Sprouts Farmers Market,Oakland,21,9,4,0,mainGameOrder28,Sprouts Farmers Market,Oakland,21,8.25,3,0,mainGameOrder27+mainGameOrder28,1.787234,mainGameOrder28,1.866667,0.042553,1,over_bundle,over_bundle,,,0
p035,8,mainGameScenario8,Oakland,,mainGameOrder29,Sprouts Farmers Market,Oakland,17,8.25,3,0,mainGameOrder30,Sprouts Farmers Market,Oakland,15,13.5,6,0,mainGameOrder31,Sprouts Farmers Market,Oakland,15,12.75,5,0,mainGameOrder32,Sprouts Farmers Market,Oakland,14,8.25,3,0,mainGameOrder29+mainGameOrder32,1.47619,mainGameOrder29,1.511111,0.023109,1,over_bundle,over_bundle,,,0
p035,9,mainGameScenario9,Oakland,,mainGameOrder33,Safeway,Piedmont,12,8.1,3,5,mainGameOrder34,Target,Emeryville,17,15.3,6,6,mainGameOrder35,Safeway,Piedmont,12,11.1,5,5,mainGameOrder36,Safeway,Piedmont,13,11.1,5,5,mainGameOrder33,0.745342,mainGameOrder33+mainGameOrder35+mainGameOrder36,0.839002,0.111633,3,bundle_correct,bundle_correct,,,0
p035,10,mainGameScenario10,Piedmont,,mainGameOrder37,Safeway,Piedmont,14,8.1,5,0,mainGameOrder38,Safeway,Piedmont,20,8.1,6,0,mainGameOrder39,Safeway,Piedmont,19,7.4,6,0,mainGameOrder40,Safeway,Piedmont,23,11.8,2,0,mainGameOrder39+mainGameOrder38+mainGameOrder40,1.671159,mainGameOrder39+mainGameOrder40,1.673307,0.001284,2,bundle_correct,bundle_correct,,,0
p035,11,mainGameScenario11,Piedmont,,mainGameOrder41,Berkeley Bowl,Berkeley,13,7.8,2,11,mainGameOrder42,Target,Emeryville,19,7.8,2,8,mainGameOrder43,Target,Emeryville,18,8.7,5,8,mainGameOrder44,Target,Emeryville,15,13.5,3,8,mainGameOrder42,1.067416,mainGameOrder42+mainGameOrder43,1.20915,0.117218,2,bundle_correct,bundle_correct,,,0
p035,12,mainGameScenario12,Emeryville,,mainGameOrder45,Target,Emeryville,16,13.5,3,0,mainGameOrder46,Target,Emeryville,14,9.6,5,0,mainGameOrder47,Target,Emeryville,22,13.5,6,0,mainGameOrder48,Target,Emeryville,14,13.5,2,0,mainGameOrder47,1.128205,mainGameOrder45+mainGameOrder46+mainGameOrder47,1.150442,0.019329,3,bundle_correct,bundle_correct,,,0
p035,13,mainGameScenario13,Emeryville,,mainGameOrder49,Target,Emeryville,24,11.7,2,0,mainGameOrder50,Berkeley Bowl,Berkeley,17,8.4,6,7,mainGameOrder51,Berkeley Bowl,Berkeley,14,7.8,5,7,mainGameOrder52,Target,Emeryville,12,9.6,5,0,mainGameOrder49,1.751825,mainGameOrder49,1.751825,0,1,over_bundle,over_bundle,,,0
p035,14,mainGameScenario14,Emeryville,,mainGameOrder53,Target,Emeryville,21,13.5,6,0,mainGameOrder54,Target,Emeryville,14,13.5,5,0,mainGameOrder55,Target,Emeryville,22,13.5,6,0,mainGameOrder56,Target,Emeryville,18,7.8,6,0,mainGameOrder56,1.304348,mainGameOrder56,1.304348,0,1,over_bundle,over_bundle,,,0
p035,15,mainGameScenario15,Emeryville,,mainGameOrder57,Safeway,Piedmont,22,7.4,4,8,mainGameOrder58,Sprouts Farmers Market,Oakland,18,13.5,2,6,mainGameOrder59,Safeway,Piedmont,17,7.4,4,8,mainGameOrder60,Safeway,Piedmont,22,11.8,5,8,mainGameOrder57,1.134021,mainGameOrder57+mainGameOrder59+mainGameOrder60,1.40553,0.193172,3,bundle_correct,bundle_correct,,,0
p036,1,mainGameScenario1,Berkeley,,mainGameOrder1,Berkeley Bowl,Berkeley,22,7.8,3,0,mainGameOrder2,Berkeley Bowl,Berkeley,22,8.4,6,0,mainGameOrder3,Berkeley Bowl,Berkeley,15,9,4,0,mainGameOrder4,Sprouts Farmers Market,Oakland,18,9.75,2,10,mainGameOrder1+mainGameOrder2,1.788618,mainGameOrder1,2.037037,0.121951,1,over_bundle,over_bundle,,,0
p036,2,mainGameScenario2,Berkeley,,mainGameOrder5,Berkeley Bowl,Berkeley,24,12,5,0,mainGameOrder6,Berkeley Bowl,Berkeley,15,11.4,4,0,mainGameOrder7,Berkeley Bowl,Berkeley,15,12,2,0,mainGameOrder8,Berkeley Bowl,Berkeley,20,7.8,3,0,mainGameOrder8,1.851852,mainGameOrder8,1.851852,0,1,over_bundle,over_bundle,,,0
p036,3,mainGameScenario3,Berkeley,,mainGameOrder9,Berkeley Bowl,Berkeley,15,13.2,3,0,mainGameOrder10,Sprouts Farmers Market,Oakland,23,12.75,3,10,mainGameOrder11,Berkeley Bowl,Berkeley,23,12,6,0,mainGameOrder12,Berkeley Bowl,Berkeley,16,7.8,6,0,mainGameOrder11,1.277778,mainGameOrder11,1.277778,0,1,over_bundle,over_bundle,,,0
p036,4,mainGameScenario4,Berkeley,,mainGameOrder13,Berkeley Bowl,Berkeley,17,7.2,4,0,mainGameOrder14,Berkeley Bowl,Berkeley,17,7.8,2,0,mainGameOrder15,Berkeley Bowl,Berkeley,20,12,2,0,mainGameOrder16,Berkeley Bowl,Berkeley,16,11.4,6,0,mainGameOrder14+mainGameOrder13,1.666667,mainGameOrder14,1.734694,0.039216,1,over_bundle,over_bundle,,,0
p036,5,mainGameScenario5,Berkeley,,mainGameOrder17,Sprouts Farmers Market,Oakland,14,7.5,4,10,mainGameOrder18,Safeway,Piedmont,20,12.5,5,11,mainGameOrder19,Sprouts Farmers Market,Oakland,17,8.25,4,10,mainGameOrder20,Safeway,Piedmont,13,8.1,4,11,mainGameOrder19+mainGameOrder17,0.918519,mainGameOrder17+mainGameOrder19,0.918519,0,2,bundle_correct,bundle_correct,,,0
p036,6,mainGameScenario6,Oakland,,mainGameOrder21,Sprouts Farmers Market,Oakland,19,12,2,0,mainGameOrder22,Sprouts Farmers Market,Oakland,22,8.25,2,0,mainGameOrder23,Sprouts Farmers Market,Oakland,24,8.25,6,0,mainGameOrder24,Sprouts Farmers Market,Oakland,18,9.75,2,0,mainGameOrder22+mainGameOrder23+mainGameOrder24,1.841727,mainGameOrder22,2.146341,0.141923,1,over_bundle,over_bundle,,,0
p036,7,mainGameScenario7,Oakland,,mainGameOrder25,Sprouts Farmers Market,Oakland,12,13.5,4,0,mainGameOrder26,Target,Emeryville,17,13.5,2,6,mainGameOrder27,Sprouts Farmers Market,Oakland,21,9,4,0,mainGameOrder28,Sprouts Farmers Market,Oakland,21,8.25,3,0,mainGameOrder28+mainGameOrder27,1.787234,mainGameOrder28,1.866667,0.042553,1,over_bundle,over_bundle,,,0
p036,8,mainGameScenario8,Oakland,,mainGameOrder29,Sprouts Farmers Market,Oakland,17,8.25,3,0,mainGameOrder30,Sprouts Farmers Market,Oakland,15,13.5,6,0,mainGameOrder31,Sprouts Farmers Market,Oakland,15,12.75,5,0,mainGameOrder32,Sprouts Farmers Market,Oakland,14,8.25,3,0,mainGameOrder29+mainGameOrder32,1.47619,mainGameOrder29,1.511111,0.023109,1,over_bundle,over_bundle,,,0
p036,9,mainGameScenario9,Oakland,,mainGameOrder33,Safeway,Piedmont,12,8.1,3,5,mainGameOrder34,Target,Emeryville,17,15.3,6,6,mainGameOrder35,Safeway,Piedmont,12,11.1,5,5,mainGameOrder36,Safeway,Piedmont,13,11.1,5,5,mainGameOrder33,0.745342,mainGameOrder33+mainGameOrder35+mainGameOrder36,0.839002,0.111633,3,bundle_correct,bundle_correct,,,0
p036,10,mainGameScenario10,Piedmont,,mainGameOrder37,Safeway,Piedmont,14,8.1,5,0,mainGameOrder38,Safeway,Piedmont,20,8.1,6,0,mainGameOrder39,Safeway,Piedmont,19,7.4,6,0,mainGameOrder40,Safeway,Piedmont,23,11.8,2,0,mainGameOrder40+mainGameOrder39+mainGameOrder38,1.671159,mainGameOrder39+mainGameOrder40,1.673307,0.001284,2,bundle_correct,bundle_correct,,,0
p036,11,mainGameScenario11,Piedmont,,mainGameOrder41,Berkeley Bowl,Berkeley,13,7.8,2,11,mainGameOrder42,Target,Emeryville,19,7.8,2,8,mainGameOrder43,Target,Emeryville,18,8.7,5,8,mainGameOrder44,Target,Emeryville,15,13.5,3,8,mainGameOrder42+mainGameOrder43,1.20915,mainGameOrder42+mainGameOrder43,1.20915,0,2,bundle_correct,bundle_correct,,,0
p036,12,mainGameScenario12,Emeryville,,mainGameOrder45,Target,Emeryville,16,13.5,3,0,mainGameOrder46,Target,Emeryville,14,9.6,5,0,mainGameOrder47,Target,Emeryville,22,13.5,6,0,mainGameOrder48,Target,Emeryville,14,13.5,2,0,mainGameOrder47+mainGameOrder45+mainGameOrder46,1.150442,mainGameOrder45+mainGameOrder46+mainGameOrder47,1.150442,0,3,bundle_correct,bundle_correct,,,0
p036,13,mainGameScenario13,Emeryville,,mainGameOrder49,Target,Emeryville,24,11.7,2,0,mainGameOrder50,Berkeley Bowl,Berkeley,17,8.4,6,7,mainGameOrder51,Berkeley Bowl,Berkeley,14,7.8,5,7,mainGameOrder52,Target,Emeryville,12,9.6,5,0,mainGameOrder49+mainGameOrder52,1.358491,mainGameOrder49,1.751825,0.224528,1,over_bundle,over_bundle,,,0
p036,14,mainGameScenario14,Emeryville,,mainGameOrder53,Target,Emeryville,21,13.5,6,0,mainGameOrder54,Target,Emeryville,14,13.5,5,0,mainGameOrder55,Target,Emeryville,22,13.5,6,0,mainGameOrder56,Target,Emeryville,18,7.8,6,0,mainGameOrder55+mainGameOrder53+mainGameOrder56,1.26294,mainGameOrder56,1.304348,0.031746,1,over_bundle,over_bundle,,,0
p036,15,mainGameScenario15,Emeryville,,mainGameOrder57,Safeway,Piedmont,22,7.4,4,8,mainGameOrder58,Sprouts Farmers Market,Oakland,18,13.5,2,6,mainGameOrder59,Safeway,Piedmont,17,7.4,4,8,mainGameOrder60,Safeway,Piedmont,22,11.8,5,8,mainGameOrder60+mainGameOrder57+mainGameOrder59,1.40553,mainGameOrder57+mainGameOrder59+mainGameOrder60,1.40553,0,3,bundle_correct,bundle_correct,,,0
p036,16,mainGameScenario16,Piedmont,,mainGameOrder61,Safeway,Piedmont,24,12.5,3,0,mainGameOrder62,Safeway,Piedmont,24,8.1,2,0,mainGameOrder63,Safeway,Piedmont,18,12.5,4,0,mainGameOrder64,Safeway,Piedmont,22,11.1,2,0,mainGameOrder64+mainGameOrder62+mainGameOrder61,2.028986,mainGameOrder62,2.376238,0.146135,1,over_bundle,over_bundle,,,0
p036,17,mainGameScenario17,Piedmont,,mainGameOrder65,Safeway,Piedmont,19,7.4,6,0,mainGameOrder66,Sprouts Farmers Market,Oakland,22,7.5,3,5,mainGameOrder67,Sprouts Farmers Market,Oakland,17,12.75,6,5,mainGameOrder68,Sprouts Farmers Market,Oakland,13,12.75,6,5,mainGameOrder65,1.41791,mainGameOrder66,1.419355,0.001018,1,over_bundle,over_bundle,,,0
p036,18,mainGameScenario18,Piedmont,,mainGameOrder69,Sprouts Farmers Market,Oakland,14,8.25,5,5,mainGameOrder70,Sprouts Farmers Market,Oakland,13,8.25,3,5,mainGameOrder71,Sprouts Farmers Market,Oakland,22,14.25,3,5,mainGameOrder72,Sprouts Farmers Market,Oakland,19,9,4,5,mainGameOrder72+mainGameOrder71,1.242424,mainGameOrder71+mainGameOrder72,1.242424,0,2,bundle_correct,bundle_correct,,,0
p036,19,mainGameScenario19,Oakland,,mainGameOrder73,Sprouts Farmers Market,Oakland,12,12.75,5,0,mainGameOrder74,Safeway,Piedmont,17,7.4,5,5,mainGameOrder75,Sprouts Farmers Market,Oakland,18,9,3,0,mainGameOrder76,Sprouts Farmers Market,Oakland,24,14.25,2,0,mainGameOrder75+mainGameOrder76,1.486726,mainGameOrder75,1.5,0.00885,1,over_bundle,over_bundle,,,0
p036,20,mainGameScenario20,Oakland,,mainGameOrder77,Sprouts Farmers Market,Oakland,24,14.25,6,0,mainGameOrder78,Sprouts Farmers Market,Oakland,23,8.25,4,0,mainGameOrder79,Sprouts Farmers Market,Oakland,17,14.25,4,0,mainGameOrder80,Sprouts Farmers Market,Oakland,20,11.25,5,0,mainGameOrder78+mainGameOrder77+mainGameOrder80,1.464481,mainGameOrder78,1.877551,0.220005,1,over_bundle,over_bundle,,,0
p037,1,mainGameScenario1,Berkeley,,mainGameOrder1,Berkeley Bowl,Berkeley,22,7.8,3,0,mainGameOrder2,Berkeley Bowl,Berkeley,22,8.4,6,0,mainGameOrder3,Berkeley Bowl,Berkeley,15,9,4,0,mainGameOrder4,Sprouts Farmers Market,Oakland,18,9.75,2,10,mainGameOrder2+mainGameOrder1+mainGameOrder3,1.676136,mainGameOrder1,2.037037,0.177169,1,over_bundle,over_bundle,,,0
p037,2,mainGameScenario2,Berkeley,,mainGameOrder5,Berkeley Bowl,Berkeley,24,12,5,0,mainGameOrder6,Berkeley Bowl,Berkeley,15,11.4,4,0,mainGameOrder7,Berkeley Bowl,Berkeley,15,12,2,0,mainGameOrder8,Berkeley Bowl,Berkeley,20,7.8,3,0,mainGameOrder5+mainGameOrder8+mainGameOrder7,1.520619,mainGameOrder8,1.851852,0.178866,1,over_bundle,over_bundle,,,0
p037,3,mainGameScenario3,Berkeley,,mainGameOrder9,Berkeley Bowl,Berkeley,15,13.2,3,0,mainGameOrder10,Sprouts Farmers Market,Oakland,23,12.75,3,10,mainGameOrder11,Berkeley Bowl,Berkeley,23,12,6,0,mainGameOrder12,Berkeley Bowl,Berkeley,16,7.8,6,0,mainGameOrder11+mainGameOrder12+mainGameOrder9,1.216216,mainGameOrder11,1.277778,0.048179,1,over_bundle,over_bundle,,,0
p037,4,mainGameScenario4,Berkeley,,mainGameOrder13,Berkeley Bowl,Berkeley,17,7.2,4,0,mainGameOrder14,Berkeley Bowl,Berkeley,17,7.8,2,0,mainGameOrder15,Berkeley Bowl,Berkeley,20,12,2,0,mainGameOrder16,Berkeley Bowl,Berkeley,16,11.4,6,0,mainGameOrder15+mainGameOrder13+mainGameOrder16,1.358974,mainGameOrder14,1.734694,0.216591,1,over_bundle,over_bundle,,,0
p037,5,mainGameScenario5,Berkeley,,mainGameOrder17,Sprouts Farmers Market,Oakland,14,7.5,4,10,mainGameOrder18,Safeway,Piedmont,20,12.5,5,11,mainGameOrder19,Sprouts Farmers Market,Oakland,17,8.25,4,10,mainGameOrder20,Safeway,Piedmont,13,8.1,4,11,mainGameOrder18+mainGameOrder20,0.841837,mainGameOrder17+mainGameOrder19,0.918519,0.083484,2,bundle_correct,bundle_correct,,,0
p037,6,mainGameScenario6,Piedmont,,mainGameOrder21,Sprouts Farmers Market,Oakland,19,12,2,5,mainGameOrder22,Sprouts Farmers Market,Oakland,22,8.25,2,5,mainGameOrder23,Sprouts Farmers Market,Oakland,24,8.25,6,5,mainGameOrder24,Sprouts Farmers Market,Oakland,18,9.75,2,5,mainGameOrder23+mainGameOrder22+mainGameOrder21,1.604938,mainGameOrder22,1.442623,0,1,over_bundle,over_bundle,,,0
p037,7,mainGameScenario7,Oakland,,mainGameOrder25,Sprouts Farmers Market,Oakland,12,13.5,4,0,mainGameOrder26,Target,Emeryville,17,13.5,2,6,mainGameOrder27,Sprouts Farmers Market,Oakland,21,9,4,0,mainGameOrder28,Sprouts Farmers Market,Oakland,21,8.25,3,0,mainGameOrder27+mainGameOrder28+mainGameOrder25,1.367089,mainGameOrder28,1.866667,0.267631,1,over_bundle,over_bundle,,,0
p037,8,mainGameScenario8,Oakland,,mainGameOrder29,Sprouts Farmers Market,Oakland,17,8.25,3,0,mainGameOrder30,Sprouts Farmers Market,Oakland,15,13.5,6,0,mainGameOrder31,Sprouts Farmers Market,Oakland,15,12.75,5,0,mainGameOrder32,Sprouts Farmers Market,Oakland,14,8.25,3,0,mainGameOrder29+mainGameOrder32+mainGameOrder31,1.187097,mainGameOrder29,1.511111,0.214421,1,over_bundle,over_bundle,,,0
p037,9,mainGameScenario9,Oakland,,mainGameOrder33,Safeway,Piedmont,12,8.1,3,5,mainGameOrder34,Target,Emeryville,17,15.3,6,6,mainGameOrder35,Safeway,Piedmont,12,11.1,5,5,mainGameOrder36,Safeway,Piedmont,13,11.1,5,5,mainGameOrder33+mainGameOrder36,0.811688,mainGameOrder33+mainGameOrder35+mainGameOrder36,0.839002,0.032555,3,bundle_correct,bundle_correct,,,0
p037,10,mainGameScenario10,Piedmont,,mainGameOrder37,Safeway,Piedmont,14,8.1,5,0,mainGameOrder38,Safeway,Piedmont,20,8.1,6,0,mainGameOrder39,Safeway,Piedmont,19,7.4,6,0,mainGameOrder40,Safeway,Piedmont,23,11.8,2,0,mainGameOrder38+mainGameOrder40+mainGameOrder39,1.671159,mainGameOrder39+mainGameOrder40,1.673307,0.001284,2,bundle_correct,bundle_correct,,,0
p037,11,mainGameScenario11,Piedmont,,mainGameOrder41,Berkeley Bowl,Berkeley,13,7.8,2,11,mainGameOrder42,Target,Emeryville,19,7.8,2,8,mainGameOrder43,Target,Emeryville,18,8.7,5,8,mainGameOrder44,Target,Emeryville,15,13.5,3,8,mainGameOrder42+mainGameOrder43+mainGameOrder44,1.195402,mainGameOrder42+mainGameOrder43,1.20915,0.01137,2,bundle_correct,bundle_correct,,,0
p037,12,mainGameScenario12,Emeryville,,mainGameOrder45,Target,Emeryville,16,13.5,3,0,mainGameOrder46,Target,Emeryville,14,9.6,5,0,mainGameOrder47,Target,Emeryville,22,13.5,6,0,mainGameOrder48,Target,Emeryville,14,13.5,2,0,mainGameOrder47+mainGameOrder45+mainGameOrder46,1.150442,mainGameOrder45+mainGameOrder46+mainGameOrder47,1.150442,0,3,bundle_correct,bundle_correct,,,0
p037,13,mainGameScenario13,Emeryville,,mainGameOrder49,Target,Emeryville,24,11.7,2,0,mainGameOrder50,Berkeley Bowl,Berkeley,17,8.4,6,7,mainGameOrder51,Berkeley Bowl,Berkeley,14,7.8,5,7,mainGameOrder52,Target,Emeryville,12,9.6,5,0,mainGameOrder49+mainGameOrder52,1.358491,mainGameOrder49,1.751825,0.224528,1,over_bundle,over_bundle,,,0
p037,14,mainGameScenario14,Emeryville,,mainGameOrder53,Target,Emeryville,21,13.5,6,0,mainGameOrder54,Target,Emeryville,14,13.5,5,0,mainGameOrder55,Target,Emeryville,22,13.5,6,0,mainGameOrder56,Target,Emeryville,18,7.8,6,0,mainGameOrder53+mainGameOrder55+mainGameOrder56,1.26294,mainGameOrder56,1.304348,0.031746,1,over_bundle,over_bundle,,,0
p037,15,mainGameScenario15,Emeryville,,mainGameOrder57,Safeway,Piedmont,22,7.4,4,8,mainGameOrder58,Sprouts Farmers Market,Oakland,18,13.5,2,6,mainGameOrder59,Safeway,Piedmont,17,7.4,4,8,mainGameOrder60,Safeway,Piedmont,22,11.8,5,8,mainGameOrder60+mainGameOrder57+mainGameOrder59,1.40553,mainGameOrder57+mainGameOrder59+mainGameOrder60,1.40553,0,3,bundle_correct,bundle_correct,,,0
p037,16,mainGameScenario16,Piedmont,,mainGameOrder61,Safeway,Piedmont,24,12.5,3,0,mainGameOrder62,Safeway,Piedmont,24,8.1,2,0,mainGameOrder63,Safeway,Piedmont,18,12.5,4,0,mainGameOrder64,Safeway,Piedmont,22,11.1,2,0,mainGameOrder61+mainGameOrder62+mainGameOrder64,2.028986,mainGameOrder62,2.376238,0.146135,1,over_bundle,over_bundle,,,0
p037,17,mainGameScenario17,Piedmont,,mainGameOrder65,Safeway,Piedmont,19,7.4,6,0,mainGameOrder66,Sprouts Farmers Market,Oakland,22,7.5,3,5,mainGameOrder67,Sprouts Farmers Market,Oakland,17,12.75,6,5,mainGameOrder68,Sprouts Farmers Market,Oakland,13,12.75,6,5,mainGameOrder67+mainGameOrder68+mainGameOrder66,1.04,mainGameOrder66,1.419355,0.267273,1,over_bundle,over_bundle,,,0
p037,18,mainGameScenario18,Oakland,,mainGameOrder69,Sprouts Farmers Market,Oakland,14,8.25,5,0,mainGameOrder70,Sprouts Farmers Market,Oakland,13,8.25,3,0,mainGameOrder71,Sprouts Farmers Market,Oakland,22,14.25,3,0,mainGameOrder72,Sprouts Farmers Market,Oakland,19,9,4,0,mainGameOrder71+mainGameOrder72+mainGameOrder69,1.358025,mainGameOrder71+mainGameOrder72,1.464286,0.072569,2,bundle_correct,bundle_correct,,,0
p037,19,mainGameScenario19,Oakland,,mainGameOrder73,Sprouts Farmers Market,Oakland,12,12.75,5,0,mainGameOrder74,Safeway,Piedmont,17,7.4,5,5,mainGameOrder75,Sprouts Farmers Market,Oakland,18,9,3,0,mainGameOrder76,Sprouts Farmers Market,Oakland,24,14.25,2,0,mainGameOrder73+mainGameOrder75+mainGameOrder76,1.255814,mainGameOrder75,1.5,0.162791,1,over_bundle,over_bundle,,,0
p037,20,mainGameScenario20,Oakland,,mainGameOrder77,Sprouts Farmers Market,Oakland,24,14.25,6,0,mainGameOrder78,Sprouts Farmers Market,Oakland,23,8.25,4,0,mainGameOrder79,Sprouts Farmers Market,Oakland,17,14.25,4,0,mainGameOrder80,Sprouts Farmers Market,Oakland,20,11.25,5,0,mainGameOrder77+mainGameOrder78+mainGameOrder80,1.464481,mainGameOrder78,1.877551,0.220005,1,over_bundle,over_bundle,,,0
p038,1,mainGameScenario1,Berkeley,,mainGameOrder1,Berkeley Bowl,Berkeley,22,7.8,3,0,mainGameOrder2,Berkeley Bowl,Berkeley,22,8.4,6,0,mainGameOrder3,Berkeley Bowl,Berkeley,15,9,4,0,mainGameOrder4,Sprouts Farmers Market,Oakland,18,9.75,2,10,mainGameOrder2+mainGameOrder1,1.788618,mainGameOrder1,2.037037,0.121951,1,over_bundle,over_bundle,,,0
p038,2,mainGameScenario2,Berkeley,,mainGameOrder5,Berkeley Bowl,Berkeley,24,12,5,0,mainGameOrder6,Berkeley Bowl,Berkeley,15,11.4,4,0,mainGameOrder7,Berkeley Bowl,Berkeley,15,12,2,0,mainGameOrder8,Berkeley Bowl,Berkeley,20,7.8,3,0,mainGameOrder8+mainGameOrder5,1.654135,mainGameOrder8,1.851852,0.106767,1,over_bundle,over_bundle,,,0
p038,3,mainGameScenario3,Berkeley,,mainGameOrder9,Berkeley Bowl,Berkeley,15,13.2,3,0,mainGameOrder10,Sprouts Farmers Market,Oakland,23,12.75,3,10,mainGameOrder11,Berkeley Bowl,Berkeley,23,12,6,0,mainGameOrder12,Berkeley Bowl,Berkeley,16,7.8,6,0,mainGameOrder12+mainGameOrder11,1.25,mainGameOrder11,1.277778,0.021739,1,over_bundle,over_bundle,,,0
p038,4,mainGameScenario4,Berkeley,,mainGameOrder13,Berkeley Bowl,Berkeley,17,7.2,4,0,mainGameOrder14,Berkeley Bowl,Berkeley,17,7.8,2,0,mainGameOrder15,Berkeley Bowl,Berkeley,20,12,2,0,mainGameOrder16,Berkeley Bowl,Berkeley,16,11.4,6,0,mainGameOrder14+mainGameOrder13,1.666667,mainGameOrder14,1.734694,0.039216,1,over_bundle,over_bundle,,,0
p038,5,mainGameScenario5,Berkeley,,mainGameOrder17,Sprouts Farmers Market,Oakland,14,7.5,4,10,mainGameOrder18,Safeway,Piedmont,20,12.5,5,11,mainGameOrder19,Sprouts Farmers Market,Oakland,17,8.25,4,10,mainGameOrder20,Safeway,Piedmont,13,8.1,4,11,mainGameOrder20+mainGameOrder18,0.841837,mainGameOrder17+mainGameOrder19,0.918519,0.083484,2,bundle_correct,bundle_correct,,,0
p038,6,mainGameScenario6,Piedmont,,mainGameOrder21,Sprouts Farmers Market,Oakland,19,12,2,5,mainGameOrder22,Sprouts Farmers Market,Oakland,22,8.25,2,5,mainGameOrder23,Sprouts Farmers Market,Oakland,24,8.25,6,5,mainGameOrder24,Sprouts Farmers Market,Oakland,18,9.75,2,5,mainGameOrder22+mainGameOrder23,1.6,mainGameOrder22,1.442623,0,1,over_bundle,over_bundle,,,0
p038,7,mainGameScenario7,Oakland,,mainGameOrder25,Sprouts Farmers Market,Oakland,12,13.5,4,0,mainGameOrder26,Target,Emeryville,17,13.5,2,6,mainGameOrder27,Sprouts Farmers Market,Oakland,21,9,4,0,mainGameOrder28,Sprouts Farmers Market,Oakland,21,8.25,3,0,mainGameOrder28+mainGameOrder27,1.787234,mainGameOrder28,1.866667,0.042553,1,over_bundle,over_bundle,,,0
p038,8,mainGameScenario8,Oakland,,mainGameOrder29,Sprouts Farmers Market,Oakland,17,8.25,3,0,mainGameOrder30,Sprouts Farmers Market,Oakland,15,13.5,6,0,mainGameOrder31,Sprouts Farmers Market,Oakland,15,12.75,5,0,mainGameOrder32,Sprouts Farmers Market,Oakland,14,8.25,3,0,mainGameOrder32+mainGameOrder29,1.47619,mainGameOrder29,1.511111,0.023109,1,over_bundle,over_bundle,,,0
p038,9,mainGameScenario9,Oakland,,mainGameOrder33,Safeway,Piedmont,12,8.1,3,5,mainGameOrder34,Target,Emeryville,17,15.3,6,6,mainGameOrder35,Safeway,Piedmont,12,11.1,5,5,mainGameOrder36,Safeway,Piedmont,13,11.1,5,5,mainGameOrder33+mainGameOrder36,0.811688,mainGameOrder33+mainGameOrder35+mainGameOrder36,0.839002,0.032555,3,bundle_correct,bundle_correct,,,0
p038,10,mainGameScenario10,Piedmont,,mainGameOrder37,Safeway,Piedmont,14,8.1,5,0,mainGameOrder38,Safeway,Piedmont,20,8.1,6,0,mainGameOrder39,Safeway,Piedmont,19,7.4,6,0,mainGameOrder40,Safeway,Piedmont,23,11.8,2,0,mainGameOrder40+mainGameOrder38,1.666667,mainGameOrder39+mainGameOrder40,1.673307,0.003968,2,bundle_correct,bundle_correct,,,0
p038,11,mainGameScenario11,Piedmont,,mainGameOrder41,Berkeley Bowl,Berkeley,13,7.8,2,11,mainGameOrder42,Target,Emeryville,19,7.8,2,8,mainGameOrder43,Target,Emeryville,18,8.7,5,8,mainGameOrder44,Target,Emeryville,15,13.5,3,8,mainGameOrder42+mainGameOrder43,1.20915,mainGameOrder42+mainGameOrder43,1.20915,0,2,bundle_correct,bundle_correct,,,0
p038,12,mainGameScenario12,Emeryville,,mainGameOrder45,Target,Emeryville,16,13.5,3,0,mainGameOrder46,Target,Emeryville,14,9.6,5,0,mainGameOrder47,Target,Emeryville,22,13.5,6,0,mainGameOrder48,Target,Emeryville,14,13.5,2,0,mainGameOrder47+mainGameOrder45,1.141141,mainGameOrder45+mainGameOrder46+mainGameOrder47,1.150442,0.008085,3,bundle_correct,bundle_correct,,,0
p038,13,mainGameScenario13,Emeryville,,mainGameOrder49,Target,Emeryville,24,11.7,2,0,mainGameOrder50,Berkeley Bowl,Berkeley,17,8.4,6,7,mainGameOrder51,Berkeley Bowl,Berkeley,14,7.8,5,7,mainGameOrder52,Target,Emeryville,12,9.6,5,0,mainGameOrder49+mainGameOrder52,1.358491,mainGameOrder49,1.751825,0.224528,1,over_bundle,over_bundle,,,0
p038,14,mainGameScenario14,Emeryville,,mainGameOrder53,Target,Emeryville,21,13.5,6,0,mainGameOrder54,Target,Emeryville,14,13.5,5,0,mainGameOrder55,Target,Emeryville,22,13.5,6,0,mainGameOrder56,Target,Emeryville,18,7.8,6,0,mainGameOrder53+mainGameOrder55,1.214689,mainGameOrder56,1.304348,0.068738,1,over_bundle,over_bundle,,,0
p038,15,mainGameScenario15,Emeryville,,mainGameOrder57,Safeway,Piedmont,22,7.4,4,8,mainGameOrder58,Sprouts Farmers Market,Oakland,18,13.5,2,6,mainGameOrder59,Safeway,Piedmont,17,7.4,4,8,mainGameOrder60,Safeway,Piedmont,22,11.8,5,8,mainGameOrder57+mainGameOrder60,1.290323,mainGameOrder57+mainGameOrder59+mainGameOrder60,1.40553,0.081967,3,bundle_correct,bundle_correct,,,0
p038,16,mainGameScenario16,Piedmont,,mainGameOrder61,Safeway,Piedmont,24,12.5,3,0,mainGameOrder62,Safeway,Piedmont,24,8.1,2,0,mainGameOrder63,Safeway,Piedmont,18,12.5,4,0,mainGameOrder64,Safeway,Piedmont,22,11.1,2,0,mainGameOrder64+mainGameOrder62,2.110092,mainGameOrder62,2.376238,0.112003,1,over_bundle,over_bundle,,,0
p038,17,mainGameScenario17,Piedmont,,mainGameOrder65,Safeway,Piedmont,19,7.4,6,0,mainGameOrder66,Sprouts Farmers Market,Oakland,22,7.5,3,5,mainGameOrder67,Sprouts Farmers Market,Oakland,17,12.75,6,5,mainGameOrder68,Sprouts Farmers Market,Oakland,13,12.75,6,5,mainGameOrder66+mainGameOrder67,1.164179,mainGameOrder66,1.419355,0.179783,1,over_bundle,over_bundle,,,0
p038,18,mainGameScenario18,Oakland,,mainGameOrder69,Sprouts Farmers Market,Oakland,14,8.25,5,0,mainGameOrder70,Sprouts Farmers Market,Oakland,13,8.25,3,0,mainGameOrder71,Sprouts Farmers Market,Oakland,22,14.25,3,0,mainGameOrder72,Sprouts Farmers Market,Oakland,19,9,4,0,mainGameOrder71+mainGameOrder72,1.464286,mainGameOrder71+mainGameOrder72,1.464286,0,2,bundle_correct,bundle_correct,,,0
p039,1,mainGameScenario1,Berkeley,,mainGameOrder1,Berkeley Bowl,Berkeley,22,7.8,3,0,mainGameOrder2,Berkeley Bowl,Berkeley,22,8.4,6,0,mainGameOrder3,Berkeley Bowl,Berkeley,15,9,4,0,mainGameOrder4,Sprouts Farmers Market,Oakland,18,9.75,2,10,mainGameOrder2+mainGameOrder1+mainGameOrder3,1.676136,mainGameOrder1,2.037037,0.177169,1,over_bundle,over_bundle,,,0
p039,2,mainGameScenario2,Berkeley,,mainGameOrder5,Berkeley Bowl,Berkeley,24,12,5,0,mainGameOrder6,Berkeley Bowl,Berkeley,15,11.4,4,0,mainGameOrder7,Berkeley Bowl,Berkeley,15,12,2,0,mainGameOrder8,Berkeley Bowl,Berkeley,20,7.8,3,0,mainGameOrder5+mainGameOrder8+mainGameOrder6,1.489899,mainGameOrder8,1.851852,0.195455,1,over_bundle,over_bundle,,,0
p039,3,mainGameScenario3,Berkeley,,mainGameOrder9,Berkeley Bowl,Berkeley,15,13.2,3,0,mainGameOrder10,Sprouts Farmers Market,Oakland,23,12.75,3,10,mainGameOrder11,Berkeley Bowl,Berkeley,23,12,6,0,mainGameOrder12,Berkeley Bowl,Berkeley,16,7.8,6,0,mainGameOrder9+mainGameOrder11+mainGameOrder12,1.216216,mainGameOrder11,1.277778,0.048179,1,over_bundle,over_bundle,,,0
p039,4,mainGameScenario4,Berkeley,,mainGameOrder13,Berkeley Bowl,Berkeley,17,7.2,4,0,mainGameOrder14,Berkeley Bowl,Berkeley,17,7.8,2,0,mainGameOrder15,Berkeley Bowl,Berkeley,20,12,2,0,mainGameOrder16,Berkeley Bowl,Berkeley,16,11.4,6,0,mainGameOrder15+mainGameOrder13+mainGameOrder14,1.6875,mainGameOrder14,1.734694,0.027206,1,over_bundle,over_bundle,,,0
p039,5,mainGameScenario5,Berkeley,,mainGameOrder17,Sprouts Farmers Market,Oakland,14,7.5,4,10,mainGameOrder18,Safeway,Piedmont,20,12.5,5,11,mainGameOrder19,Sprouts Farmers Market,Oakland,17,8.25,4,10,mainGameOrder20,Safeway,Piedmont,13,8.1,4,11,mainGameOrder18+mainGameOrder20,0.841837,mainGameOrder17+mainGameOrder19,0.918519,0.083484,2,bundle_correct,bundle_correct,,,0
p039,6,mainGameScenario6,Piedmont,,mainGameOrder21,Sprouts Farmers Market,Oakland,19,12,2,5,mainGameOrder22,Sprouts Farmers Market,Oakland,22,8.25,2,5,mainGameOrder23,Sprouts Farmers Market,Oakland,24,8.25,6,5,mainGameOrder24,Sprouts Farmers Market,Oakland,18,9.75,2,5,mainGameOrder23+mainGameOrder22,1.6,mainGameOrder22,1.442623,0,1,over_bundle,over_bundle,,,0
p039,7,mainGameScenario7,Oakland,,mainGameOrder25,Sprouts Farmers Market,Oakland,12,13.5,4,0,mainGameOrder26,Target,Emeryville,17,13.5,2,6,mainGameOrder27,Sprouts Farmers Market,Oakland,21,9,4,0,mainGameOrder28,Sprouts Farmers Market,Oakland,21,8.25,3,0,mainGameOrder27+mainGameOrder28,1.787234,mainGameOrder28,1.866667,0.042553,1,over_bundle,over_bundle,,,0
p039,8,mainGameScenario8,Oakland,,mainGameOrder29,Sprouts Farmers Market,Oakland,17,8.25,3,0,mainGameOrder30,Sprouts Farmers Market,Oakland,15,13.5,6,0,mainGameOrder31,Sprouts Farmers Market,Oakland,15,12.75,5,0,mainGameOrder32,Sprouts Farmers Market,Oakland,14,8.25,3,0,mainGameOrder29+mainGameOrder31,1.103448,mainGameOrder29,1.511111,0.269777,1,over_bundle,over_bundle,,,0
p039,9,mainGameScenario9,Oakland,,mainGameOrder33,Safeway,Piedmont,12,8.1,3,5,mainGameOrder34,Target,Emeryville,17,15.3,6,6,mainGameOrder35,Safeway,Piedmont,12,11.1,5,5,mainGameOrder36,Safeway,Piedmont,13,11.1,5,5,mainGameOrder33+mainGameOrder35+mainGameOrder36,0.839002,mainGameOrder33+mainGameOrder35+mainGameOrder36,0.839002,0,3,bundle_correct,bundle_correct,,,0
p039,10,mainGameScenario10,Piedmont,,mainGameOrder37,Safeway,Piedmont,14,8.1,5,0,mainGameOrder38,Safeway,Piedmont,20,8.1,6,0,mainGameOrder39,Safeway,Piedmont,19,7.4,6,0,mainGameOrder40,Safeway,Piedmont,23,11.8,2,0,mainGameOrder38+mainGameOrder40+mainGameOrder39,1.671159,mainGameOrder39+mainGameOrder40,1.673307,0.001284,2,bundle_correct,bundle_correct,,,0
p039,11,mainGameScenario11,Piedmont,,mainGameOrder41,Berkeley Bowl,Berkeley,13,7.8,2,11,mainGameOrder42,Target,Emeryville,19,7.8,2,8,mainGameOrder43,Target,Emeryville,18,8.7,5,8,mainGameOrder44,Target,Emeryville,15,13.5,3,8,mainGameOrder44+mainGameOrder42+mainGameOrder43,1.195402,mainGameOrder42+mainGameOrder43,1.20915,0.01137,2,bundle_correct,bundle_correct,,,0
p039,12,mainGameScenario12,Emeryville,,mainGameOrder45,Target,Emeryville,16,13.5,3,0,mainGameOrder46,Target,Emeryville,14,9.6,5,0,mainGameOrder47,Target,Emeryville,22,13.5,6,0,mainGameOrder48,Target,Emeryville,14,13.5,2,0,mainGameOrder47+mainGameOrder45+mainGameOrder46,1.150442,mainGameOrder45+mainGameOrder46+mainGameOrder47,1.150442,0,3,bundle_correct,bundle_correct,,,0
p040,1,mainGameScenario1,Berkeley,,mainGameOrder1,Berkeley Bowl,Berkeley,22,7.8,3,0,mainGameOrder2,Berkeley Bowl,Berkeley,22,8.4,6,0,mainGameOrder3,Berkeley Bowl,Berkeley,15,9,4,0,mainGameOrder4,Sprouts Farmers Market,Oakland,18,9.75,2,10,mainGameOrder1+mainGameOrder2,1.788618,mainGameOrder1,2.037037,0.121951,1,over_bundle,over_bundle,,,0
p040,2,mainGameScenario2,Berkeley,,mainGameOrder5,Berkeley Bowl,Berkeley,24,12,5,0,mainGameOrder6,Berkeley Bowl,Berkeley,15,11.4,4,0,mainGameOrder7,Berkeley Bowl,Berkeley,15,12,2,0,mainGameOrder8,Berkeley Bowl,Berkeley,20,7.8,3,0,mainGameOrder5+mainGameOrder8,1.654135,mainGameOrder8,1.851852,0.106767,1,over_bundle,over_bundle,,,0
p040,3,mainGameScenario3,Berkeley,,mainGameOrder9,Berkeley Bowl,Berkeley,15,13.2,3,0,mainGameOrder10,Sprouts Farmers Market,Oakland,23,12.75,3,10,mainGameOrder11,Berkeley Bowl,Berkeley,23,12,6,0,mainGameOrder12,Berkeley Bowl,Berkeley,16,7.8,6,0,mainGameOrder10,0.893204,mainGameOrder11,1.277778,0.300971,1,over_bundle,over_bundle,,,0
p040,4,mainGameScenario4,Oakland,,mainGameOrder13,Berkeley Bowl,Berkeley,17,7.2,4,10,mainGameOrder14,Berkeley Bowl,Berkeley,17,7.8,2,10,mainGameOrder15,Berkeley Bowl,Berkeley,20,12,2,10,mainGameOrder16,Berkeley Bowl,Berkeley,16,11.4,6,10,mainGameOrder15+mainGameOrder13+mainGameOrder14,1.285714,mainGameOrder14,0.858586,0,1,over_bundle,over_bundle,,,0
p040,5,mainGameScenario5,Berkeley,,mainGameOrder17,Sprouts Farmers Market,Oakland,14,7.5,4,10,mainGameOrder18,Safeway,Piedmont,20,12.5,5,11,mainGameOrder19,Sprouts Farmers Market,Oakland,17,8.25,4,10,mainGameOrder20,Safeway,Piedmont,13,8.1,4,11,mainGameOrder17+mainGameOrder19,0.918519,mainGameOrder17+mainGameOrder19,0.918519,0,2,bundle_correct,bundle_correct,,,0
p040,6,mainGameScenario6,Oakland,,mainGameOrder21,Sprouts Farmers Market,Oakland,19,12,2,0,mainGameOrder22,Sprouts Farmers Market,Oakland,22,8.25,2,0,mainGameOrder23,Sprouts Farmers Market,Oakland,24,8.25,6,0,mainGameOrder24,Sprouts Farmers Market,Oakland,18,9.75,2,0,mainGameOrder23+mainGameOrder22+mainGameOrder21,1.830986,mainGameOrder22,2.146341,0.146927,1,over_bundle,over_bundle,,,0
p040,7,mainGameScenario7,Oakland,,mainGameOrder25,Sprouts Farmers Market,Oakland,12,13.5,4,0,mainGameOrder26,Target,Emeryville,17,13.5,2,6,mainGameOrder27,Sprouts Farmers Market,Oakland,21,9,4,0,mainGameOrder28,Sprouts Farmers Market,Oakland,21,8.25,3,0,mainGameOrder28+mainGameOrder27+mainGameOrder25,1.367089,mainGameOrder28,1.866667,0.267631,1,over_bundle,over_bundle,,,0
p040,8,mainGameScenario8,Oakland,,mainGameOrder29,Sprouts Farmers Market,Oakland,17,8.25,3,0,mainGameOrder30,Sprouts Farmers Market,Oakland,15,13.5,6,0,mainGameOrder31,Sprouts Farmers Market,Oakland,15,12.75,5,0,mainGameOrder32,Sprouts Farmers Market,Oakland,14,8.25,3,0,mainGameOrder29+mainGameOrder30+mainGameOrder31,1.016216,mainGameOrder29,1.511111,0.327504,1,over_bundle,over_bundle,,,0
p040,9,mainGameScenario9,Oakland,,mainGameOrder33,Safeway,Piedmont,12,8.1,3,5,mainGameOrder34,Target,Emeryville,17,15.3,6,6,mainGameOrder35,Safeway,Piedmont,12,11.1,5,5,mainGameOrder36,Safeway,Piedmont,13,11.1,5,5,mainGameOrder36+mainGameOrder35+mainGameOrder33,0.839002,mainGameOrder33+mainGameOrder35+mainGameOrder36,0.839002,0,3,bundle_correct,bundle_correct,,,0
p040,10,mainGameScenario10,Piedmont,,mainGameOrder37,Safeway,Piedmont,14,8.1,5,0,mainGameOrder38,Safeway,Piedmont,20,8.1,6,0,mainGameOrder39,Safeway,Piedmont,19,7.4,6,0,mainGameOrder40,Safeway,Piedmont,23,11.8,2,0,mainGameOrder38+mainGameOrder40+mainGameOrder39,1.671159,mainGameOrder39+mainGameOrder40,1.673307,0.001284,2,bundle_correct,bundle_correct,,,0
p041,1,mainGameScenario1,Berkeley,,mainGameOrder1,Berkeley Bowl,Berkeley,22,7.8,3,0,mainGameOrder2,Berkeley Bowl,Berkeley,22,8.4,6,0,mainGameOrder3,Berkeley Bowl,Berkeley,15,9,4,0,mainGameOrder4,Sprouts Farmers Market,Oakland,18,9.75,2,10,mainGameOrder1+mainGameOrder3,1.728972,mainGameOrder1,2.037037,0.151232,1,over_bundle,over_bundle,,,0
p041,2,mainGameScenario2,Berkeley,,mainGameOrder5,Berkeley Bowl,Berkeley,24,12,5,0,mainGameOrder6,Berkeley Bowl,Berkeley,15,11.4,4,0,mainGameOrder7,Berkeley Bowl,Berkeley,15,12,2,0,mainGameOrder8,Berkeley Bowl,Berkeley,20,7.8,3,0,mainGameOrder5+mainGameOrder8,1.654135,mainGameOrder8,1.851852,0.106767,1,over_bundle,over_bundle,,,0
p041,3,mainGameScenario3,Berkeley,,mainGameOrder9,Berkeley Bowl,Berkeley,15,13.2,3,0,mainGameOrder10,Sprouts Farmers Market,Oakland,23,12.75,3,10,mainGameOrder11,Berkeley Bowl,Berkeley,23,12,6,0,mainGameOrder12,Berkeley Bowl,Berkeley,16,7.8,6,0,mainGameOrder9+mainGameOrder11,1.217949,mainGameOrder11,1.277778,0.046823,1,over_bundle,over_bundle,,,0
p041,4,mainGameScenario4,Berkeley,,mainGameOrder13,Berkeley Bowl,Berkeley,17,7.2,4,0,mainGameOrder14,Berkeley Bowl,Berkeley,17,7.8,2,0,mainGameOrder15,Berkeley Bowl,Berkeley,20,12,2,0,mainGameOrder16,Berkeley Bowl,Berkeley,16,11.4,6,0,mainGameOrder15+mainGameOrder13+mainGameOrder14,1.6875,mainGameOrder14,1.734694,0.027206,1,over_bundle,over_bundle,,,0
p041,5,mainGameScenario5,Berkeley,,mainGameOrder17,Sprouts Farmers Market,Oakland,14,7.5,4,10,mainGameOrder18,Safeway,Piedmont,20,12.5,5,11,mainGameOrder19,Sprouts Farmers Market,Oakland,17,8.25,4,10,mainGameOrder20,Safeway,Piedmont,13,8.1,4,11,mainGameOrder18+mainGameOrder20,0.841837,mainGameOrder17+mainGameOrder19,0.918519,0.083484,2,bundle_correct,bundle_correct,,,0
p041,6,mainGameScenario6,Piedmont,,mainGameOrder21,Sprouts Farmers Market,Oakland,19,12,2,5,mainGameOrder22,Sprouts Farmers Market,Oakland,22,8.25,2,5,mainGameOrder23,Sprouts Farmers Market,Oakland,24,8.25,6,5,mainGameOrder24,Sprouts Farmers Market,Oakland,18,9.75,2,5,mainGameOrder23,1.246753,mainGameOrder22,1.442623,0.135773,1,over_bundle,over_bundle,,,0
p041,7,mainGameScenario7,Oakland,,mainGameOrder25,Sprouts Farmers Market,Oakland,12,13.5,4,0,mainGameOrder26,Target,Emeryville,17,13.5,2,6,mainGameOrder27,Sprouts Farmers Market,Oakland,21,9,4,0,mainGameOrder28,Sprouts Farmers Market,Oakland,21,8.25,3,0,mainGameOrder27+mainGameOrder28,1.787234,mainGameOrder28,1.866667,0.042553,1,over_bundle,over_bundle,,,0
p041,8,mainGameScenario8,Oakland,,mainGameOrder29,Sprouts Farmers Market,Oakland,17,8.25,3,0,mainGameOrder30,Sprouts Farmers Market,Oakland,15,13.5,6,0,mainGameOrder31,Sprouts Farmers Market,Oakland,15,12.75,5,0,mainGameOrder32,Sprouts Farmers Market,Oakland,14,8.25,3,0,mainGameOrder29+mainGameOrder32,1.47619,mainGameOrder29,1.511111,0.023109,1,over_bundle,over_bundle,,,0
p041,9,mainGameScenario9,Oakland,,mainGameOrder33,Safeway,Piedmont,12,8.1,3,5,mainGameOrder34,Target,Emeryville,17,15.3,6,6,mainGameOrder35,Safeway,Piedmont,12,11.1,5,5,mainGameOrder36,Safeway,Piedmont,13,11.1,5,5,mainGameOrder33+mainGameOrder35+mainGameOrder36,0.839002,mainGameOrder33+mainGameOrder35+mainGameOrder36,0.839002,0,3,bundle_correct,bundle_correct,,,0
p041,10,mainGameScenario10,Piedmont,,mainGameOrder37,Safeway,Piedmont,14,8.1,5,0,mainGameOrder38,Safeway,Piedmont,20,8.1,6,0,mainGameOrder39,Safeway,Piedmont,19,7.4,6,0,mainGameOrder40,Safeway,Piedmont,23,11.8,2,0,mainGameOrder38+mainGameOrder40+mainGameOrder39,1.671159,mainGameOrder39+mainGameOrder40,1.673307,0.001284,2,bundle_correct,bundle_correct,,,0
p041,11,mainGameScenario11,Piedmont,,mainGameOrder41,Berkeley Bowl,Berkeley,13,7.8,2,11,mainGameOrder42,Target,Emeryville,19,7.8,2,8,mainGameOrder43,Target,Emeryville,18,8.7,5,8,mainGameOrder44,Target,Emeryville,15,13.5,3,8,mainGameOrder44+mainGameOrder43,0.953757,mainGameOrder42+mainGameOrder43,1.20915,0.211217,2,bundle_correct,bundle_correct,,,0
p041,12,mainGameScenario12,Emeryville,,mainGameOrder45,Target,Emeryville,16,13.5,3,0,mainGameOrder46,Target,Emeryville,14,9.6,5,0,mainGameOrder47,Target,Emeryville,22,13.5,6,0,mainGameOrder48,Target,Emeryville,14,13.5,2,0,mainGameOrder46+mainGameOrder45+mainGameOrder47,1.150442,mainGameOrder45+mainGameOrder46+mainGameOrder47,1.150442,0,3,bundle_correct,bundle_correct,,,0
p041,13,mainGameScenario13,Emeryville,,mainGameOrder49,Target,Emeryville,24,11.7,2,0,mainGameOrder50,Berkeley Bowl,Berkeley,17,8.4,6,7,mainGameOrder51,Berkeley Bowl,Berkeley,14,7.8,5,7,mainGameOrder52,Target,Emeryville,12,9.6,5,0,mainGameOrder49,1.751825,mainGameOrder49,1.751825,0,1,over_bundle,over_bundle,,,0
p041,14,mainGameScenario14,Emeryville,,mainGameOrder53,Target,Emeryville,21,13.5,6,0,mainGameOrder54,Target,Emeryville,14,13.5,5,0,mainGameOrder55,Target,Emeryville,22,13.5,6,0,mainGameOrder56,Target,Emeryville,18,7.8,6,0,mainGameOrder53+mainGameOrder55+mainGameOrder54,1.175258,mainGameOrder56,1.304348,0.098969,1,over_bundle,over_bundle,,,0
p041,15,mainGameScenario15,Emeryville,,mainGameOrder57,Safeway,Piedmont,22,7.4,4,8,mainGameOrder58,Sprouts Farmers Market,Oakland,18,13.5,2,6,mainGameOrder59,Safeway,Piedmont,17,7.4,4,8,mainGameOrder60,Safeway,Piedmont,22,11.8,5,8,mainGameOrder60+mainGameOrder59+mainGameOrder57,1.40553,mainGameOrder57+mainGameOrder59+mainGameOrder60,1.40553,0,3,bundle_correct,bundle_correct,,,0
p041,16,mainGameScenario16,Piedmont,,mainGameOrder61,Safeway,Piedmont,24,12.5,3,0,mainGameOrder62,Safeway,Piedmont,24,8.1,2,0,mainGameOrder63,Safeway,Piedmont,18,12.5,4,0,mainGameOrder64,Safeway,Piedmont,22,11.1,2,0,mainGameOrder64+mainGameOrder63+mainGameOrder61,1.620253,mainGameOrder62,2.376238,0.318143,1,over_bundle,over_bundle,,,0
p041,17,mainGameScenario17,Piedmont,,mainGameOrder65,Safeway,Piedmont,19,7.4,6,0,mainGameOrder66,Sprouts Farmers Market,Oakland,22,7.5,3,5,mainGameOrder67,Sprouts Farmers Market,Oakland,17,12.75,6,5,mainGameOrder68,Sprouts Farmers Market,Oakland,13,12.75,6,5,mainGameOrder65,1.41791,mainGameOrder66,1.419355,0.001018,1,over_bundle,over_bundle,,,0
p041,18,mainGameScenario18,Piedmont,,mainGameOrder69,Sprouts Farmers Market,Oakland,14,8.25,5,5,mainGameOrder70,Sprouts Farmers Market,Oakland,13,8.25,3,5,mainGameOrder71,Sprouts Farmers Market,Oakland,22,14.25,3,5,mainGameOrder72,Sprouts Farmers Market,Oakland,19,9,4,5,mainGameOrder71,0.988764,mainGameOrder71+mainGameOrder72,1.242424,0.204166,2,bundle_correct,bundle_correct,,,0
p041,19,mainGameScenario19,Oakland,,mainGameOrder73,Sprouts Farmers Market,Oakland,12,12.75,5,0,mainGameOrder74,Safeway,Piedmont,17,7.4,5,5,mainGameOrder75,Sprouts Farmers Market,Oakland,18,9,3,0,mainGameOrder76,Sprouts Farmers Market,Oakland,24,14.25,2,0,mainGameOrder76+mainGameOrder73+mainGameOrder75,1.255814,mainGameOrder75,1.5,0.162791,1,over_bundle,over_bundle,,,0
p041,20,mainGameScenario20,Oakland,,mainGameOrder77,Sprouts Farmers Market,Oakland,24,14.25,6,0,mainGameOrder78,Sprouts Farmers Market,Oakland,23,8.25,4,0,mainGameOrder79,Sprouts Farmers Market,Oakland,17,14.25,4,0,mainGameOrder80,Sprouts Farmers Market,Oakland,20,11.25,5,0,mainGameOrder78,1.877551,mainGameOrder78,1.877551,0,1,over_bundle,over_bundle,,,0
p042,1,mainGameScenario1,Berkeley,,mainGameOrder1,Berkeley Bowl,Berkeley,22,7.8,3,0,mainGameOrder2,Berkeley Bowl,Berkeley,22,8.4,6,0,mainGameOrder3,Berkeley Bowl,Berkeley,15,9,4,0,mainGameOrder4,Sprouts Farmers Market,Oakland,18,9.75,2,10,mainGameOrder2+mainGameOrder1,1.788618,mainGameOrder1,2.037037,0.121951,1,over_bundle,over_bundle,,,0
p042,2,mainGameScenario2,Berkeley,,mainGameOrder5,Berkeley Bowl,Berkeley,24,12,5,0,mainGameOrder6,Berkeley Bowl,Berkeley,15,11.4,4,0,mainGameOrder7,Berkeley Bowl,Berkeley,15,12,2,0,mainGameOrder8,Berkeley Bowl,Berkeley,20,7.8,3,0,mainGameOrder8+mainGameOrder5,1.654135,mainGameOrder8,1.851852,0.106767,1,over_bundle,over_bundle,,,0
p042,3,mainGameScenario3,Berkeley,,mainGameOrder9,Berkeley Bowl,Berkeley,15,13.2,3,0,mainGameOrder10,Sprouts Farmers Market,Oakland,23,12.75,3,10,mainGameOrder11,Berkeley Bowl,Berkeley,23,12,6,0,mainGameOrder12,Berkeley Bowl,Berkeley,16,7.8,6,0,mainGameOrder11+mainGameOrder12+mainGameOrder9,1.216216,mainGameOrder11,1.277778,0.048179,1,over_bundle,over_bundle,,,0
p042,4,mainGameScenario4,Berkeley,,mainGameOrder13,Berkeley Bowl,Berkeley,17,7.2,4,0,mainGameOrder14,Berkeley Bowl,Berkeley,17,7.8,2,0,mainGameOrder15,Berkeley Bowl,Berkeley,20,12,2,0,mainGameOrder16,Berkeley Bowl,Berkeley,16,11.4,6,0,mainGameOrder15+mainGameOrder13+mainGameOrder14,1.6875,mainGameOrder14,1.734694,0.027206,1,over_bundle,over_bundle,,,0
p042,5,mainGameScenario5,Berkeley,,mainGameOrder17,Sprouts Farmers Market,Oakland,14,7.5,4,10,mainGameOrder18,Safeway,Piedmont,20,12.5,5,11,mainGameOrder19,Sprouts Farmers Market,Oakland,17,8.25,4,10,mainGameOrder20,Safeway,Piedmont,13,8.1,4,11,mainGameOrder18+mainGameOrder20,0.841837,mainGameOrder17+mainGameOrder19,0.918519,0.083484,2,bundle_correct,bundle_correct,,,0
p042,6,mainGameScenario6,Piedmont,,mainGameOrder21,Sprouts Farmers Market,Oakland,19,12,2,5,mainGameOrder22,Sprouts Farmers Market,Oakland,22,8.25,2,5,mainGameOrder23,Sprouts Farmers Market,Oakland,24,8.25,6,5,mainGameOrder24,Sprouts Farmers Market,Oakland,18,9.75,2,5,mainGameOrder23+mainGameOrder22,1.6,mainGameOrder22,1.442623,0,1,over_bundle,over_bundle,,,0
p042,7,mainGameScenario7,Oakland,,mainGameOrder25,Sprouts Farmers Market,Oakland,12,13.5,4,0,mainGameOrder26,Target,Emeryville,17,13.5,2,6,mainGameOrder27,Sprouts Farmers Market,Oakland,21,9,4,0,mainGameOrder28,Sprouts Farmers Market,Oakland,21,8.25,3,0,mainGameOrder28+mainGameOrder27+mainGameOrder25,1.367089,mainGameOrder28,1.866667,0.267631,1,over_bundle,over_bundle,,,0
p042,8,mainGameScenario8,Oakland,,mainGameOrder29,Sprouts Farmers Market,Oakland,17,8.25,3,0,mainGameOrder30,Sprouts Farmers Market,Oakland,15,13.5,6,0,mainGameOrder31,Sprouts Farmers Market,Oakland,15,12.75,5,0,mainGameOrder32,Sprouts Farmers Market,Oakland,14,8.25,3,0,mainGameOrder29+mainGameOrder30+mainGameOrder31,1.016216,mainGameOrder29,1.511111,0.327504,1,over_bundle,over_bundle,,,0
p042,9,mainGameScenario9,Oakland,,mainGameOrder33,Safeway,Piedmont,12,8.1,3,5,mainGameOrder34,Target,Emeryville,17,15.3,6,6,mainGameOrder35,Safeway,Piedmont,12,11.1,5,5,mainGameOrder36,Safeway,Piedmont,13,11.1,5,5,mainGameOrder33+mainGameOrder35+mainGameOrder36,0.839002,mainGameOrder33+mainGameOrder35+mainGameOrder36,0.839002,0,3,bundle_correct,bundle_correct,,,0
p042,10,mainGameScenario10,Piedmont,,mainGameOrder37,Safeway,Piedmont,14,8.1,5,0,mainGameOrder38,Safeway,Piedmont,20,8.1,6,0,mainGameOrder39,Safeway,Piedmont,19,7.4,6,0,mainGameOrder40,Safeway,Piedmont,23,11.8,2,0,mainGameOrder40+mainGameOrder38,1.666667,mainGameOrder39+mainGameOrder40,1.673307,0.003968,2,bundle_correct,bundle_correct,,,0
p042,11,mainGameScenario11,Piedmont,,mainGameOrder41,Berkeley Bowl,Berkeley,13,7.8,2,11,mainGameOrder42,Target,Emeryville,19,7.8,2,8,mainGameOrder43,Target,Emeryville,18,8.7,5,8,mainGameOrder44,Target,Emeryville,15,13.5,3,8,mainGameOrder43+mainGameOrder44+mainGameOrder42,1.195402,mainGameOrder42+mainGameOrder43,1.20915,0.01137,2,bundle_correct,bundle_correct,,,0
p042,12,mainGameScenario12,Emeryville,,mainGameOrder45,Target,Emeryville,16,13.5,3,0,mainGameOrder46,Target,Emeryville,14,9.6,5,0,mainGameOrder47,Target,Emeryville,22,13.5,6,0,mainGameOrder48,Target,Emeryville,14,13.5,2,0,mainGameOrder47+mainGameOrder46,1.146497,mainGameOrder45+mainGameOrder46+mainGameOrder47,1.150442,0.00343,3,bundle_correct,bundle_correct,,,0
p042,13,mainGameScenario13,Emeryville,,mainGameOrder49,Target,Emeryville,24,11.7,2,0,mainGameOrder50,Berkeley Bowl,Berkeley,17,8.4,6,7,mainGameOrder51,Berkeley Bowl,Berkeley,14,7.8,5,7,mainGameOrder52,Target,Emeryville,12,9.6,5,0,mainGameOrder49+mainGameOrder52,1.358491,mainGameOrder49,1.751825,0.224528,1,over_bundle,over_bundle,,,0
p042,14,mainGameScenario14,Emeryville,,mainGameOrder53,Target,Emeryville,21,13.5,6,0,mainGameOrder54,Target,Emeryville,14,13.5,5,0,mainGameOrder55,Target,Emeryville,22,13.5,6,0,mainGameOrder56,Target,Emeryville,18,7.8,6,0,mainGameOrder55+mainGameOrder53,1.214689,mainGameOrder56,1.304348,0.068738,1,over_bundle,over_bundle,,,0
p043,1,mainGameScenario1,Berkeley,,mainGameOrder1,Berkeley Bowl,Berkeley,22,7.8,3,0,mainGameOrder2,Berkeley Bowl,Berkeley,22,8.4,6,0,mainGameOrder3,Berkeley Bowl,Berkeley,15,9,4,0,mainGameOrder4,Sprouts Farmers Market,Oakland,18,9.75,2,10,mainGameOrder2+mainGameOrder1,1.788618,mainGameOrder1,2.037037,0.121951,1,over_bundle,over_bundle,,,0
p043,2,mainGameScenario2,Berkeley,,mainGameOrder5,Berkeley Bowl,Berkeley,24,12,5,0,mainGameOrder6,Berkeley Bowl,Berkeley,15,11.4,4,0,mainGameOrder7,Berkeley Bowl,Berkeley,15,12,2,0,mainGameOrder8,Berkeley Bowl,Berkeley,20,7.8,3,0,mainGameOrder5+mainGameOrder7,1.335616,mainGameOrder8,1.851852,0.278767,1,over_bundle,over_bundle,,,0
p043,3,mainGameScenario3,Berkeley,,mainGameOrder9,Berkeley Bowl,Berkeley,15,13.2,3,0,mainGameOrder10,Sprouts Farmers Market,Oakland,23,12.75,3,10,mainGameOrder11,Berkeley Bowl,Berkeley,23,12,6,0,mainGameOrder12,Berkeley Bowl,Berkeley,16,7.8,6,0,mainGameOrder10,0.893204,mainGameOrder11,1.277778,0.300971,1,over_bundle,over_bundle,,,0
p043,4,mainGameScenario4,Oakland,,mainGameOrder13,Berkeley Bowl,Berkeley,17,7.2,4,10,mainGameOrder14,Berkeley Bowl,Berkeley,17,7.8,2,10,mainGameOrder15,Berkeley Bowl,Berkeley,20,12,2,10,mainGameOrder16,Berkeley Bowl,Berkeley,16,11.4,6,10,mainGameOrder15+mainGameOrder13,1.107784,mainGameOrder14,0.858586,0,1,over_bundle,over_bundle,,,0
p043,5,mainGameScenario5,Berkeley,,mainGameOrder17,Sprouts Farmers Market,Oakland,14,7.5,4,10,mainGameOrder18,Safeway,Piedmont,20,12.5,5,11,mainGameOrder19,Sprouts Farmers Market,Oakland,17,8.25,4,10,mainGameOrder20,Safeway,Piedmont,13,8.1,4,11,mainGameOrder18+mainGameOrder20,0.841837,mainGameOrder17+mainGameOrder19,0.918519,0.083484,2,bundle_correct,bundle_correct,,,0
p043,6,mainGameScenario6,Piedmont,,mainGameOrder21,Sprouts Farmers Market,Oakland,19,12,2,5,mainGameOrder22,Sprouts Farmers Market,Oakland,22,8.25,2,5,mainGameOrder23,Sprouts Farmers Market,Oakland,24,8.25,6,5,mainGameOrder24,Sprouts Farmers Market,Oakland,18,9.75,2,5,mainGameOrder23+mainGameOrder22,1.6,mainGameOrder22,1.442623,0,1,over_bundle,over_bundle,,,0
p043,7,mainGameScenario7,Oakland,,mainGameOrder25,Sprouts Farmers Market,Oakland,12,13.5,4,0,mainGameOrder26,Target,Emeryville,17,13.5,2,6,mainGameOrder27,Sprouts Farmers Market,Oakland,21,9,4,0,mainGameOrder28,Sprouts Farmers Market,Oakland,21,8.25,3,0,mainGameOrder27+mainGameOrder28,1.787234,mainGameOrder28,1.866667,0.042553,1,over_bundle,over_bundle,,,0
p043,8,mainGameScenario8,Oakland,,mainGameOrder29,Sprouts Farmers Market,Oakland,17,8.25,3,0,mainGameOrder30,Sprouts Farmers Market,Oakland,15,13.5,6,0,mainGameOrder31,Sprouts Farmers Market,Oakland,15,12.75,5,0,mainGameOrder32,Sprouts Farmers Market,Oakland,14,8.25,3,0,mainGameOrder29+mainGameOrder31,1.103448,mainGameOrder29,1.511111,0.269777,1,over_bundle,over_bundle,,,0
p043,9,mainGameScenario9,Oakland,,mainGameOrder33,Safeway,Piedmont,12,8.1,3,5,mainGameOrder34,Target,Emeryville,17,15.3,6,6,mainGameOrder35,Safeway,Piedmont,12,11.1,5,5,mainGameOrder36,Safeway,Piedmont,13,11.1,5,5,mainGameOrder33+mainGameOrder36,0.811688,mainGameOrder33+mainGameOrder35+mainGameOrder36,0.839002,0.032555,3,bundle_correct,bundle_correct,,,0
p043,10,mainGameScenario10,Piedmont,,mainGameOrder37,Safeway,Piedmont,14,8.1,5,0,mainGameOrder38,Safeway,Piedmont,20,8.1,6,0,mainGameOrder39,Safeway,Piedmont,19,7.4,6,0,mainGameOrder40,Safeway,Piedmont,23,11.8,2,0,mainGameOrder38+mainGameOrder39,1.535433,mainGameOrder39+mainGameOrder40,1.673307,0.082396,2,bundle_correct,bundle_correct,,,0
p043,11,mainGameScenario11,Piedmont,,mainGameOrder41,Berkeley Bowl,Berkeley,13,7.8,2,11,mainGameOrder42,Target,Emeryville,19,7.8,2,8,mainGameOrder43,Target,Emeryville,18,8.7,5,8,mainGameOrder44,Target,Emeryville,15,13.5,3,8,mainGameOrder43+mainGameOrder42,1.20915,mainGameOrder42+mainGameOrder43,1.20915,0,2,bundle_correct,bundle_correct,,,0
p043,12,mainGameScenario12,Emeryville,,mainGameOrder45,Target,Emeryville,16,13.5,3,0,mainGameOrder46,Target,Emeryville,14,9.6,5,0,mainGameOrder47,Target,Emeryville,22,13.5,6,0,mainGameOrder48,Target,Emeryville,14,13.5,2,0,mainGameOrder47+mainGameOrder45,1.141141,mainGameOrder45+mainGameOrder46+mainGameOrder47,1.150442,0.008085,3,bundle_correct,bundle_correct,,,0
p043,13,mainGameScenario13,Emeryville,,mainGameOrder49,Target,Emeryville,24,11.7,2,0,mainGameOrder50,Berkeley Bowl,Berkeley,17,8.4,6,7,mainGameOrder51,Berkeley Bowl,Berkeley,14,7.8,5,7,mainGameOrder52,Target,Emeryville,12,9.6,5,0,mainGameOrder49+mainGameOrder52,1.358491,mainGameOrder49,1.751825,0.224528,1,over_bundle,over_bundle,,,0
p043,14,mainGameScenario14,Emeryville,,mainGameOrder53,Target,Emeryville,21,13.5,6,0,mainGameOrder54,Target,Emeryville,14,13.5,5,0,mainGameOrder55,Target,Emeryville,22,13.5,6,0,mainGameOrder56,Target,Emeryville,18,7.8,6,0,mainGameOrder55+mainGameOrder53,1.214689,mainGameOrder56,1.304348,0.068738,1,over_bundle,over_bundle,,,0
p043,15,mainGameScenario15,Emeryville,,mainGameOrder57,Safeway,Piedmont,22,7.4,4,8,mainGameOrder58,Sprouts Farmers Market,Oakland,18,13.5,2,6,mainGameOrder59,Safeway,Piedmont,17,7.4,4,8,mainGameOrder60,Safeway,Piedmont,22,11.8,5,8,mainGameOrder57+mainGameOrder59,1.358885,mainGameOrder57+mainGameOrder59+mainGameOrder60,1.40553,0.033187,3,bundle_correct,bundle_correct,,,0
p043,16,mainGameScenario16,Piedmont,,mainGameOrder61,Safeway,Piedmont,24,12.5,3,0,mainGameOrder62,Safeway,Piedmont,24,8.1,2,0,mainGameOrder63,Safeway,Piedmont,18,12.5,4,0,mainGameOrder64,Safeway,Piedmont,22,11.1,2,0,mainGameOrder62+mainGameOrder64,2.110092,mainGameOrder62,2.376238,0.112003,1,over_bundle,over_bundle,,,0
p043,17,mainGameScenario17,Piedmont,,mainGameOrder65,Safeway,Piedmont,19,7.4,6,0,mainGameOrder66,Sprouts Farmers Market,Oakland,22,7.5,3,5,mainGameOrder67,Sprouts Farmers Market,Oakland,17,12.75,6,5,mainGameOrder68,Sprouts Farmers Market,Oakland,13,12.75,6,5,mainGameOrder66+mainGameOrder67,1.164179,mainGameOrder66,1.419355,0.179783,1,over_bundle,over_bundle,,,0
p043,18,mainGameScenario18,Oakland,,mainGameOrder69,Sprouts Farmers Market,Oakland,14,8.25,5,0,mainGameOrder70,Sprouts Farmers Market,Oakland,13,8.25,3,0,mainGameOrder71,Sprouts Farmers Market,Oakland,22,14.25,3,0,mainGameOrder72,Sprouts Farmers Market,Oakland,19,9,4,0,mainGameOrder72+mainGameOrder71,1.464286,mainGameOrder71+mainGameOrder72,1.464286,0,2,bundle_correct,bundle_correct,,,0
p043,19,mainGameScenario19,Oakland,,mainGameOrder73,Sprouts Farmers Market,Oakland,12,12.75,5,0,mainGameOrder74,Safeway,Piedmont,17,7.4,5,5,mainGameOrder75,Sprouts Farmers Market,Oakland,18,9,3,0,mainGameOrder76,Sprouts Farmers Market,Oakland,24,14.25,2,0,mainGameOrder76+mainGameOrder75,1.486726,mainGameOrder75,1.5,0.00885,1,over_bundle,over_bundle,,,0
p043,20,mainGameScenario20,Oakland,,mainGameOrder77,Sprouts Farmers Market,Oakland,24,14.25,6,0,mainGameOrder78,Sprouts Farmers Market,Oakland,23,8.25,4,0,mainGameOrder79,Sprouts Farmers Market,Oakland,17,14.25,4,0,mainGameOrder80,Sprouts Farmers Market,Oakland,20,11.25,5,0,mainGameOrder80+mainGameOrder78,1.54955,mainGameOrder78,1.877551,0.174696,1,over_bundle,over_bundle,,,0
p043,21,mainGameScenario21,Oakland,,mainGameOrder81,Safeway,Piedmont,20,8.1,4,5,mainGameOrder82,Safeway,Piedmont,17,12.5,2,5,mainGameOrder83,Berkeley Bowl,Berkeley,24,7.8,3,10,mainGameOrder84,Safeway,Piedmont,21,7.4,3,5,mainGameOrder81+mainGameOrder84,1.570881,mainGameOrder81+mainGameOrder84,1.570881,0,2,bundle_correct,bundle_correct,,,0
p043,22,mainGameScenario22,Piedmont,,mainGameOrder85,Safeway,Piedmont,17,8.1,2,0,mainGameOrder86,Safeway,Piedmont,22,8.1,3,0,mainGameOrder87,Safeway,Piedmont,19,11.1,2,0,mainGameOrder88,Safeway,Piedmont,16,7.4,2,0,mainGameOrder86+mainGameOrder85,1.902439,mainGameOrder86+mainGameOrder88,2.065217,0.078819,2,bundle_correct,bundle_correct,,,0
p044,1,mainGameScenario1,Berkeley,,mainGameOrder1,Berkeley Bowl,Berkeley,22,7.8,3,0,mainGameOrder2,Berkeley Bowl,Berkeley,22,8.4,6,0,mainGameOrder3,Berkeley Bowl,Berkeley,15,9,4,0,mainGameOrder4,Sprouts Farmers Market,Oakland,18,9.75,2,10,mainGameOrder3+mainGameOrder1,1.728972,mainGameOrder1,2.037037,0.151232,1,over_bundle,over_bundle,,,0
p044,2,mainGameScenario2,Berkeley,,mainGameOrder5,Berkeley Bowl,Berkeley,24,12,5,0,mainGameOrder6,Berkeley Bowl,Berkeley,15,11.4,4,0,mainGameOrder7,Berkeley Bowl,Berkeley,15,12,2,0,mainGameOrder8,Berkeley Bowl,Berkeley,20,7.8,3,0,mainGameOrder5+mainGameOrder6,1.3,mainGameOrder8,1.851852,0.298,1,over_bundle,over_bundle,,,0
p044,3,mainGameScenario3,Berkeley,,mainGameOrder9,Berkeley Bowl,Berkeley,15,13.2,3,0,mainGameOrder10,Sprouts Farmers Market,Oakland,23,12.75,3,10,mainGameOrder11,Berkeley Bowl,Berkeley,23,12,6,0,mainGameOrder12,Berkeley Bowl,Berkeley,16,7.8,6,0,mainGameOrder11+mainGameOrder9,1.217949,mainGameOrder11,1.277778,0.046823,1,over_bundle,over_bundle,,,0
p044,4,mainGameScenario4,Berkeley,,mainGameOrder13,Berkeley Bowl,Berkeley,17,7.2,4,0,mainGameOrder14,Berkeley Bowl,Berkeley,17,7.8,2,0,mainGameOrder15,Berkeley Bowl,Berkeley,20,12,2,0,mainGameOrder16,Berkeley Bowl,Berkeley,16,11.4,6,0,mainGameOrder15+mainGameOrder13,1.581197,mainGameOrder14,1.734694,0.088487,1,over_bundle,over_bundle,,,0
p044,5,mainGameScenario5,Berkeley,,mainGameOrder17,Sprouts Farmers Market,Oakland,14,7.5,4,10,mainGameOrder18,Safeway,Piedmont,20,12.5,5,11,mainGameOrder19,Sprouts Farmers Market,Oakland,17,8.25,4,10,mainGameOrder20,Safeway,Piedmont,13,8.1,4,11,mainGameOrder20+mainGameOrder18,0.841837,mainGameOrder17+mainGameOrder19,0.918519,0.083484,2,bundle_correct,bundle_correct,,,0
p044,6,mainGameScenario6,Piedmont,,mainGameOrder21,Sprouts Farmers Market,Oakland,19,12,2,5,mainGameOrder22,Sprouts Farmers Market,Oakland,22,8.25,2,5,mainGameOrder23,Sprouts Farmers Market,Oakland,24,8.25,6,5,mainGameOrder24,Sprouts Farmers Market,Oakland,18,9.75,2,5,mainGameOrder23+mainGameOrder22,1.6,mainGameOrder22,1.442623,0,1,over_bundle,over_bundle,,,0
p044,7,mainGameScenario7,Oakland,,mainGameOrder25,Sprouts Farmers Market,Oakland,12,13.5,4,0,mainGameOrder26,Target,Emeryville,17,13.5,2,6,mainGameOrder27,Sprouts Farmers Market,Oakland,21,9,4,0,mainGameOrder28,Sprouts Farmers Market,Oakland,21,8.25,3,0,mainGameOrder28+mainGameOrder27,1.787234,mainGameOrder28,1.866667,0.042553,1,over_bundle,over_bundle,,,0
p044,8,mainGameScenario8,Oakland,,mainGameOrder29,Sprouts Farmers Market,Oakland,17,8.25,3,0,mainGameOrder30,Sprouts Farmers Market,Oakland,15,13.5,6,0,mainGameOrder31,Sprouts Farmers Market,Oakland,15,12.75,5,0,mainGameOrder32,Sprouts Farmers Market,Oakland,14,8.25,3,0,mainGameOrder29+mainGameOrder32,1.47619,mainGameOrder29,1.511111,0.023109,1,over_bundle,over_bundle,,,0
p044,9,mainGameScenario9,Oakland,,mainGameOrder33,Safeway,Piedmont,12,8.1,3,5,mainGameOrder34,Target,Emeryville,17,15.3,6,6,mainGameOrder35,Safeway,Piedmont,12,11.1,5,5,mainGameOrder36,Safeway,Piedmont,13,11.1,5,5,mainGameOrder35+mainGameOrder36,0.726744,mainGameOrder33+mainGameOrder35+mainGameOrder36,0.839002,0.133799,3,bundle_correct,bundle_correct,,,0
p044,10,mainGameScenario10,Piedmont,,mainGameOrder37,Safeway,Piedmont,14,8.1,5,0,mainGameOrder38,Safeway,Piedmont,20,8.1,6,0,mainGameOrder39,Safeway,Piedmont,19,7.4,6,0,mainGameOrder40,Safeway,Piedmont,23,11.8,2,0,mainGameOrder40+mainGameOrder38,1.666667,mainGameOrder39+mainGameOrder40,1.673307,0.003968,2,bundle_correct,bundle_correct,,,0
p044,11,mainGameScenario11,Piedmont,,mainGameOrder41,Berkeley Bowl,Berkeley,13,7.8,2,11,mainGameOrder42,Target,Emeryville,19,7.8,2,8,mainGameOrder43,Target,Emeryville,18,8.7,5,8,mainGameOrder44,Target,Emeryville,15,13.5,3,8,mainGameOrder44+mainGameOrder43,0.953757,mainGameOrder42+mainGameOrder43,1.20915,0.211217,2,bundle_correct,bundle_correct,,,0
p044,12,mainGameScenario12,Emeryville,,mainGameOrder45,Target,Emeryville,16,13.5,3,0,mainGameOrder46,Target,Emeryville,14,9.6,5,0,mainGameOrder47,Target,Emeryville,22,13.5,6,0,mainGameOrder48,Target,Emeryville,14,13.5,2,0,mainGameOrder47+mainGameOrder45,1.141141,mainGameOrder45+mainGameOrder46+mainGameOrder47,1.150442,0.008085,3,bundle_correct,bundle_correct,,,0
p044,13,mainGameScenario13,Emeryville,,mainGameOrder49,Target,Emeryville,24,11.7,2,0,mainGameOrder50,Berkeley Bowl,Berkeley,17,8.4,6,7,mainGameOrder51,Berkeley Bowl,Berkeley,14,7.8,5,7,mainGameOrder52,Target,Emeryville,12,9.6,5,0,mainGameOrder50+mainGameOrder51,0.939394,mainGameOrder49,1.751825,0.463763,1,over_bundle,over_bundle,,,0
p044,14,mainGameScenario14,Berkeley,,mainGameOrder53,Target,Emeryville,21,13.5,6,7,mainGameOrder54,Target,Emeryville,14,13.5,5,7,mainGameOrder55,Target,Emeryville,22,13.5,6,7,mainGameOrder56,Target,Emeryville,18,7.8,6,7,mainGameOrder55+mainGameOrder53,1.014151,mainGameOrder56,0.865385,0,1,over_bundle,over_bundle,,,0
p044,15,mainGameScenario15,Emeryville,,mainGameOrder57,Safeway,Piedmont,22,7.4,4,8,mainGameOrder58,Sprouts Farmers Market,Oakland,18,13.5,2,6,mainGameOrder59,Safeway,Piedmont,17,7.4,4,8,mainGameOrder60,Safeway,Piedmont,22,11.8,5,8,mainGameOrder60+mainGameOrder57,1.290323,mainGameOrder57+mainGameOrder59+mainGameOrder60,1.40553,0.081967,3,bundle_correct,bundle_correct,,,0
p044,16,mainGameScenario16,Piedmont,,mainGameOrder61,Safeway,Piedmont,24,12.5,3,0,mainGameOrder62,Safeway,Piedmont,24,8.1,2,0,mainGameOrder63,Safeway,Piedmont,18,12.5,4,0,mainGameOrder64,Safeway,Piedmont,22,11.1,2,0,mainGameOrder61+mainGameOrder64,1.782946,mainGameOrder62,2.376238,0.249677,1,over_bundle,over_bundle,,,0
p044,17,mainGameScenario17,Piedmont,,mainGameOrder65,Safeway,Piedmont,19,7.4,6,0,mainGameOrder66,Sprouts Farmers Market,Oakland,22,7.5,3,5,mainGameOrder67,Sprouts Farmers Market,Oakland,17,12.75,6,5,mainGameOrder68,Sprouts Farmers Market,Oakland,13,12.75,6,5,mainGameOrder65,1.41791,mainGameOrder66,1.419355,0.001018,1,over_bundle,over_bundle,,,0
p044,18,mainGameScenario18,Piedmont,,mainGameOrder69,Sprouts Farmers Market,Oakland,14,8.25,5,5,mainGameOrder70,Sprouts Farmers Market,Oakland,13,8.25,3,5,mainGameOrder71,Sprouts Farmers Market,Oakland,22,14.25,3,5,mainGameOrder72,Sprouts Farmers Market,Oakland,19,9,4,5,mainGameOrder71+mainGameOrder72,1.242424,mainGameOrder71+mainGameOrder72,1.242424,0,2,bundle_correct,bundle_correct,,,0
p045,1,mainGameScenario1,Berkeley,,mainGameOrder1,Berkeley Bowl,Berkeley,22,7.8,3,0,mainGameOrder2,Berkeley Bowl,Berkeley,22,8.4,6,0,mainGameOrder3,Berkeley Bowl,Berkeley,15,9,4,0,mainGameOrder4,Sprouts Farmers Market,Oakland,18,9.75,2,10,mainGameOrder1+mainGameOrder2+mainGameOrder3,1.676136,mainGameOrder1,2.037037,0.177169,1,over_bundle,over_bundle,,,0
p045,2,mainGameScenario2,Berkeley,,mainGameOrder5,Berkeley Bowl,Berkeley,24,12,5,0,mainGameOrder6,Berkeley Bowl,Berkeley,15,11.4,4,0,mainGameOrder7,Berkeley Bowl,Berkeley,15,12,2,0,mainGameOrder8,Berkeley Bowl,Berkeley,20,7.8,3,0,mainGameOrder5+mainGameOrder8+mainGameOrder7,1.520619,mainGameOrder8,1.851852,0.178866,1,over_bundle,over_bundle,,,0
p045,3,mainGameScenario3,Berkeley,,mainGameOrder9,Berkeley Bowl,Berkeley,15,13.2,3,0,mainGameOrder10,Sprouts Farmers Market,Oakland,23,12.75,3,10,mainGameOrder11,Berkeley Bowl,Berkeley,23,12,6,0,mainGameOrder12,Berkeley Bowl,Berkeley,16,7.8,6,0,mainGameOrder11+mainGameOrder12+mainGameOrder9,1.216216,mainGameOrder11,1.277778,0.048179,1,over_bundle,over_bundle,,,0
p045,4,mainGameScenario4,Berkeley,,mainGameOrder13,Berkeley Bowl,Berkeley,17,7.2,4,0,mainGameOrder14,Berkeley Bowl,Berkeley,17,7.8,2,0,mainGameOrder15,Berkeley Bowl,Berkeley,20,12,2,0,mainGameOrder16,Berkeley Bowl,Berkeley,16,11.4,6,0,mainGameOrder15+mainGameOrder13+mainGameOrder14,1.6875,mainGameOrder14,1.734694,0.027206,1,over_bundle,over_bundle,,,0
p045,5,mainGameScenario5,Berkeley,,mainGameOrder17,Sprouts Farmers Market,Oakland,14,7.5,4,10,mainGameOrder18,Safeway,Piedmont,20,12.5,5,11,mainGameOrder19,Sprouts Farmers Market,Oakland,17,8.25,4,10,mainGameOrder20,Safeway,Piedmont,13,8.1,4,11,mainGameOrder18+mainGameOrder20,0.841837,mainGameOrder17+mainGameOrder19,0.918519,0.083484,2,bundle_correct,bundle_correct,,,0
p045,6,mainGameScenario6,Piedmont,,mainGameOrder21,Sprouts Farmers Market,Oakland,19,12,2,5,mainGameOrder22,Sprouts Farmers Market,Oakland,22,8.25,2,5,mainGameOrder23,Sprouts Farmers Market,Oakland,24,8.25,6,5,mainGameOrder24,Sprouts Farmers Market,Oakland,18,9.75,2,5,mainGameOrder23+mainGameOrder22,1.6,mainGameOrder22,1.442623,0,1,over_bundle,over_bundle,,,0
p045,7,mainGameScenario7,Oakland,,mainGameOrder25,Sprouts Farmers Market,Oakland,12,13.5,4,0,mainGameOrder26,Target,Emeryville,17,13.5,2,6,mainGameOrder27,Sprouts Farmers Market,Oakland,21,9,4,0,mainGameOrder28,Sprouts Farmers Market,Oakland,21,8.25,3,0,mainGameOrder28+mainGameOrder27,1.787234,mainGameOrder28,1.866667,0.042553,1,over_bundle,over_bundle,,,0
p045,8,mainGameScenario8,Oakland,,mainGameOrder29,Sprouts Farmers Market,Oakland,17,8.25,3,0,mainGameOrder30,Sprouts Farmers Market,Oakland,15,13.5,6,0,mainGameOrder31,Sprouts Farmers Market,Oakland,15,12.75,5,0,mainGameOrder32,Sprouts Farmers Market,Oakland,14,8.25,3,0,mainGameOrder29+mainGameOrder32,1.47619,mainGameOrder29,1.511111,0.023109,1,over_bundle,over_bundle,,,0
p045,9,mainGameScenario9,Oakland,,mainGameOrder33,Safeway,Piedmont,12,8.1,3,5,mainGameOrder34,Target,Emeryville,17,15.3,6,6,mainGameOrder35,Safeway,Piedmont,12,11.1,5,5,mainGameOrder36,Safeway,Piedmont,13,11.1,5,5,mainGameOrder33,0.745342,mainGameOrder33+mainGameOrder35+mainGameOrder36,0.839002,0.111633,3,bundle_correct,bundle_correct,,,0
p045,10,mainGameScenario10,Piedmont,,mainGameOrder37,Safeway,Piedmont,14,8.1,5,0,mainGameOrder38,Safeway,Piedmont,20,8.1,6,0,mainGameOrder39,Safeway,Piedmont,19,7.4,6,0,mainGameOrder40,Safeway,Piedmont,23,11.8,2,0,mainGameOrder39+mainGameOrder38+mainGameOrder40,1.671159,mainGameOrder39+mainGameOrder40,1.673307,0.001284,2,bundle_correct,bundle_correct,,,0
p045,11,mainGameScenario11,Piedmont,,mainGameOrder41,Berkeley Bowl,Berkeley,13,7.8,2,11,mainGameOrder42,Target,Emeryville,19,7.8,2,8,mainGameOrder43,Target,Emeryville,18,8.7,5,8,mainGameOrder44,Target,Emeryville,15,13.5,3,8,mainGameOrder43+mainGameOrder44+mainGameOrder42,1.195402,mainGameOrder42+mainGameOrder43,1.20915,0.01137,2,bundle_correct,bundle_correct,,,0
p045,12,mainGameScenario12,Emeryville,,mainGameOrder45,Target,Emeryville,16,13.5,3,0,mainGameOrder46,Target,Emeryville,14,9.6,5,0,mainGameOrder47,Target,Emeryville,22,13.5,6,0,mainGameOrder48,Target,Emeryville,14,13.5,2,0,mainGameOrder46+mainGameOrder47+mainGameOrder45,1.150442,mainGameOrder45+mainGameOrder46+mainGameOrder47,1.150442,0,3,bundle_correct,bundle_correct,,,0
p045,13,mainGameScenario13,Emeryville,,mainGameOrder49,Target,Emeryville,24,11.7,2,0,mainGameOrder50,Berkeley Bowl,Berkeley,17,8.4,6,7,mainGameOrder51,Berkeley Bowl,Berkeley,14,7.8,5,7,mainGameOrder52,Target,Emeryville,12,9.6,5,0,mainGameOrder49+mainGameOrder52,1.358491,mainGameOrder49,1.751825,0.224528,1,over_bundle,over_bundle,,,0
p045,14,mainGameScenario14,Emeryville,,mainGameOrder53,Target,Emeryville,21,13.5,6,0,mainGameOrder54,Target,Emeryville,14,13.5,5,0,mainGameOrder55,Target,Emeryville,22,13.5,6,0,mainGameOrder56,Target,Emeryville,18,7.8,6,0,mainGameOrder56,1.304348,mainGameOrder56,1.304348,0,1,over_bundle,over_bundle,,,0
p045,15,mainGameScenario15,Emeryville,,mainGameOrder57,Safeway,Piedmont,22,7.4,4,8,mainGameOrder58,Sprouts Farmers Market,Oakland,18,13.5,2,6,mainGameOrder59,Safeway,Piedmont,17,7.4,4,8,mainGameOrder60,Safeway,Piedmont,22,11.8,5,8,mainGameOrder59,0.876289,mainGameOrder57+mainGameOrder59+mainGameOrder60,1.40553,0.376542,3,bundle_correct,bundle_correct,,,0
p046,1,mainGameScenario1,Berkeley,,mainGameOrder1,Berkeley Bowl,Berkeley,22,7.8,3,0,mainGameOrder2,Berkeley Bowl,Berkeley,22,8.4,6,0,mainGameOrder3,Berkeley Bowl,Berkeley,15,9,4,0,mainGameOrder4,Sprouts Farmers Market,Oakland,18,9.75,2,10,mainGameOrder1,2.037037,mainGameOrder1,2.037037,0,1,over_bundle,over_bundle,,,0
p046,2,mainGameScenario2,Berkeley,,mainGameOrder5,Berkeley Bowl,Berkeley,24,12,5,0,mainGameOrder6,Berkeley Bowl,Berkeley,15,11.4,4,0,mainGameOrder7,Berkeley Bowl,Berkeley,15,12,2,0,mainGameOrder8,Berkeley Bowl,Berkeley,20,7.8,3,0,mainGameOrder5+mainGameOrder8,1.654135,mainGameOrder8,1.851852,0.106767,1,over_bundle,over_bundle,,,0
p046,3,mainGameScenario3,Berkeley,,mainGameOrder9,Berkeley Bowl,Berkeley,15,13.2,3,0,mainGameOrder10,Sprouts Farmers Market,Oakland,23,12.75,3,10,mainGameOrder11,Berkeley Bowl,Berkeley,23,12,6,0,mainGameOrder12,Berkeley Bowl,Berkeley,16,7.8,6,0,mainGameOrder11+mainGameOrder12+mainGameOrder9,1.216216,mainGameOrder11,1.277778,0.048179,1,over_bundle,over_bundle,,,0
p046,4,mainGameScenario4,Berkeley,,mainGameOrder13,Berkeley Bowl,Berkeley,17,7.2,4,0,mainGameOrder14,Berkeley Bowl,Berkeley,17,7.8,2,0,mainGameOrder15,Berkeley Bowl,Berkeley,20,12,2,0,mainGameOrder16,Berkeley Bowl,Berkeley,16,11.4,6,0,mainGameOrder15+mainGameOrder13+mainGameOrder14,1.6875,mainGameOrder14,1.734694,0.027206,1,over_bundle,over_bundle,,,0
p046,5,mainGameScenario5,Berkeley,,mainGameOrder17,Sprouts Farmers Market,Oakland,14,7.5,4,10,mainGameOrder18,Safeway,Piedmont,20,12.5,5,11,mainGameOrder19,Sprouts Farmers Market,Oakland,17,8.25,4,10,mainGameOrder20,Safeway,Piedmont,13,8.1,4,11,mainGameOrder18+mainGameOrder20,0.841837,mainGameOrder17+mainGameOrder19,0.918519,0.083484,2,bundle_correct,bundle_correct,,,0
p046,6,mainGameScenario6,Piedmont,,mainGameOrder21,Sprouts Farmers Market,Oakland,19,12,2,5,mainGameOrder22,Sprouts Farmers Market,Oakland,22,8.25,2,5,mainGameOrder23,Sprouts Farmers Market,Oakland,24,8.25,6,5,mainGameOrder24,Sprouts Farmers Market,Oakland,18,9.75,2,5,mainGameOrder22+mainGameOrder23+mainGameOrder24,1.610063,mainGameOrder22,1.442623,0,1,over_bundle,over_bundle,,,0
p046,7,mainGameScenario7,Oakland,,mainGameOrder25,Sprouts Farmers Market,Oakland,12,13.5,4,0,mainGameOrder26,Target,Emeryville,17,13.5,2,6,mainGameOrder27,Sprouts Farmers Market,Oakland,21,9,4,0,mainGameOrder28,Sprouts Farmers Market,Oakland,21,8.25,3,0,mainGameOrder28+mainGameOrder27+mainGameOrder25,1.367089,mainGameOrder28,1.866667,0.267631,1,over_bundle,over_bundle,,,0
p046,8,mainGameScenario8,Oakland,,mainGameOrder29,Sprouts Farmers Market,Oakland,17,8.25,3,0,mainGameOrder30,Sprouts Farmers Market,Oakland,15,13.5,6,0,mainGameOrder31,Sprouts Farmers Market,Oakland,15,12.75,5,0,mainGameOrder32,Sprouts Farmers Market,Oakland,14,8.25,3,0,mainGameOrder32+mainGameOrder29,1.47619,mainGameOrder29,1.511111,0.023109,1,over_bundle,over_bundle,,,0
p046,9,mainGameScenario9,Oakland,,mainGameOrder33,Safeway,Piedmont,12,8.1,3,5,mainGameOrder34,Target,Emeryville,17,15.3,6,6,mainGameOrder35,Safeway,Piedmont,12,11.1,5,5,mainGameOrder36,Safeway,Piedmont,13,11.1,5,5,mainGameOrder36+mainGameOrder35+mainGameOrder33,0.839002,mainGameOrder33+mainGameOrder35+mainGameOrder36,0.839002,0,3,bundle_correct,bundle_correct,,,0
p046,10,mainGameScenario10,Piedmont,,mainGameOrder37,Safeway,Piedmont,14,8.1,5,0,mainGameOrder38,Safeway,Piedmont,20,8.1,6,0,mainGameOrder39,Safeway,Piedmont,19,7.4,6,0,mainGameOrder40,Safeway,Piedmont,23,11.8,2,0,mainGameOrder40+mainGameOrder39+mainGameOrder37,1.521739,mainGameOrder39+mainGameOrder40,1.673307,0.09058,2,bundle_correct,bundle_correct,,,0
p046,11,mainGameScenario11,Piedmont,,mainGameOrder41,Berkeley Bowl,Berkeley,13,7.8,2,11,mainGameOrder42,Target,Emeryville,19,7.8,2,8,mainGameOrder43,Target,Emeryville,18,8.7,5,8,mainGameOrder44,Target,Emeryville,15,13.5,3,8,mainGameOrder42+mainGameOrder43+mainGameOrder44,1.195402,mainGameOrder42+mainGameOrder43,1.20915,0.01137,2,bundle_correct,bundle_correct,,,0
p046,12,mainGameScenario12,Emeryville,,mainGameOrder45,Target,Emeryville,16,13.5,3,0,mainGameOrder46,Target,Emeryville,14,9.6,5,0,mainGameOrder47,Target,Emeryville,22,13.5,6,0,mainGameOrder48,Target,Emeryville,14,13.5,2,0,mainGameOrder47+mainGameOrder45+mainGameOrder46,1.150442,mainGameOrder45+mainGameOrder46+mainGameOrder47,1.150442,0,3,bundle_correct,bundle_correct,,,0
p046,13,mainGameScenario13,Emeryville,,mainGameOrder49,Target,Emeryville,24,11.7,2,0,mainGameOrder50,Berkeley Bowl,Berkeley,17,8.4,6,7,mainGameOrder51,Berkeley Bowl,Berkeley,14,7.8,5,7,mainGameOrder52,Target,Emeryville,12,9.6,5,0,mainGameOrder49+mainGameOrder52,1.358491,mainGameOrder49,1.751825,0.224528,1,over_bundle,over_bundle,,,0
p047,1,mainGameScenario1,Berkeley,,mainGameOrder1,Berkeley Bowl,Berkeley,22,7.8,3,0,mainGameOrder2,Berkeley Bowl,Berkeley,22,8.4,6,0,mainGameOrder3,Berkeley Bowl,Berkeley,15,9,4,0,mainGameOrder4,Sprouts Farmers Market,Oakland,18,9.75,2,10,mainGameOrder1,2.037037,mainGameOrder1,2.037037,0,1,over_bundle,over_bundle,,,0
p047,2,mainGameScenario2,Berkeley,,mainGameOrder5,Berkeley Bowl,Berkeley,24,12,5,0,mainGameOrder6,Berkeley Bowl,Berkeley,15,11.4,4,0,mainGameOrder7,Berkeley Bowl,Berkeley,15,12,2,0,mainGameOrder8,Berkeley Bowl,Berkeley,20,7.8,3,0,mainGameOrder5+mainGameOrder8,1.654135,mainGameOrder8,1.851852,0.106767,1,over_bundle,over_bundle,,,0
p047,3,mainGameScenario3,Berkeley,,mainGameOrder9,Berkeley Bowl,Berkeley,15,13.2,3,0,mainGameOrder10,Sprouts Farmers Market,Oakland,23,12.75,3,10,mainGameOrder11,Berkeley Bowl,Berkeley,23,12,6,0,mainGameOrder12,Berkeley Bowl,Berkeley,16,7.8,6,0,mainGameOrder11+mainGameOrder12,1.25,mainGameOrder11,1.277778,0.021739,1,over_bundle,over_bundle,,,0
p047,4,mainGameScenario4,Berkeley,,mainGameOrder13,Berkeley Bowl,Berkeley,17,7.2,4,0,mainGameOrder14,Berkeley Bowl,Berkeley,17,7.8,2,0,mainGameOrder15,Berkeley Bowl,Berkeley,20,12,2,0,mainGameOrder16,Berkeley Bowl,Berkeley,16,11.4,6,0,mainGameOrder15+mainGameOrder14,1.637168,mainGameOrder14,1.734694,0.056221,1,over_bundle,over_bundle,,,0
p047,5,mainGameScenario5,Berkeley,,mainGameOrder17,Sprouts Farmers Market,Oakland,14,7.5,4,10,mainGameOrder18,Safeway,Piedmont,20,12.5,5,11,mainGameOrder19,Sprouts Farmers Market,Oakland,17,8.25,4,10,mainGameOrder20,Safeway,Piedmont,13,8.1,4,11,mainGameOrder17+mainGameOrder19,0.918519,mainGameOrder17+mainGameOrder19,0.918519,0,2,bundle_correct,bundle_correct,,,0
p047,6,mainGameScenario6,Oakland,,mainGameOrder21,Sprouts Farmers Market,Oakland,19,12,2,0,mainGameOrder22,Sprouts Farmers Market,Oakland,22,8.25,2,0,mainGameOrder23,Sprouts Farmers Market,Oakland,24,8.25,6,0,mainGameOrder24,Sprouts Farmers Market,Oakland,18,9.75,2,0,mainGameOrder22+mainGameOrder23,1.936842,mainGameOrder22,2.146341,0.097608,1,over_bundle,over_bundle,,,0
p047,7,mainGameScenario7,Oakland,,mainGameOrder25,Sprouts Farmers Market,Oakland,12,13.5,4,0,mainGameOrder26,Target,Emeryville,17,13.5,2,6,mainGameOrder27,Sprouts Farmers Market,Oakland,21,9,4,0,mainGameOrder28,Sprouts Farmers Market,Oakland,21,8.25,3,0,mainGameOrder27+mainGameOrder28,1.787234,mainGameOrder28,1.866667,0.042553,1,over_bundle,over_bundle,,,0
p047,8,mainGameScenario8,Oakland,,mainGameOrder29,Sprouts Farmers Market,Oakland,17,8.25,3,0,mainGameOrder30,Sprouts Farmers Market,Oakland,15,13.5,6,0,mainGameOrder31,Sprouts Farmers Market,Oakland,15,12.75,5,0,mainGameOrder32,Sprouts Farmers Market,Oakland,14,8.25,3,0,mainGameOrder29+mainGameOrder32,1.47619,mainGameOrder29,1.511111,0.023109,1,over_bundle,over_bundle,,,0
p047,9,mainGameScenario9,Oakland,,mainGameOrder33,Safeway,Piedmont,12,8.1,3,5,mainGameOrder34,Target,Emeryville,17,15.3,6,6,mainGameOrder35,Safeway,Piedmont,12,11.1,5,5,mainGameOrder36,Safeway,Piedmont,13,11.1,5,5,mainGameOrder33+mainGameOrder36,0.811688,mainGameOrder33+mainGameOrder35+mainGameOrder36,0.839002,0.032555,3,bundle_correct,bundle_correct,,,0
p047,10,mainGameScenario10,Piedmont,,mainGameOrder37,Safeway,Piedmont,14,8.1,5,0,mainGameOrder38,Safeway,Piedmont,20,8.1,6,0,mainGameOrder39,Safeway,Piedmont,19,7.4,6,0,mainGameOrder40,Safeway,Piedmont,23,11.8,2,0,mainGameOrder38+mainGameOrder40+mainGameOrder39,1.671159,mainGameOrder39+mainGameOrder40,1.673307,0.001284,2,bundle_correct,bundle_correct,,,0
p047,11,mainGameScenario11,Piedmont,,mainGameOrder41,Berkeley Bowl,Berkeley,13,7.8,2,11,mainGameOrder42,Target,Emeryville,19,7.8,2,8,mainGameOrder43,Target,Emeryville,18,8.7,5,8,mainGameOrder44,Target,Emeryville,15,13.5,3,8,mainGameOrder42+mainGameOrder43+mainGameOrder44,1.195402,mainGameOrder42+mainGameOrder43,1.20915,0.01137,2,bundle_correct,bundle_correct,,,0
p047,12,mainGameScenario12,Emeryville,,mainGameOrder45,Target,Emeryville,16,13.5,3,0,mainGameOrder46,Target,Emeryville,14,9.6,5,0,mainGameOrder47,Target,Emeryville,22,13.5,6,0,mainGameOrder48,Target,Emeryville,14,13.5,2,0,mainGameOrder45+mainGameOrder46+mainGameOrder47,1.150442,mainGameOrder45+mainGameOrder46+mainGameOrder47,1.150442,0,3,bundle_correct,bundle_correct,,,0
p047,13,mainGameScenario13,Emeryville,,mainGameOrder49,Target,Emeryville,24,11.7,2,0,mainGameOrder50,Berkeley Bowl,Berkeley,17,8.4,6,7,mainGameOrder51,Berkeley Bowl,Berkeley,14,7.8,5,7,mainGameOrder52,Target,Emeryville,12,9.6,5,0,mainGameOrder49+mainGameOrder52,1.358491,mainGameOrder49,1.751825,0.224528,1,over_bundle,over_bundle,,,0
p047,14,mainGameScenario14,Emeryville,,mainGameOrder53,Target,Emeryville,21,13.5,6,0,mainGameOrder54,Target,Emeryville,14,13.5,5,0,mainGameOrder55,Target,Emeryville,22,13.5,6,0,mainGameOrder56,Target,Emeryville,18,7.8,6,0,mainGameOrder55+mainGameOrder56,1.234568,mainGameOrder56,1.304348,0.053498,1,over_bundle,over_bundle,,,0
p047,15,mainGameScenario15,Emeryville,,mainGameOrder57,Safeway,Piedmont,22,7.4,4,8,mainGameOrder58,Sprouts Farmers Market,Oakland,18,13.5,2,6,mainGameOrder59,Safeway,Piedmont,17,7.4,4,8,mainGameOrder60,Safeway,Piedmont,22,11.8,5,8,mainGameOrder57+mainGameOrder59,1.358885,mainGameOrder57+mainGameOrder59+mainGameOrder60,1.40553,0.033187,3,bundle_correct,bundle_correct,,,0
p048,1,mainGameScenario1,Berkeley,,mainGameOrder1,Berkeley Bowl,Berkeley,22,7.8,3,0,mainGameOrder2,Berkeley Bowl,Berkeley,22,8.4,6,0,mainGameOrder3,Berkeley Bowl,Berkeley,15,9,4,0,mainGameOrder4,Sprouts Farmers Market,Oakland,18,9.75,2,10,mainGameOrder2+mainGameOrder1+mainGameOrder3,1.676136,mainGameOrder1,2.037037,0.177169,1,over_bundle,over_bundle,,,0
p048,2,mainGameScenario2,Berkeley,,mainGameOrder5,Berkeley Bowl,Berkeley,24,12,5,0,mainGameOrder6,Berkeley Bowl,Berkeley,15,11.4,4,0,mainGameOrder7,Berkeley Bowl,Berkeley,15,12,2,0,mainGameOrder8,Berkeley Bowl,Berkeley,20,7.8,3,0,mainGameOrder8+mainGameOrder5+mainGameOrder7,1.520619,mainGameOrder8,1.851852,0.178866,1,over_bundle,over_bundle,,,0
p048,3,mainGameScenario3,Berkeley,,mainGameOrder9,Berkeley Bowl,Berkeley,15,13.2,3,0,mainGameOrder10,Sprouts Farmers Market,Oakland,23,12.75,3,10,mainGameOrder11,Berkeley Bowl,Berkeley,23,12,6,0,mainGameOrder12,Berkeley Bowl,Berkeley,16,7.8,6,0,mainGameOrder11+mainGameOrder12+mainGameOrder9,1.216216,mainGameOrder11,1.277778,0.048179,1,over_bundle,over_bundle,,,0
p048,4,mainGameScenario4,Berkeley,,mainGameOrder13,Berkeley Bowl,Berkeley,17,7.2,4,0,mainGameOrder14,Berkeley Bowl,Berkeley,17,7.8,2,0,mainGameOrder15,Berkeley Bowl,Berkeley,20,12,2,0,mainGameOrder16,Berkeley Bowl,Berkeley,16,11.4,6,0,mainGameOrder13+mainGameOrder14+mainGameOrder15,1.6875,mainGameOrder14,1.734694,0.027206,1,over_bundle,over_bundle,,,0
p048,5,mainGameScenario5,Berkeley,,mainGameOrder17,Sprouts Farmers Market,Oakland,14,7.5,4,10,mainGameOrder18,Safeway,Piedmont,20,12.5,5,11,mainGameOrder19,Sprouts Farmers Market,Oakland,17,8.25,4,10,mainGameOrder20,Safeway,Piedmont,13,8.1,4,11,mainGameOrder19+mainGameOrder17,0.918519,mainGameOrder17+mainGameOrder19,0.918519,0,2,bundle_correct,bundle_correct,,,0
p048,6,mainGameScenario6,Oakland,,mainGameOrder21,Sprouts Farmers Market,Oakland,19,12,2,0,mainGameOrder22,Sprouts Farmers Market,Oakland,22,8.25,2,0,mainGameOrder23,Sprouts Farmers Market,Oakland,24,8.25,6,0,mainGameOrder24,Sprouts Farmers Market,Oakland,18,9.75,2,0,mainGameOrder23+mainGameOrder22,1.936842,mainGameOrder22,2.146341,0.097608,1,over_bundle,over_bundle,,,0
p048,7,mainGameScenario7,Oakland,,mainGameOrder25,Sprouts Farmers Market,Oakland,12,13.5,4,0,mainGameOrder26,Target,Emeryville,17,13.5,2,6,mainGameOrder27,Sprouts Farmers Market,Oakland,21,9,4,0,mainGameOrder28,Sprouts Farmers Market,Oakland,21,8.25,3,0,mainGameOrder28+mainGameOrder27,1.787234,mainGameOrder28,1.866667,0.042553,1,over_bundle,over_bundle,,,0
p048,8,mainGameScenario8,Oakland,,mainGameOrder29,Sprouts Farmers Market,Oakland,17,8.25,3,0,mainGameOrder30,Sprouts Farmers Market,Oakland,15,13.5,6,0,mainGameOrder31,Sprouts Farmers Market,Oakland,15,12.75,5,0,mainGameOrder32,Sprouts Farmers Market,Oakland,14,8.25,3,0,mainGameOrder29+mainGameOrder30,1.04065,mainGameOrder29,1.511111,0.311334,1,over_bundle,over_bundle,,,0
p048,9,mainGameScenario9,Oakland,,mainGameOrder33,Safeway,Piedmont,12,8.1,3,5,mainGameOrder34,Target,Emeryville,17,15.3,6,6,mainGameOrder35,Safeway,Piedmont,12,11.1,5,5,mainGameOrder36,Safeway,Piedmont,13,11.1,5,5,mainGameOrder36+mainGameOrder35,0.726744,mainGameOrder33+mainGameOrder35+mainGameOrder36,0.839002,0.133799,3,bundle_correct,bundle_correct,,,0
p049,1,mainGameScenario1,Berkeley,,mainGameOrder1,Berkeley Bowl,Berkeley,22,7.8,3,0,mainGameOrder2,Berkeley Bowl,Berkeley,22,8.4,6,0,mainGameOrder3,Berkeley Bowl,Berkeley,15,9,4,0,mainGameOrder4,Sprouts Farmers Market,Oakland,18,9.75,2,10,mainGameOrder2+mainGameOrder1+mainGameOrder3,1.676136,mainGameOrder1,2.037037,0.177169,1,over_bundle,over_bundle,,,0
p049,2,mainGameScenario2,Berkeley,,mainGameOrder5,Berkeley Bowl,Berkeley,24,12,5,0,mainGameOrder6,Berkeley Bowl,Berkeley,15,11.4,4,0,mainGameOrder7,Berkeley Bowl,Berkeley,15,12,2,0,mainGameOrder8,Berkeley Bowl,Berkeley,20,7.8,3,0,mainGameOrder5+mainGameOrder8+mainGameOrder6,1.489899,mainGameOrder8,1.851852,0.195455,1,over_bundle,over_bundle,,,0
p049,3,mainGameScenario3,Berkeley,,mainGameOrder9,Berkeley Bowl,Berkeley,15,13.2,3,0,mainGameOrder10,Sprouts Farmers Market,Oakland,23,12.75,3,10,mainGameOrder11,Berkeley Bowl,Berkeley,23,12,6,0,mainGameOrder12,Berkeley Bowl,Berkeley,16,7.8,6,0,mainGameOrder12+mainGameOrder11+mainGameOrder9,1.216216,mainGameOrder11,1.277778,0.048179,1,over_bundle,over_bundle,,,0
p049,4,mainGameScenario4,Berkeley,,mainGameOrder13,Berkeley Bowl,Berkeley,17,7.2,4,0,mainGameOrder14,Berkeley Bowl,Berkeley,17,7.8,2,0,mainGameOrder15,Berkeley Bowl,Berkeley,20,12,2,0,mainGameOrder16,Berkeley Bowl,Berkeley,16,11.4,6,0,mainGameOrder13+mainGameOrder14+mainGameOrder15,1.6875,mainGameOrder14,1.734694,0.027206,1,over_bundle,over_bundle,,,0
p049,5,mainGameScenario5,Berkeley,,mainGameOrder17,Sprouts Farmers Market,Oakland,14,7.5,4,10,mainGameOrder18,Safeway,Piedmont,20,12.5,5,11,mainGameOrder19,Sprouts Farmers Market,Oakland,17,8.25,4,10,mainGameOrder20,Safeway,Piedmont,13,8.1,4,11,mainGameOrder20+mainGameOrder18,0.841837,mainGameOrder17+mainGameOrder19,0.918519,0.083484,2,bundle_correct,bundle_correct,,,0
p049,6,mainGameScenario6,Piedmont,,mainGameOrder21,Sprouts Farmers Market,Oakland,19,12,2,5,mainGameOrder22,Sprouts Farmers Market,Oakland,22,8.25,2,5,mainGameOrder23,Sprouts Farmers Market,Oakland,24,8.25,6,5,mainGameOrder24,Sprouts Farmers Market,Oakland,18,9.75,2,5,mainGameOrder22+mainGameOrder21+mainGameOrder23,1.604938,mainGameOrder22,1.442623,0,1,over_bundle,over_bundle,,,0
p049,7,mainGameScenario7,Oakland,,mainGameOrder25,Sprouts Farmers Market,Oakland,12,13.5,4,0,mainGameOrder26,Target,Emeryville,17,13.5,2,6,mainGameOrder27,Sprouts Farmers Market,Oakland,21,9,4,0,mainGameOrder28,Sprouts Farmers Market,Oakland,21,8.25,3,0,mainGameOrder28+mainGameOrder27+mainGameOrder25,1.367089,mainGameOrder28,1.866667,0.267631,1,over_bundle,over_bundle,,,0
p049,8,mainGameScenario8,Oakland,,mainGameOrder29,Sprouts Farmers Market,Oakland,17,8.25,3,0,mainGameOrder30,Sprouts Farmers Market,Oakland,15,13.5,6,0,mainGameOrder31,Sprouts Farmers Market,Oakland,15,12.75,5,0,mainGameOrder32,Sprouts Farmers Market,Oakland,14,8.25,3,0,mainGameOrder29+mainGameOrder31+mainGameOrder30,1.016216,mainGameOrder29,1.511111,0.327504,1,over_bundle,over_bundle,,,0
p049,9,mainGameScenario9,Oakland,,mainGameOrder33,Safeway,Piedmont,12,8.1,3,5,mainGameOrder34,Target,Emeryville,17,15.3,6,6,mainGameOrder35,Safeway,Piedmont,12,11.1,5,5,mainGameOrder36,Safeway,Piedmont,13,11.1,5,5,mainGameOrder36+mainGameOrder35+mainGameOrder33,0.839002,mainGameOrder33+mainGameOrder35+mainGameOrder36,0.839002,0,3,bundle_correct,bundle_correct,,,0
p049,10,mainGameScenario10,Piedmont,,mainGameOrder37,Safeway,Piedmont,14,8.1,5,0,mainGameOrder38,Safeway,Piedmont,20,8.1,6,0,mainGameOrder39,Safeway,Piedmont,19,7.4,6,0,mainGameOrder40,Safeway,Piedmont,23,11.8,2,0,mainGameOrder40+mainGameOrder38+mainGameOrder39,1.671159,mainGameOrder39+mainGameOrder40,1.673307,0.001284,2,bundle_correct,bundle_correct,,,0
p049,11,mainGameScenario11,Piedmont,,mainGameOrder41,Berkeley Bowl,Berkeley,13,7.8,2,11,mainGameOrder42,Target,Emeryville,19,7.8,2,8,mainGameOrder43,Target,Emeryville,18,8.7,5,8,mainGameOrder44,Target,Emeryville,15,13.5,3,8,mainGameOrder42+mainGameOrder43+mainGameOrder44,1.195402,mainGameOrder42+mainGameOrder43,1.20915,0.01137,2,bundle_correct,bundle_correct,,,0
p049,12,mainGameScenario12,Emeryville,,mainGameOrder45,Target,Emeryville,16,13.5,3,0,mainGameOrder46,Target,Emeryville,14,9.6,5,0,mainGameOrder47,Target,Emeryville,22,13.5,6,0,mainGameOrder48,Target,Emeryville,14,13.5,2,0,mainGameOrder47+mainGameOrder45+mainGameOrder46,1.150442,mainGameOrder45+mainGameOrder46+mainGameOrder47,1.150442,0,3,bundle_correct,bundle_correct,,,0
p049,13,mainGameScenario13,Emeryville,,mainGameOrder49,Target,Emeryville,24,11.7,2,0,mainGameOrder50,Berkeley Bowl,Berkeley,17,8.4,6,7,mainGameOrder51,Berkeley Bowl,Berkeley,14,7.8,5,7,mainGameOrder52,Target,Emeryville,12,9.6,5,0,mainGameOrder49+mainGameOrder52,1.358491,mainGameOrder49,1.751825,0.224528,1,over_bundle,over_bundle,,,0
p049,14,mainGameScenario14,Emeryville,,mainGameOrder53,Target,Emeryville,21,13.5,6,0,mainGameOrder54,Target,Emeryville,14,13.5,5,0,mainGameOrder55,Target,Emeryville,22,13.5,6,0,mainGameOrder56,Target,Emeryville,18,7.8,6,0,mainGameOrder53+mainGameOrder55+mainGameOrder56,1.26294,mainGameOrder56,1.304348,0.031746,1,over_bundle,over_bundle,,,0
p049,15,mainGameScenario15,Emeryville,,mainGameOrder57,Safeway,Piedmont,22,7.4,4,8,mainGameOrder58,Sprouts Farmers Market,Oakland,18,13.5,2,6,mainGameOrder59,Safeway,Piedmont,17,7.4,4,8,mainGameOrder60,Safeway,Piedmont,22,11.8,5,8,mainGameOrder60+mainGameOrder57+mainGameOrder59,1.40553,mainGameOrder57+mainGameOrder59+mainGameOrder60,1.40553,0,3,bundle_correct,bundle_correct,,,0
p050,1,mainGameScenario1,Berkeley,,mainGameOrder1,Berkeley Bowl,Berkeley,22,7.8,3,0,mainGameOrder2,Berkeley Bowl,Berkeley,22,8.4,6,0,mainGameOrder3,Berkeley Bowl,Berkeley,15,9,4,0,mainGameOrder4,Sprouts Farmers Market,Oakland,18,9.75,2,10,mainGameOrder1+mainGameOrder2+mainGameOrder3,1.676136,mainGameOrder1,2.037037,0.177169,1,over_bundle,over_bundle,,,0
p050,2,mainGameScenario2,Berkeley,,mainGameOrder5,Berkeley Bowl,Berkeley,24,12,5,0,mainGameOrder6,Berkeley Bowl,Berkeley,15,11.4,4,0,mainGameOrder7,Berkeley Bowl,Berkeley,15,12,2,0,mainGameOrder8,Berkeley Bowl,Berkeley,20,7.8,3,0,mainGameOrder5+mainGameOrder8+mainGameOrder7,1.520619,mainGameOrder8,1.851852,0.178866,1,over_bundle,over_bundle,,,0
p050,3,mainGameScenario3,Berkeley,,mainGameOrder9,Berkeley Bowl,Berkeley,15,13.2,3,0,mainGameOrder10,Sprouts Farmers Market,Oakland,23,12.75,3,10,mainGameOrder11,Berkeley Bowl,Berkeley,23,12,6,0,mainGameOrder12,Berkeley Bowl,Berkeley,16,7.8,6,0,mainGameOrder10,0.893204,mainGameOrder11,1.277778,0.300971,1,over_bundle,over_bundle,,,0
p050,4,mainGameScenario4,Oakland,,mainGameOrder13,Berkeley Bowl,Berkeley,17,7.2,4,10,mainGameOrder14,Berkeley Bowl,Berkeley,17,7.8,2,10,mainGameOrder15,Berkeley Bowl,Berkeley,20,12,2,10,mainGameOrder16,Berkeley Bowl,Berkeley,16,11.4,6,10,mainGameOrder15+mainGameOrder14+mainGameOrder13,1.285714,mainGameOrder14,0.858586,0,1,over_bundle,over_bundle,,,0
p050,5,mainGameScenario5,Berkeley,,mainGameOrder17,Sprouts Farmers Market,Oakland,14,7.5,4,10,mainGameOrder18,Safeway,Piedmont,20,12.5,5,11,mainGameOrder19,Sprouts Farmers Market,Oakland,17,8.25,4,10,mainGameOrder20,Safeway,Piedmont,13,8.1,4,11,mainGameOrder18+mainGameOrder20,0.841837,mainGameOrder17+mainGameOrder19,0.918519,0.083484,2,bundle_correct,bundle_correct,,,0
p050,6,mainGameScenario6,Piedmont,,mainGameOrder21,Sprouts Farmers Market,Oakland,19,12,2,5,mainGameOrder22,Sprouts Farmers Market,Oakland,22,8.25,2,5,mainGameOrder23,Sprouts Farmers Market,Oakland,24,8.25,6,5,mainGameOrder24,Sprouts Farmers Market,Oakland,18,9.75,2,5,mainGameOrder23+mainGameOrder22,1.6,mainGameOrder22,1.442623,0,1,over_bundle,over_bundle,,,0
p050,7,mainGameScenario7,Oakland,,mainGameOrder25,Sprouts Farmers Market,Oakland,12,13.5,4,0,mainGameOrder26,Target,Emeryville,17,13.5,2,6,mainGameOrder27,Sprouts Farmers Market,Oakland,21,9,4,0,mainGameOrder28,Sprouts Farmers Market,Oakland,21,8.25,3,0,mainGameOrder28+mainGameOrder27,1.787234,mainGameOrder28,1.866667,0.042553,1,over_bundle,over_bundle,,,0
p050,8,mainGameScenario8,Oakland,,mainGameOrder29,Sprouts Farmers Market,Oakland,17,8.25,3,0,mainGameOrder30,Sprouts Farmers Market,Oakland,15,13.5,6,0,mainGameOrder31,Sprouts Farmers Market,Oakland,15,12.75,5,0,mainGameOrder32,Sprouts Farmers Market,Oakland,14,8.25,3,0,mainGameOrder29+mainGameOrder32,1.47619,mainGameOrder29,1.511111,0.023109,1,over_bundle,over_bundle,,,0
p050,9,mainGameScenario9,Oakland,,mainGameOrder33,Safeway,Piedmont,12,8.1,3,5,mainGameOrder34,Target,Emeryville,17,15.3,6,6,mainGameOrder35,Safeway,Piedmont,12,11.1,5,5,mainGameOrder36,Safeway,Piedmont,13,11.1,5,5,mainGameOrder33+mainGameOrder36,0.811688,mainGameOrder33+mainGameOrder35+mainGameOrder36,0.839002,0.032555,3,bundle_correct,bundle_correct,,,0
p050,10,mainGameScenario10,Piedmont,,mainGameOrder37,Safeway,Piedmont,14,8.1,5,0,mainGameOrder38,Safeway,Piedmont,20,8.1,6,0,mainGameOrder39,Safeway,Piedmont,19,7.4,6,0,mainGameOrder40,Safeway,Piedmont,23,11.8,2,0,mainGameOrder40+mainGameOrder38+mainGameOrder39,1.671159,mainGameOrder39+mainGameOrder40,1.673307,0.001284,2,bundle_correct,bundle_correct,,,0
p050,11,mainGameScenario11,Piedmont,,mainGameOrder41,Berkeley Bowl,Berkeley,13,7.8,2,11,mainGameOrder42,Target,Emeryville,19,7.8,2,8,mainGameOrder43,Target,Emeryville,18,8.7,5,8,mainGameOrder44,Target,Emeryville,15,13.5,3,8,mainGameOrder42+mainGameOrder43+mainGameOrder44,1.195402,mainGameOrder42+mainGameOrder43,1.20915,0.01137,2,bundle_correct,bundle_correct,,,0
p050,12,mainGameScenario12,Emeryville,,mainGameOrder45,Target,Emeryville,16,13.5,3,0,mainGameOrder46,Target,Emeryville,14,9.6,5,0,mainGameOrder47,Target,Emeryville,22,13.5,6,0,mainGameOrder48,Target,Emeryville,14,13.5,2,0,mainGameOrder47+mainGameOrder45+mainGameOrder46,1.150442,mainGameOrder45+mainGameOrder46+mainGameOrder47,1.150442,0,3,bundle_correct,bundle_correct,,,0
p050,13,mainGameScenario13,Emeryville,,mainGameOrder49,Target,Emeryville,24,11.7,2,0,mainGameOrder50,Berkeley Bowl,Berkeley,17,8.4,6,7,mainGameOrder51,Berkeley Bowl,Berkeley,14,7.8,5,7,mainGameOrder52,Target,Emeryville,12,9.6,5,0,mainGameOrder49+mainGameOrder52,1.358491,mainGameOrder49,1.751825,0.224528,1,over_bundle,over_bundle,,,0
p051,1,mainGameScenario1,Berkeley,,mainGameOrder1,Berkeley Bowl,Berkeley,22,7.8,3,0,mainGameOrder2,Berkeley Bowl,Berkeley,22,8.4,6,0,mainGameOrder3,Berkeley Bowl,Berkeley,15,9,4,0,mainGameOrder4,Sprouts Farmers Market,Oakland,18,9.75,2,10,mainGameOrder3+mainGameOrder2+mainGameOrder1,1.676136,mainGameOrder1,2.037037,0.177169,1,over_bundle,over_bundle,,,0
p051,2,mainGameScenario2,Berkeley,,mainGameOrder5,Berkeley Bowl,Berkeley,24,12,5,0,mainGameOrder6,Berkeley Bowl,Berkeley,15,11.4,4,0,mainGameOrder7,Berkeley Bowl,Berkeley,15,12,2,0,mainGameOrder8,Berkeley Bowl,Berkeley,20,7.8,3,0,mainGameOrder8+mainGameOrder5+mainGameOrder7,1.520619,mainGameOrder8,1.851852,0.178866,1,over_bundle,over_bundle,,,0
p051,3,mainGameScenario3,Berkeley,,mainGameOrder9,Berkeley Bowl,Berkeley,15,13.2,3,0,mainGameOrder10,Sprouts Farmers Market,Oakland,23,12.75,3,10,mainGameOrder11,Berkeley Bowl,Berkeley,23,12,6,0,mainGameOrder12,Berkeley Bowl,Berkeley,16,7.8,6,0,mainGameOrder11+mainGameOrder12,1.25,mainGameOrder11,1.277778,0.021739,1,over_bundle,over_bundle,,,0
p051,4,mainGameScenario4,Berkeley,,mainGameOrder13,Berkeley Bowl,Berkeley,17,7.2,4,0,mainGameOrder14,Berkeley Bowl,Berkeley,17,7.8,2,0,mainGameOrder15,Berkeley Bowl,Berkeley,20,12,2,0,mainGameOrder16,Berkeley Bowl,Berkeley,16,11.4,6,0,mainGameOrder15+mainGameOrder13+mainGameOrder14,1.6875,mainGameOrder14,1.734694,0.027206,1,over_bundle,over_bundle,,,0
p051,5,mainGameScenario5,Berkeley,,mainGameOrder17,Sprouts Farmers Market,Oakland,14,7.5,4,10,mainGameOrder18,Safeway,Piedmont,20,12.5,5,11,mainGameOrder19,Sprouts Farmers Market,Oakland,17,8.25,4,10,mainGameOrder20,Safeway,Piedmont,13,8.1,4,11,mainGameOrder18+mainGameOrder20,0.841837,mainGameOrder17+mainGameOrder19,0.918519,0.083484,2,bundle_correct,bundle_correct,,,0
p051,6,mainGameScenario6,Piedmont,,mainGameOrder21,Sprouts Farmers Market,Oakland,19,12,2,5,mainGameOrder22,Sprouts Farmers Market,Oakland,22,8.25,2,5,mainGameOrder23,Sprouts Farmers Market,Oakland,24,8.25,6,5,mainGameOrder24,Sprouts Farmers Market,Oakland,18,9.75,2,5,mainGameOrder23+mainGameOrder22+mainGameOrder21,1.604938,mainGameOrder22,1.442623,0,1,over_bundle,over_bundle,,,0
p051,7,mainGameScenario7,Oakland,,mainGameOrder25,Sprouts Farmers Market,Oakland,12,13.5,4,0,mainGameOrder26,Target,Emeryville,17,13.5,2,6,mainGameOrder27,Sprouts Farmers Market,Oakland,21,9,4,0,mainGameOrder28,Sprouts Farmers Market,Oakland,21,8.25,3,0,mainGameOrder25+mainGameOrder27+mainGameOrder28,1.367089,mainGameOrder28,1.866667,0.267631,1,over_bundle,over_bundle,,,0
p051,8,mainGameScenario8,Oakland,,mainGameOrder29,Sprouts Farmers Market,Oakland,17,8.25,3,0,mainGameOrder30,Sprouts Farmers Market,Oakland,15,13.5,6,0,mainGameOrder31,Sprouts Farmers Market,Oakland,15,12.75,5,0,mainGameOrder32,Sprouts Farmers Market,Oakland,14,8.25,3,0,mainGameOrder31+mainGameOrder29+mainGameOrder32,1.187097,mainGameOrder29,1.511111,0.214421,1,over_bundle,over_bundle,,,0
p051,9,mainGameScenario9,Oakland,,mainGameOrder33,Safeway,Piedmont,12,8.1,3,5,mainGameOrder34,Target,Emeryville,17,15.3,6,6,mainGameOrder35,Safeway,Piedmont,12,11.1,5,5,mainGameOrder36,Safeway,Piedmont,13,11.1,5,5,mainGameOrder33+mainGameOrder35+mainGameOrder36,0.839002,mainGameOrder33+mainGameOrder35+mainGameOrder36,0.839002,0,3,bundle_correct,bundle_correct,,,0
p051,10,mainGameScenario10,Piedmont,,mainGameOrder37,Safeway,Piedmont,14,8.1,5,0,mainGameOrder38,Safeway,Piedmont,20,8.1,6,0,mainGameOrder39,Safeway,Piedmont,19,7.4,6,0,mainGameOrder40,Safeway,Piedmont,23,11.8,2,0,mainGameOrder40+mainGameOrder38+mainGameOrder39,1.671159,mainGameOrder39+mainGameOrder40,1.673307,0.001284,2,bundle_correct,bundle_correct,,,0
p051,11,mainGameScenario11,Piedmont,,mainGameOrder41,Berkeley Bowl,Berkeley,13,7.8,2,11,mainGameOrder42,Target,Emeryville,19,7.8,2,8,mainGameOrder43,Target,Emeryville,18,8.7,5,8,mainGameOrder44,Target,Emeryville,15,13.5,3,8,mainGameOrder43+mainGameOrder42+mainGameOrder44,1.195402,mainGameOrder42+mainGameOrder43,1.20915,0.01137,2,bundle_correct,bundle_correct,,,0
p051,12,mainGameScenario12,Emeryville,,mainGameOrder45,Target,Emeryville,16,13.5,3,0,mainGameOrder46,Target,Emeryville,14,9.6,5,0,mainGameOrder47,Target,Emeryville,22,13.5,6,0,mainGameOrder48,Target,Emeryville,14,13.5,2,0,mainGameOrder47+mainGameOrder46+mainGameOrder45,1.150442,mainGameOrder45+mainGameOrder46+mainGameOrder47,1.150442,0,3,bundle_correct,bundle_correct,,,0
p051,13,mainGameScenario13,Emeryville,,mainGameOrder49,Target,Emeryville,24,11.7,2,0,mainGameOrder50,Berkeley Bowl,Berkeley,17,8.4,6,7,mainGameOrder51,Berkeley Bowl,Berkeley,14,7.8,5,7,mainGameOrder52,Target,Emeryville,12,9.6,5,0,mainGameOrder49+mainGameOrder52,1.358491,mainGameOrder49,1.751825,0.224528,1,over_bundle,over_bundle,,,0
p051,14,mainGameScenario14,Emeryville,,mainGameOrder53,Target,Emeryville,21,13.5,6,0,mainGameOrder54,Target,Emeryville,14,13.5,5,0,mainGameOrder55,Target,Emeryville,22,13.5,6,0,mainGameOrder56,Target,Emeryville,18,7.8,6,0,mainGameOrder55+mainGameOrder56,1.234568,mainGameOrder56,1.304348,0.053498,1,over_bundle,over_bundle,,,0
p051,15,mainGameScenario15,Emeryville,,mainGameOrder57,Safeway,Piedmont,22,7.4,4,8,mainGameOrder58,Sprouts Farmers Market,Oakland,18,13.5,2,6,mainGameOrder59,Safeway,Piedmont,17,7.4,4,8,mainGameOrder60,Safeway,Piedmont,22,11.8,5,8,mainGameOrder58,0.837209,mainGameOrder57+mainGameOrder59+mainGameOrder60,1.40553,0.404346,3,bundle_correct,bundle_correct,,,0
p051,16,mainGameScenario16,Oakland,,mainGameOrder61,Safeway,Piedmont,24,12.5,3,5,mainGameOrder62,Safeway,Piedmont,24,8.1,2,5,mainGameOrder63,Safeway,Piedmont,18,12.5,4,5,mainGameOrder64,Safeway,Piedmont,22,11.1,2,5,mainGameOrder62,1.589404,mainGameOrder62,1.589404,0,1,over_bundle,over_bundle,,,0
p051,17,mainGameScenario17,Piedmont,,mainGameOrder65,Safeway,Piedmont,19,7.4,6,0,mainGameOrder66,Sprouts Farmers Market,Oakland,22,7.5,3,5,mainGameOrder67,Sprouts Farmers Market,Oakland,17,12.75,6,5,mainGameOrder68,Sprouts Farmers Market,Oakland,13,12.75,6,5,mainGameOrder65,1.41791,mainGameOrder66,1.419355,0.001018,1,over_bundle,over_bundle,,,0
p052,1,mainGameScenario1,Berkeley,,mainGameOrder1,Berkeley Bowl,Berkeley,22,7.8,3,0,mainGameOrder2,Berkeley Bowl,Berkeley,22,8.4,6,0,mainGameOrder3,Berkeley Bowl,Berkeley,15,9,4,0,mainGameOrder4,Sprouts Farmers Market,Oakland,18,9.75,2,10,mainGameOrder1,2.037037,mainGameOrder1,2.037037,0,1,over_bundle,over_bundle,,,0
p052,2,mainGameScenario2,Berkeley,,mainGameOrder5,Berkeley Bowl,Berkeley,24,12,5,0,mainGameOrder6,Berkeley Bowl,Berkeley,15,11.4,4,0,mainGameOrder7,Berkeley Bowl,Berkeley,15,12,2,0,mainGameOrder8,Berkeley Bowl,Berkeley,20,7.8,3,0,mainGameOrder6+mainGameOrder7,1.136364,mainGameOrder8,1.851852,0.386364,1,over_bundle,over_bundle,,,0
p052,3,mainGameScenario3,Berkeley,,mainGameOrder9,Berkeley Bowl,Berkeley,15,13.2,3,0,mainGameOrder10,Sprouts Farmers Market,Oakland,23,12.75,3,10,mainGameOrder11,Berkeley Bowl,Berkeley,23,12,6,0,mainGameOrder12,Berkeley Bowl,Berkeley,16,7.8,6,0,mainGameOrder12+mainGameOrder11+mainGameOrder9,1.216216,mainGameOrder11,1.277778,0.048179,1,over_bundle,over_bundle,,,0
p052,4,mainGameScenario4,Berkeley,,mainGameOrder13,Berkeley Bowl,Berkeley,17,7.2,4,0,mainGameOrder14,Berkeley Bowl,Berkeley,17,7.8,2,0,mainGameOrder15,Berkeley Bowl,Berkeley,20,12,2,0,mainGameOrder16,Berkeley Bowl,Berkeley,16,11.4,6,0,mainGameOrder15+mainGameOrder13+mainGameOrder14,1.6875,mainGameOrder14,1.734694,0.027206,1,over_bundle,over_bundle,,,0
p052,5,mainGameScenario5,Berkeley,,mainGameOrder17,Sprouts Farmers Market,Oakland,14,7.5,4,10,mainGameOrder18,Safeway,Piedmont,20,12.5,5,11,mainGameOrder19,Sprouts Farmers Market,Oakland,17,8.25,4,10,mainGameOrder20,Safeway,Piedmont,13,8.1,4,11,mainGameOrder18+mainGameOrder20,0.841837,mainGameOrder17+mainGameOrder19,0.918519,0.083484,2,bundle_correct,bundle_correct,,,0
p052,6,mainGameScenario6,Piedmont,,mainGameOrder21,Sprouts Farmers Market,Oakland,19,12,2,5,mainGameOrder22,Sprouts Farmers Market,Oakland,22,8.25,2,5,mainGameOrder23,Sprouts Farmers Market,Oakland,24,8.25,6,5,mainGameOrder24,Sprouts Farmers Market,Oakland,18,9.75,2,5,mainGameOrder23+mainGameOrder22+mainGameOrder21,1.604938,mainGameOrder22,1.442623,0,1,over_bundle,over_bundle,,,0
p052,7,mainGameScenario7,Oakland,,mainGameOrder25,Sprouts Farmers Market,Oakland,12,13.5,4,0,mainGameOrder26,Target,Emeryville,17,13.5,2,6,mainGameOrder27,Sprouts Farmers Market,Oakland,21,9,4,0,mainGameOrder28,Sprouts Farmers Market,Oakland,21,8.25,3,0,mainGameOrder27+mainGameOrder28+mainGameOrder25,1.367089,mainGameOrder28,1.866667,0.267631,1,over_bundle,over_bundle,,,0
p052,8,mainGameScenario8,Oakland,,mainGameOrder29,Sprouts Farmers Market,Oakland,17,8.25,3,0,mainGameOrder30,Sprouts Farmers Market,Oakland,15,13.5,6,0,mainGameOrder31,Sprouts Farmers Market,Oakland,15,12.75,5,0,mainGameOrder32,Sprouts Farmers Market,Oakland,14,8.25,3,0,mainGameOrder29+mainGameOrder31+mainGameOrder30,1.016216,mainGameOrder29,1.511111,0.327504,1,over_bundle,over_bundle,,,0
p052,9,mainGameScenario9,Oakland,,mainGameOrder33,Safeway,Piedmont,12,8.1,3,5,mainGameOrder34,Target,Emeryville,17,15.3,6,6,mainGameOrder35,Safeway,Piedmont,12,11.1,5,5,mainGameOrder36,Safeway,Piedmont,13,11.1,5,5,mainGameOrder33+mainGameOrder35+mainGameOrder36,0.839002,mainGameOrder33+mainGameOrder35+mainGameOrder36,0.839002,0,3,bundle_correct,bundle_correct,,,0
p052,10,mainGameScenario10,Piedmont,,mainGameOrder37,Safeway,Piedmont,14,8.1,5,0,mainGameOrder38,Safeway,Piedmont,20,8.1,6,0,mainGameOrder39,Safeway,Piedmont,19,7.4,6,0,mainGameOrder40,Safeway,Piedmont,23,11.8,2,0,mainGameOrder38+mainGameOrder40+mainGameOrder39,1.671159,mainGameOrder39+mainGameOrder40,1.673307,0.001284,2,bundle_correct,bundle_correct,,,0
p052,11,mainGameScenario11,Piedmont,,mainGameOrder41,Berkeley Bowl,Berkeley,13,7.8,2,11,mainGameOrder42,Target,Emeryville,19,7.8,2,8,mainGameOrder43,Target,Emeryville,18,8.7,5,8,mainGameOrder44,Target,Emeryville,15,13.5,3,8,mainGameOrder42+mainGameOrder44+mainGameOrder43,1.195402,mainGameOrder42+mainGameOrder43,1.20915,0.01137,2,bundle_correct,bundle_correct,,,0
p052,12,mainGameScenario12,Emeryville,,mainGameOrder45,Target,Emeryville,16,13.5,3,0,mainGameOrder46,Target,Emeryville,14,9.6,5,0,mainGameOrder47,Target,Emeryville,22,13.5,6,0,mainGameOrder48,Target,Emeryville,14,13.5,2,0,mainGameOrder47+mainGameOrder46+mainGameOrder45,1.150442,mainGameOrder45+mainGameOrder46+mainGameOrder47,1.150442,0,3,bundle_correct,bundle_correct,,,0
p052,13,mainGameScenario13,Emeryville,,mainGameOrder49,Target,Emeryville,24,11.7,2,0,mainGameOrder50,Berkeley Bowl,Berkeley,17,8.4,6,7,mainGameOrder51,Berkeley Bowl,Berkeley,14,7.8,5,7,mainGameOrder52,Target,Emeryville,12,9.6,5,0,mainGameOrder49+mainGameOrder52,1.358491,mainGameOrder49,1.751825,0.224528,1,over_bundle,over_bundle,,,0
p053,1,mainGameScenario1,Berkeley,Berkeley,mainGameOrder1,Berkeley Bowl,Berkeley,22,7.8,3,0,mainGameOrder2,Berkeley Bowl,Berkeley,22,8.4,6,0,mainGameOrder3,Berkeley Bowl,Berkeley,15,9,4,0,mainGameOrder4,Sprouts Farmers Market,Oakland,18,9.75,2,10,mainGameOrder1+mainGameOrder3,1.728972,mainGameOrder1,2.037037,0.151232,1,over_bundle,over_bundle,mainGameOrder1,,0
p053,2,mainGameScenario2,Berkeley,Berkeley,mainGameOrder5,Berkeley Bowl,Berkeley,24,12,5,0,mainGameOrder6,Berkeley Bowl,Berkeley,15,11.4,4,0,mainGameOrder7,Berkeley Bowl,Berkeley,15,12,2,0,mainGameOrder8,Berkeley Bowl,Berkeley,20,7.8,3,0,mainGameOrder8,1.851852,mainGameOrder8,1.851852,0,1,over_bundle,over_bundle,mainGameOrder8,,0
p053,3,mainGameScenario3,Berkeley,Berkeley,mainGameOrder9,Berkeley Bowl,Berkeley,15,13.2,3,0,mainGameOrder10,Sprouts Farmers Market,Oakland,23,12.75,3,10,mainGameOrder11,Berkeley Bowl,Berkeley,23,12,6,0,mainGameOrder12,Berkeley Bowl,Berkeley,16,7.8,6,0,mainGameOrder11+mainGameOrder9,1.217949,mainGameOrder11,1.277778,0.046823,1,over_bundle,over_bundle,mainGameOrder11,,0
p053,4,mainGameScenario4,Berkeley,Berkeley,mainGameOrder13,Berkeley Bowl,Berkeley,17,7.2,4,0,mainGameOrder14,Berkeley Bowl,Berkeley,17,7.8,2,0,mainGameOrder15,Berkeley Bowl,Berkeley,20,12,2,0,mainGameOrder16,Berkeley Bowl,Berkeley,16,11.4,6,0,mainGameOrder13+mainGameOrder14,1.666667,mainGameOrder14,1.734694,0.039216,1,over_bundle,over_bundle,mainGameOrder14,,0
p053,5,mainGameScenario5,Berkeley,Berkeley,mainGameOrder17,Sprouts Farmers Market,Oakland,14,7.5,4,10,mainGameOrder18,Safeway,Piedmont,20,12.5,5,11,mainGameOrder19,Sprouts Farmers Market,Oakland,17,8.25,4,10,mainGameOrder20,Safeway,Piedmont,13,8.1,4,11,mainGameOrder18+mainGameOrder20,0.841837,mainGameOrder17+mainGameOrder19,0.918519,0.083484,2,bundle_correct,bundle_correct,mainGameOrder17+mainGameOrder19,,0
p053,6,mainGameScenario6,Piedmont,Piedmont,mainGameOrder21,Sprouts Farmers Market,Oakland,19,12,2,5,mainGameOrder22,Sprouts Farmers Market,Oakland,22,8.25,2,5,mainGameOrder23,Sprouts Farmers Market,Oakland,24,8.25,6,5,mainGameOrder24,Sprouts Farmers Market,Oakland,18,9.75,2,5,mainGameOrder22+mainGameOrder23,1.6,mainGameOrder22,1.442623,0,1,over_bundle,over_bundle,mainGameOrder22,,0
p053,7,mainGameScenario7,Oakland,Oakland,mainGameOrder25,Sprouts Farmers Market,Oakland,12,13.5,4,0,mainGameOrder26,Target,Emeryville,17,13.5,2,6,mainGameOrder27,Sprouts Farmers Market,Oakland,21,9,4,0,mainGameOrder28,Sprouts Farmers Market,Oakland,21,8.25,3,0,mainGameOrder27+mainGameOrder28,1.787234,mainGameOrder28,1.866667,0.042553,1,over_bundle,over_bundle,mainGameOrder28,,0
p053,8,mainGameScenario8,Oakland,Oakland,mainGameOrder29,Sprouts Farmers Market,Oakland,17,8.25,3,0,mainGameOrder30,Sprouts Farmers Market,Oakland,15,13.5,6,0,mainGameOrder31,Sprouts Farmers Market,Oakland,15,12.75,5,0,mainGameOrder32,Sprouts Farmers Market,Oakland,14,8.25,3,0,mainGameOrder29+mainGameOrder32,1.47619,mainGameOrder29,1.511111,0.023109,1,over_bundle,over_bundle,mainGameOrder29,,0
p053,9,mainGameScenario9,Oakland,Oakland,mainGameOrder33,Safeway,Piedmont,12,8.1,3,5,mainGameOrder34,Target,Emeryville,17,15.3,6,6,mainGameOrder35,Safeway,Piedmont,12,11.1,5,5,mainGameOrder36,Safeway,Piedmont,13,11.1,5,5,mainGameOrder36+mainGameOrder35,0.726744,mainGameOrder33+mainGameOrder35+mainGameOrder36,0.839002,0.133799,3,bundle_correct,bundle_correct,mainGameOrder33+mainGameOrder35+mainGameOrder36,,0
p053,10,mainGameScenario10,Piedmont,Piedmont,mainGameOrder37,Safeway,Piedmont,14,8.1,5,0,mainGameOrder38,Safeway,Piedmont,20,8.1,6,0,mainGameOrder39,Safeway,Piedmont,19,7.4,6,0,mainGameOrder40,Safeway,Piedmont,23,11.8,2,0,mainGameOrder38+mainGameOrder39,1.535433,mainGameOrder39+mainGameOrder40,1.673307,0.082396,2,bundle_correct,bundle_correct,mainGameOrder39+mainGameOrder40,,0
p053,11,mainGameScenario11,Piedmont,Piedmont,mainGameOrder41,Berkeley Bowl,Berkeley,13,7.8,2,11,mainGameOrder42,Target,Emeryville,19,7.8,2,8,mainGameOrder43,Target,Emeryville,18,8.7,5,8,mainGameOrder44,Target,Emeryville,15,13.5,3,8,mainGameOrder43+mainGameOrder42,1.20915,mainGameOrder42+mainGameOrder43,1.20915,0,2,bundle_correct,bundle_correct,mainGameOrder42+mainGameOrder43,,0
p053,12,mainGameScenario12,Emeryville,Emeryville,mainGameOrder45,Target,Emeryville,16,13.5,3,0,mainGameOrder46,Target,Emeryville,14,9.6,5,0,mainGameOrder47,Target,Emeryville,22,13.5,6,0,mainGameOrder48,Target,Emeryville,14,13.5,2,0,mainGameOrder46+mainGameOrder45,1.056338,mainGameOrder45+mainGameOrder46+mainGameOrder47,1.150442,0.081798,3,bundle_correct,bundle_correct,mainGameOrder45+mainGameOrder46+mainGameOrder47,,0
p053,13,mainGameScenario13,Emeryville,Emeryville,mainGameOrder49,Target,Emeryville,24,11.7,2,0,mainGameOrder50,Berkeley Bowl,Berkeley,17,8.4,6,7,mainGameOrder51,Berkeley Bowl,Berkeley,14,7.8,5,7,mainGameOrder52,Target,Emeryville,12,9.6,5,0,mainGameOrder50+mainGameOrder51,0.939394,mainGameOrder49,1.751825,0.463763,1,over_bundle,over_bundle,mainGameOrder49,,0
p053,14,mainGameScenario14,Berkeley,Berkeley,mainGameOrder53,Target,Emeryville,21,13.5,6,7,mainGameOrder54,Target,Emeryville,14,13.5,5,7,mainGameOrder55,Target,Emeryville,22,13.5,6,7,mainGameOrder56,Target,Emeryville,18,7.8,6,7,mainGameOrder56,0.865385,mainGameOrder56,0.865385,0,1,over_bundle,over_bundle,mainGameOrder56,,0
p053,15,mainGameScenario15,Emeryville,Emeryville,mainGameOrder57,Safeway,Piedmont,22,7.4,4,8,mainGameOrder58,Sprouts Farmers Market,Oakland,18,13.5,2,6,mainGameOrder59,Safeway,Piedmont,17,7.4,4,8,mainGameOrder60,Safeway,Piedmont,22,11.8,5,8,mainGameOrder57+mainGameOrder59,1.358885,mainGameOrder57+mainGameOrder59+mainGameOrder60,1.40553,0.033187,3,bundle_correct,bundle_correct,mainGameOrder57+mainGameOrder59+mainGameOrder60,,0
p053,16,mainGameScenario16,Piedmont,Piedmont,mainGameOrder61,Safeway,Piedmont,24,12.5,3,0,mainGameOrder62,Safeway,Piedmont,24,8.1,2,0,mainGameOrder63,Safeway,Piedmont,18,12.5,4,0,mainGameOrder64,Safeway,Piedmont,22,11.1,2,0,mainGameOrder62+mainGameOrder63+mainGameOrder61,1.741425,mainGameOrder62,2.376238,0.26715,1,over_bundle,over_bundle,mainGameOrder62,,0
p053,17,mainGameScenario17,Piedmont,Piedmont,mainGameOrder65,Safeway,Piedmont,19,7.4,6,0,mainGameOrder66,Sprouts Farmers Market,Oakland,22,7.5,3,5,mainGameOrder67,Sprouts Farmers Market,Oakland,17,12.75,6,5,mainGameOrder68,Sprouts Farmers Market,Oakland,13,12.75,6,5,mainGameOrder65,1.41791,mainGameOrder66,1.419355,0.001018,1,over_bundle,over_bundle,mainGameOrder66,,0
p054,1,mainGameScenario1,Berkeley,,mainGameOrder1,Berkeley Bowl,Berkeley,22,7.8,3,0,mainGameOrder2,Berkeley Bowl,Berkeley,22,8.4,6,0,mainGameOrder3,Berkeley Bowl,Berkeley,15,9,4,0,mainGameOrder4,Sprouts Farmers Market,Oakland,18,9.75,2,10,mainGameOrder2+mainGameOrder1,1.788618,mainGameOrder1,2.037037,0.121951,1,over_bundle,over_bundle,,,0
p054,2,mainGameScenario2,Berkeley,,mainGameOrder5,Berkeley Bowl,Berkeley,24,12,5,0,mainGameOrder6,Berkeley Bowl,Berkeley,15,11.4,4,0,mainGameOrder7,Berkeley Bowl,Berkeley,15,12,2,0,mainGameOrder8,Berkeley Bowl,Berkeley,20,7.8,3,0,mainGameOrder5+mainGameOrder8,1.654135,mainGameOrder8,1.851852,0.106767,1,over_bundle,over_bundle,,,0
p054,3,mainGameScenario3,Berkeley,,mainGameOrder9,Berkeley Bowl,Berkeley,15,13.2,3,0,mainGameOrder10,Sprouts Farmers Market,Oakland,23,12.75,3,10,mainGameOrder11,Berkeley Bowl,Berkeley,23,12,6,0,mainGameOrder12,Berkeley Bowl,Berkeley,16,7.8,6,0,mainGameOrder11+mainGameOrder12+mainGameOrder9,1.216216,mainGameOrder11,1.277778,0.048179,1,over_bundle,over_bundle,,,0
p054,4,mainGameScenario4,Berkeley,,mainGameOrder13,Berkeley Bowl,Berkeley,17,7.2,4,0,mainGameOrder14,Berkeley Bowl,Berkeley,17,7.8,2,0,mainGameOrder15,Berkeley Bowl,Berkeley,20,12,2,0,mainGameOrder16,Berkeley Bowl,Berkeley,16,11.4,6,0,mainGameOrder15+mainGameOrder14+mainGameOrder13,1.6875,mainGameOrder14,1.734694,0.027206,1,over_bundle,over_bundle,,,0
p054,5,mainGameScenario5,Berkeley,,mainGameOrder17,Sprouts Farmers Market,Oakland,14,7.5,4,10,mainGameOrder18,Safeway,Piedmont,20,12.5,5,11,mainGameOrder19,Sprouts Farmers Market,Oakland,17,8.25,4,10,mainGameOrder20,Safeway,Piedmont,13,8.1,4,11,mainGameOrder20+mainGameOrder18,0.841837,mainGameOrder17+mainGameOrder19,0.918519,0.083484,2,bundle_correct,bundle_correct,,,0
p054,6,mainGameScenario6,Piedmont,,mainGameOrder21,Sprouts Farmers Market,Oakland,19,12,2,5,mainGameOrder22,Sprouts Farmers Market,Oakland,22,8.25,2,5,mainGameOrder23,Sprouts Farmers Market,Oakland,24,8.25,6,5,mainGameOrder24,Sprouts Farmers Market,Oakland,18,9.75,2,5,mainGameOrder23+mainGameOrder21+mainGameOrder22,1.604938,mainGameOrder22,1.442623,0,1,over_bundle,over_bundle,,,0
p054,7,mainGameScenario7,Oakland,,mainGameOrder25,Sprouts Farmers Market,Oakland,12,13.5,4,0,mainGameOrder26,Target,Emeryville,17,13.5,2,6,mainGameOrder27,Sprouts Farmers Market,Oakland,21,9,4,0,mainGameOrder28,Sprouts Farmers Market,Oakland,21,8.25,3,0,mainGameOrder27+mainGameOrder28+mainGameOrder25,1.367089,mainGameOrder28,1.866667,0.267631,1,over_bundle,over_bundle,,,0
p054,8,mainGameScenario8,Oakland,,mainGameOrder29,Sprouts Farmers Market,Oakland,17,8.25,3,0,mainGameOrder30,Sprouts Farmers Market,Oakland,15,13.5,6,0,mainGameOrder31,Sprouts Farmers Market,Oakland,15,12.75,5,0,mainGameOrder32,Sprouts Farmers Market,Oakland,14,8.25,3,0,mainGameOrder31+mainGameOrder29+mainGameOrder30,1.016216,mainGameOrder29,1.511111,0.327504,1,over_bundle,over_bundle,,,0
p054,9,mainGameScenario9,Oakland,,mainGameOrder33,Safeway,Piedmont,12,8.1,3,5,mainGameOrder34,Target,Emeryville,17,15.3,6,6,mainGameOrder35,Safeway,Piedmont,12,11.1,5,5,mainGameOrder36,Safeway,Piedmont,13,11.1,5,5,mainGameOrder36+mainGameOrder33,0.811688,mainGameOrder33+mainGameOrder35+mainGameOrder36,0.839002,0.032555,3,bundle_correct,bundle_correct,,,0
p054,10,mainGameScenario10,Piedmont,,mainGameOrder37,Safeway,Piedmont,14,8.1,5,0,mainGameOrder38,Safeway,Piedmont,20,8.1,6,0,mainGameOrder39,Safeway,Piedmont,19,7.4,6,0,mainGameOrder40,Safeway,Piedmont,23,11.8,2,0,mainGameOrder38+mainGameOrder39+mainGameOrder40,1.671159,mainGameOrder39+mainGameOrder40,1.673307,0.001284,2,bundle_correct,bundle_correct,,,0
p054,11,mainGameScenario11,Piedmont,,mainGameOrder41,Berkeley Bowl,Berkeley,13,7.8,2,11,mainGameOrder42,Target,Emeryville,19,7.8,2,8,mainGameOrder43,Target,Emeryville,18,8.7,5,8,mainGameOrder44,Target,Emeryville,15,13.5,3,8,mainGameOrder43+mainGameOrder44+mainGameOrder42,1.195402,mainGameOrder42+mainGameOrder43,1.20915,0.01137,2,bundle_correct,bundle_correct,,,0
p054,12,mainGameScenario12,Emeryville,,mainGameOrder45,Target,Emeryville,16,13.5,3,0,mainGameOrder46,Target,Emeryville,14,9.6,5,0,mainGameOrder47,Target,Emeryville,22,13.5,6,0,mainGameOrder48,Target,Emeryville,14,13.5,2,0,mainGameOrder47+mainGameOrder45+mainGameOrder48,1.150442,mainGameOrder45+mainGameOrder46+mainGameOrder47,1.150442,0,3,bundle_correct,bundle_correct,,,0
p054,13,mainGameScenario13,Emeryville,,mainGameOrder49,Target,Emeryville,24,11.7,2,0,mainGameOrder50,Berkeley Bowl,Berkeley,17,8.4,6,7,mainGameOrder51,Berkeley Bowl,Berkeley,14,7.8,5,7,mainGameOrder52,Target,Emeryville,12,9.6,5,0,mainGameOrder49+mainGameOrder52,1.358491,mainGameOrder49,1.751825,0.224528,1,over_bundle,over_bundle,,,0
p054,14,mainGameScenario14,Emeryville,,mainGameOrder53,Target,Emeryville,21,13.5,6,0,mainGameOrder54,Target,Emeryville,14,13.5,5,0,mainGameOrder55,Target,Emeryville,22,13.5,6,0,mainGameOrder56,Target,Emeryville,18,7.8,6,0,mainGameOrder53+mainGameOrder55+mainGameOrder56,1.26294,mainGameOrder56,1.304348,0.031746,1,over_bundle,over_bundle,,,0
p054,15,mainGameScenario15,Emeryville,,mainGameOrder57,Safeway,Piedmont,22,7.4,4,8,mainGameOrder58,Sprouts Farmers Market,Oakland,18,13.5,2,6,mainGameOrder59,Safeway,Piedmont,17,7.4,4,8,mainGameOrder60,Safeway,Piedmont,22,11.8,5,8,mainGameOrder59+mainGameOrder57+mainGameOrder60,1.40553,mainGameOrder57+mainGameOrder59+mainGameOrder60,1.40553,0,3,bundle_correct,bundle_correct,,,0
p054,16,mainGameScenario16,Piedmont,,mainGameOrder61,Safeway,Piedmont,24,12.5,3,0,mainGameOrder62,Safeway,Piedmont,24,8.1,2,0,mainGameOrder63,Safeway,Piedmont,18,12.5,4,0,mainGameOrder64,Safeway,Piedmont,22,11.1,2,0,mainGameOrder62+mainGameOrder63+mainGameOrder64,1.802817,mainGameOrder62,2.376238,0.241315,1,over_bundle,over_bundle,,,0
p054,17,mainGameScenario17,Piedmont,,mainGameOrder65,Safeway,Piedmont,19,7.4,6,0,mainGameOrder66,Sprouts Farmers Market,Oakland,22,7.5,3,5,mainGameOrder67,Sprouts Farmers Market,Oakland,17,12.75,6,5,mainGameOrder68,Sprouts Farmers Market,Oakland,13,12.75,6,5,mainGameOrder68+mainGameOrder67+mainGameOrder66,1.04,mainGameOrder66,1.419355,0.267273,1,over_bundle,over_bundle,,,0
p054,18,mainGameScenario18,Oakland,,mainGameOrder69,Sprouts Farmers Market,Oakland,14,8.25,5,0,mainGameOrder70,Sprouts Farmers Market,Oakland,13,8.25,3,0,mainGameOrder71,Sprouts Farmers Market,Oakland,22,14.25,3,0,mainGameOrder72,Sprouts Farmers Market,Oakland,19,9,4,0,mainGameOrder71+mainGameOrder72+mainGameOrder69,1.358025,mainGameOrder71+mainGameOrder72,1.464286,0.072569,2,bundle_correct,bundle_correct,,,0
p055,1,mainGameScenario1,Berkeley,,mainGameOrder1,Berkeley Bowl,Berkeley,22,7.8,3,0,mainGameOrder2,Berkeley Bowl,Berkeley,22,8.4,6,0,mainGameOrder3,Berkeley Bowl,Berkeley,15,9,4,0,mainGameOrder4,Sprouts Farmers Market,Oakland,18,9.75,2,10,mainGameOrder1+mainGameOrder3+mainGameOrder2,1.676136,mainGameOrder1,2.037037,0.177169,1,over_bundle,over_bundle,,,0
p055,2,mainGameScenario2,Berkeley,,mainGameOrder5,Berkeley Bowl,Berkeley,24,12,5,0,mainGameOrder6,Berkeley Bowl,Berkeley,15,11.4,4,0,mainGameOrder7,Berkeley Bowl,Berkeley,15,12,2,0,mainGameOrder8,Berkeley Bowl,Berkeley,20,7.8,3,0,mainGameOrder5+mainGameOrder6+mainGameOrder8,1.489899,mainGameOrder8,1.851852,0.195455,1,over_bundle,over_bundle,,,0
p055,3,mainGameScenario3,Berkeley,,mainGameOrder9,Berkeley Bowl,Berkeley,15,13.2,3,0,mainGameOrder10,Sprouts Farmers Market,Oakland,23,12.75,3,10,mainGameOrder11,Berkeley Bowl,Berkeley,23,12,6,0,mainGameOrder12,Berkeley Bowl,Berkeley,16,7.8,6,0,mainGameOrder9+mainGameOrder11+mainGameOrder12,1.216216,mainGameOrder11,1.277778,0.048179,1,over_bundle,over_bundle,,,0
p055,4,mainGameScenario4,Berkeley,,mainGameOrder13,Berkeley Bowl,Berkeley,17,7.2,4,0,mainGameOrder14,Berkeley Bowl,Berkeley,17,7.8,2,0,mainGameOrder15,Berkeley Bowl,Berkeley,20,12,2,0,mainGameOrder16,Berkeley Bowl,Berkeley,16,11.4,6,0,mainGameOrder13+mainGameOrder14+mainGameOrder15,1.6875,mainGameOrder14,1.734694,0.027206,1,over_bundle,over_bundle,,,0
p055,5,mainGameScenario5,Berkeley,,mainGameOrder17,Sprouts Farmers Market,Oakland,14,7.5,4,10,mainGameOrder18,Safeway,Piedmont,20,12.5,5,11,mainGameOrder19,Sprouts Farmers Market,Oakland,17,8.25,4,10,mainGameOrder20,Safeway,Piedmont,13,8.1,4,11,mainGameOrder18+mainGameOrder20,0.841837,mainGameOrder17+mainGameOrder19,0.918519,0.083484,2,bundle_correct,bundle_correct,,,0
p055,6,mainGameScenario6,Piedmont,,mainGameOrder21,Sprouts Farmers Market,Oakland,19,12,2,5,mainGameOrder22,Sprouts Farmers Market,Oakland,22,8.25,2,5,mainGameOrder23,Sprouts Farmers Market,Oakland,24,8.25,6,5,mainGameOrder24,Sprouts Farmers Market,Oakland,18,9.75,2,5,mainGameOrder22+mainGameOrder23+mainGameOrder21,1.604938,mainGameOrder22,1.442623,0,1,over_bundle,over_bundle,,,0
p055,7,mainGameScenario7,Oakland,,mainGameOrder25,Sprouts Farmers Market,Oakland,12,13.5,4,0,mainGameOrder26,Target,Emeryville,17,13.5,2,6,mainGameOrder27,Sprouts Farmers Market,Oakland,21,9,4,0,mainGameOrder28,Sprouts Farmers Market,Oakland,21,8.25,3,0,mainGameOrder25+mainGameOrder27+mainGameOrder28,1.367089,mainGameOrder28,1.866667,0.267631,1,over_bundle,over_bundle,,,0
p055,8,mainGameScenario8,Oakland,,mainGameOrder29,Sprouts Farmers Market,Oakland,17,8.25,3,0,mainGameOrder30,Sprouts Farmers Market,Oakland,15,13.5,6,0,mainGameOrder31,Sprouts Farmers Market,Oakland,15,12.75,5,0,mainGameOrder32,Sprouts Farmers Market,Oakland,14,8.25,3,0,mainGameOrder29+mainGameOrder32+mainGameOrder31,1.187097,mainGameOrder29,1.511111,0.214421,1,over_bundle,over_bundle,,,0
p055,9,mainGameScenario9,Oakland,,mainGameOrder33,Safeway,Piedmont,12,8.1,3,5,mainGameOrder34,Target,Emeryville,17,15.3,6,6,mainGameOrder35,Safeway,Piedmont,12,11.1,5,5,mainGameOrder36,Safeway,Piedmont,13,11.1,5,5,mainGameOrder33+mainGameOrder35+mainGameOrder36,0.839002,mainGameOrder33+mainGameOrder35+mainGameOrder36,0.839002,0,3,bundle_correct,bundle_correct,,,0
p055,10,mainGameScenario10,Piedmont,,mainGameOrder37,Safeway,Piedmont,14,8.1,5,0,mainGameOrder38,Safeway,Piedmont,20,8.1,6,0,mainGameOrder39,Safeway,Piedmont,19,7.4,6,0,mainGameOrder40,Safeway,Piedmont,23,11.8,2,0,mainGameOrder39+mainGameOrder38+mainGameOrder40,1.671159,mainGameOrder39+mainGameOrder40,1.673307,0.001284,2,bundle_correct,bundle_correct,,,0
p055,11,mainGameScenario11,Piedmont,,mainGameOrder41,Berkeley Bowl,Berkeley,13,7.8,2,11,mainGameOrder42,Target,Emeryville,19,7.8,2,8,mainGameOrder43,Target,Emeryville,18,8.7,5,8,mainGameOrder44,Target,Emeryville,15,13.5,3,8,mainGameOrder42+mainGameOrder44+mainGameOrder43,1.195402,mainGameOrder42+mainGameOrder43,1.20915,0.01137,2,bundle_correct,bundle_correct,,,0
p055,12,mainGameScenario12,Emeryville,,mainGameOrder45,Target,Emeryville,16,13.5,3,0,mainGameOrder46,Target,Emeryville,14,9.6,5,0,mainGameOrder47,Target,Emeryville,22,13.5,6,0,mainGameOrder48,Target,Emeryville,14,13.5,2,0,mainGameOrder45,0.969697,mainGameOrder45+mainGameOrder46+mainGameOrder47,1.150442,0.15711,3,bundle_correct,bundle_correct,,,0
p056,1,mainGameScenario1,Berkeley,,mainGameOrder1,Berkeley Bowl,Berkeley,22,7.8,3,0,mainGameOrder2,Berkeley Bowl,Berkeley,22,8.4,6,0,mainGameOrder3,Berkeley Bowl,Berkeley,15,9,4,0,mainGameOrder4,Sprouts Farmers Market,Oakland,18,9.75,2,10,mainGameOrder3+mainGameOrder1,1.728972,mainGameOrder1,2.037037,0.151232,1,over_bundle,over_bundle,,,0
p056,2,mainGameScenario2,Berkeley,,mainGameOrder5,Berkeley Bowl,Berkeley,24,12,5,0,mainGameOrder6,Berkeley Bowl,Berkeley,15,11.4,4,0,mainGameOrder7,Berkeley Bowl,Berkeley,15,12,2,0,mainGameOrder8,Berkeley Bowl,Berkeley,20,7.8,3,0,mainGameOrder5+mainGameOrder8,1.654135,mainGameOrder8,1.851852,0.106767,1,over_bundle,over_bundle,,,0
p056,3,mainGameScenario3,Berkeley,,mainGameOrder9,Berkeley Bowl,Berkeley,15,13.2,3,0,mainGameOrder10,Sprouts Farmers Market,Oakland,23,12.75,3,10,mainGameOrder11,Berkeley Bowl,Berkeley,23,12,6,0,mainGameOrder12,Berkeley Bowl,Berkeley,16,7.8,6,0,mainGameOrder9+mainGameOrder11,1.217949,mainGameOrder11,1.277778,0.046823,1,over_bundle,over_bundle,,,0
p056,4,mainGameScenario4,Berkeley,,mainGameOrder13,Berkeley Bowl,Berkeley,17,7.2,4,0,mainGameOrder14,Berkeley Bowl,Berkeley,17,7.8,2,0,mainGameOrder15,Berkeley Bowl,Berkeley,20,12,2,0,mainGameOrder16,Berkeley Bowl,Berkeley,16,11.4,6,0,mainGameOrder15+mainGameOrder14+mainGameOrder13,1.6875,mainGameOrder14,1.734694,0.027206,1,over_bundle,over_bundle,,,0
p056,5,mainGameScenario5,Berkeley,,mainGameOrder17,Sprouts Farmers Market,Oakland,14,7.5,4,10,mainGameOrder18,Safeway,Piedmont,20,12.5,5,11,mainGameOrder19,Sprouts Farmers Market,Oakland,17,8.25,4,10,mainGameOrder20,Safeway,Piedmont,13,8.1,4,11,mainGameOrder18+mainGameOrder20,0.841837,mainGameOrder17+mainGameOrder19,0.918519,0.083484,2,bundle_correct,bundle_correct,,,0
p056,6,mainGameScenario6,Piedmont,,mainGameOrder21,Sprouts Farmers Market,Oakland,19,12,2,5,mainGameOrder22,Sprouts Farmers Market,Oakland,22,8.25,2,5,mainGameOrder23,Sprouts Farmers Market,Oakland,24,8.25,6,5,mainGameOrder24,Sprouts Farmers Market,Oakland,18,9.75,2,5,mainGameOrder21+mainGameOrder22+mainGameOrder23,1.604938,mainGameOrder22,1.442623,0,1,over_bundle,over_bundle,,,0
p056,7,mainGameScenario7,Oakland,,mainGameOrder25,Sprouts Farmers Market,Oakland,12,13.5,4,0,mainGameOrder26,Target,Emeryville,17,13.5,2,6,mainGameOrder27,Sprouts Farmers Market,Oakland,21,9,4,0,mainGameOrder28,Sprouts Farmers Market,Oakland,21,8.25,3,0,mainGameOrder25+mainGameOrder27+mainGameOrder28,1.367089,mainGameOrder28,1.866667,0.267631,1,over_bundle,over_bundle,,,0
p056,8,mainGameScenario8,Oakland,,mainGameOrder29,Sprouts Farmers Market,Oakland,17,8.25,3,0,mainGameOrder30,Sprouts Farmers Market,Oakland,15,13.5,6,0,mainGameOrder31,Sprouts Farmers Market,Oakland,15,12.75,5,0,mainGameOrder32,Sprouts Farmers Market,Oakland,14,8.25,3,0,mainGameOrder30+mainGameOrder31,0.857143,mainGameOrder29,1.511111,0.432773,1,over_bundle,over_bundle,,,0
p056,9,mainGameScenario9,Oakland,,mainGameOrder33,Safeway,Piedmont,12,8.1,3,5,mainGameOrder34,Target,Emeryville,17,15.3,6,6,mainGameOrder35,Safeway,Piedmont,12,11.1,5,5,mainGameOrder36,Safeway,Piedmont,13,11.1,5,5,mainGameOrder36+mainGameOrder35,0.726744,mainGameOrder33+mainGameOrder35+mainGameOrder36,0.839002,0.133799,3,bundle_correct,bundle_correct,,,0
p056,10,mainGameScenario10,Piedmont,,mainGameOrder37,Safeway,Piedmont,14,8.1,5,0,mainGameOrder38,Safeway,Piedmont,20,8.1,6,0,mainGameOrder39,Safeway,Piedmont,19,7.4,6,0,mainGameOrder40,Safeway,Piedmont,23,11.8,2,0,mainGameOrder37+mainGameOrder40+mainGameOrder39,1.521739,mainGameOrder39+mainGameOrder40,1.673307,0.09058,2,bundle_correct,bundle_correct,,,0
p057,1,mainGameScenario1,Berkeley,,mainGameOrder1,Berkeley Bowl,Berkeley,22,7.8,3,0,mainGameOrder2,Berkeley Bowl,Berkeley,22,8.4,6,0,mainGameOrder3,Berkeley Bowl,Berkeley,15,9,4,0,mainGameOrder4,Sprouts Farmers Market,Oakland,18,9.75,2,10,mainGameOrder1+mainGameOrder2+mainGameOrder3,1.676136,mainGameOrder1,2.037037,0.177169,1,over_bundle,over_bundle,,,0
p057,2,mainGameScenario2,Berkeley,,mainGameOrder5,Berkeley Bowl,Berkeley,24,12,5,0,mainGameOrder6,Berkeley Bowl,Berkeley,15,11.4,4,0,mainGameOrder7,Berkeley Bowl,Berkeley,15,12,2,0,mainGameOrder8,Berkeley Bowl,Berkeley,20,7.8,3,0,mainGameOrder5+mainGameOrder8+mainGameOrder7,1.520619,mainGameOrder8,1.851852,0.178866,1,over_bundle,over_bundle,,,0
p057,3,mainGameScenario3,Berkeley,,mainGameOrder9,Berkeley Bowl,Berkeley,15,13.2,3,0,mainGameOrder10,Sprouts Farmers Market,Oakland,23,12.75,3,10,mainGameOrder11,Berkeley Bowl,Berkeley,23,12,6,0,mainGameOrder12,Berkeley Bowl,Berkeley,16,7.8,6,0,mainGameOrder11+mainGameOrder9+mainGameOrder12,1.216216,mainGameOrder11,1.277778,0.048179,1,over_bundle,over_bundle,,,0
p057,4,mainGameScenario4,Berkeley,,mainGameOrder13,Berkeley Bowl,Berkeley,17,7.2,4,0,mainGameOrder14,Berkeley Bowl,Berkeley,17,7.8,2,0,mainGameOrder15,Berkeley Bowl,Berkeley,20,12,2,0,mainGameOrder16,Berkeley Bowl,Berkeley,16,11.4,6,0,mainGameOrder15+mainGameOrder14+mainGameOrder13,1.6875,mainGameOrder14,1.734694,0.027206,1,over_bundle,over_bundle,,,0
p057,5,mainGameScenario5,Berkeley,,mainGameOrder17,Sprouts Farmers Market,Oakland,14,7.5,4,10,mainGameOrder18,Safeway,Piedmont,20,12.5,5,11,mainGameOrder19,Sprouts Farmers Market,Oakland,17,8.25,4,10,mainGameOrder20,Safeway,Piedmont,13,8.1,4,11,mainGameOrder18+mainGameOrder20,0.841837,mainGameOrder17+mainGameOrder19,0.918519,0.083484,2,bundle_correct,bundle_correct,,,0
p057,6,mainGameScenario6,Piedmont,,mainGameOrder21,Sprouts Farmers Market,Oakland,19,12,2,5,mainGameOrder22,Sprouts Farmers Market,Oakland,22,8.25,2,5,mainGameOrder23,Sprouts Farmers Market,Oakland,24,8.25,6,5,mainGameOrder24,Sprouts Farmers Market,Oakland,18,9.75,2,5,mainGameOrder23+mainGameOrder22+mainGameOrder24,1.610063,mainGameOrder22,1.442623,0,1,over_bundle,over_bundle,,,0
p057,7,mainGameScenario7,Oakland,,mainGameOrder25,Sprouts Farmers Market,Oakland,12,13.5,4,0,mainGameOrder26,Target,Emeryville,17,13.5,2,6,mainGameOrder27,Sprouts Farmers Market,Oakland,21,9,4,0,mainGameOrder28,Sprouts Farmers Market,Oakland,21,8.25,3,0,mainGameOrder27+mainGameOrder28+mainGameOrder25,1.367089,mainGameOrder28,1.866667,0.267631,1,over_bundle,over_bundle,,,0
p057,8,mainGameScenario8,Oakland,,mainGameOrder29,Sprouts Farmers Market,Oakland,17,8.25,3,0,mainGameOrder30,Sprouts Farmers Market,Oakland,15,13.5,6,0,mainGameOrder31,Sprouts Farmers Market,Oakland,15,12.75,5,0,mainGameOrder32,Sprouts Farmers Market,Oakland,14,8.25,3,0,mainGameOrder29+mainGameOrder32,1.47619,mainGameOrder29,1.511111,0.023109,1,over_bundle,over_bundle,,,0
p057,9,mainGameScenario9,Oakland,,mainGameOrder33,Safeway,Piedmont,12,8.1,3,5,mainGameOrder34,Target,Emeryville,17,15.3,6,6,mainGameOrder35,Safeway,Piedmont,12,11.1,5,5,mainGameOrder36,Safeway,Piedmont,13,11.1,5,5,mainGameOrder33+mainGameOrder36,0.811688,mainGameOrder33+mainGameOrder35+mainGameOrder36,0.839002,0.032555,3,bundle_correct,bundle_correct,,,0
p057,10,mainGameScenario10,Piedmont,,mainGameOrder37,Safeway,Piedmont,14,8.1,5,0,mainGameOrder38,Safeway,Piedmont,20,8.1,6,0,mainGameOrder39,Safeway,Piedmont,19,7.4,6,0,mainGameOrder40,Safeway,Piedmont,23,11.8,2,0,mainGameOrder40+mainGameOrder38+mainGameOrder39,1.671159,mainGameOrder39+mainGameOrder40,1.673307,0.001284,2,bundle_correct,bundle_correct,,,0
p057,11,mainGameScenario11,Piedmont,,mainGameOrder41,Berkeley Bowl,Berkeley,13,7.8,2,11,mainGameOrder42,Target,Emeryville,19,7.8,2,8,mainGameOrder43,Target,Emeryville,18,8.7,5,8,mainGameOrder44,Target,Emeryville,15,13.5,3,8,mainGameOrder43+mainGameOrder42,1.20915,mainGameOrder42+mainGameOrder43,1.20915,0,2,bundle_correct,bundle_correct,,,0
p057,12,mainGameScenario12,Emeryville,,mainGameOrder45,Target,Emeryville,16,13.5,3,0,mainGameOrder46,Target,Emeryville,14,9.6,5,0,mainGameOrder47,Target,Emeryville,22,13.5,6,0,mainGameOrder48,Target,Emeryville,14,13.5,2,0,mainGameOrder47+mainGameOrder45+mainGameOrder48,1.150442,mainGameOrder45+mainGameOrder46+mainGameOrder47,1.150442,0,3,bundle_correct,bundle_correct,,,0
p057,13,mainGameScenario13,Emeryville,,mainGameOrder49,Target,Emeryville,24,11.7,2,0,mainGameOrder50,Berkeley Bowl,Berkeley,17,8.4,6,7,mainGameOrder51,Berkeley Bowl,Berkeley,14,7.8,5,7,mainGameOrder52,Target,Emeryville,12,9.6,5,0,mainGameOrder49,1.751825,mainGameOrder49,1.751825,0,1,over_bundle,over_bundle,,,0
p057,14,mainGameScenario14,Emeryville,,mainGameOrder53,Target,Emeryville,21,13.5,6,0,mainGameOrder54,Target,Emeryville,14,13.5,5,0,mainGameOrder55,Target,Emeryville,22,13.5,6,0,mainGameOrder56,Target,Emeryville,18,7.8,6,0,mainGameOrder55+mainGameOrder56,1.234568,mainGameOrder56,1.304348,0.053498,1,over_bundle,over_bundle,,,0
p057,15,mainGameScenario15,Emeryville,,mainGameOrder57,Safeway,Piedmont,22,7.4,4,8,mainGameOrder58,Sprouts Farmers Market,Oakland,18,13.5,2,6,mainGameOrder59,Safeway,Piedmont,17,7.4,4,8,mainGameOrder60,Safeway,Piedmont,22,11.8,5,8,mainGameOrder57+mainGameOrder60+mainGameOrder59,1.40553,mainGameOrder57+mainGameOrder59+mainGameOrder60,1.40553,0,3,bundle_correct,bundle_correct,,,0
p057,16,mainGameScenario16,Piedmont,,mainGameOrder61,Safeway,Piedmont,24,12.5,3,0,mainGameOrder62,Safeway,Piedmont,24,8.1,2,0,mainGameOrder63,Safeway,Piedmont,18,12.5,4,0,mainGameOrder64,Safeway,Piedmont,22,11.1,2,0,mainGameOrder64+mainGameOrder61+mainGameOrder62,2.028986,mainGameOrder62,2.376238,0.146135,1,over_bundle,over_bundle,,,0
p057,17,mainGameScenario17,Piedmont,,mainGameOrder65,Safeway,Piedmont,19,7.4,6,0,mainGameOrder66,Sprouts Farmers Market,Oakland,22,7.5,3,5,mainGameOrder67,Sprouts Farmers Market,Oakland,17,12.75,6,5,mainGameOrder68,Sprouts Farmers Market,Oakland,13,12.75,6,5,mainGameOrder66,1.419355,mainGameOrder66,1.419355,0,1,over_bundle,over_bundle,,,0
p057,18,mainGameScenario18,Oakland,,mainGameOrder69,Sprouts Farmers Market,Oakland,14,8.25,5,0,mainGameOrder70,Sprouts Farmers Market,Oakland,13,8.25,3,0,mainGameOrder71,Sprouts Farmers Market,Oakland,22,14.25,3,0,mainGameOrder72,Sprouts Farmers Market,Oakland,19,9,4,0,mainGameOrder71,1.275362,mainGameOrder71+mainGameOrder72,1.464286,0.129021,2,bundle_correct,bundle_correct,,,0
p057,19,mainGameScenario19,Oakland,,mainGameOrder73,Sprouts Farmers Market,Oakland,12,12.75,5,0,mainGameOrder74,Safeway,Piedmont,17,7.4,5,5,mainGameOrder75,Sprouts Farmers Market,Oakland,18,9,3,0,mainGameOrder76,Sprouts Farmers Market,Oakland,24,14.25,2,0,mainGameOrder76+mainGameOrder75,1.486726,mainGameOrder75,1.5,0.00885,1,over_bundle,over_bundle,,,0
p058,1,mainGameScenario1,Berkeley,,mainGameOrder1,Berkeley Bowl,Berkeley,22,7.8,3,0,mainGameOrder2,Berkeley Bowl,Berkeley,22,8.4,6,0,mainGameOrder3,Berkeley Bowl,Berkeley,15,9,4,0,mainGameOrder4,Sprouts Farmers Market,Oakland,18,9.75,2,10,mainGameOrder1+mainGameOrder2+mainGameOrder3,1.676136,mainGameOrder1,2.037037,0.177169,1,over_bundle,over_bundle,,,0
p058,2,mainGameScenario2,Berkeley,,mainGameOrder5,Berkeley Bowl,Berkeley,24,12,5,0,mainGameOrder6,Berkeley Bowl,Berkeley,15,11.4,4,0,mainGameOrder7,Berkeley Bowl,Berkeley,15,12,2,0,mainGameOrder8,Berkeley Bowl,Berkeley,20,7.8,3,0,mainGameOrder5+mainGameOrder8+mainGameOrder7,1.520619,mainGameOrder8,1.851852,0.178866,1,over_bundle,over_bundle,,,0
p058,3,mainGameScenario3,Berkeley,,mainGameOrder9,Berkeley Bowl,Berkeley,15,13.2,3,0,mainGameOrder10,Sprouts Farmers Market,Oakland,23,12.75,3,10,mainGameOrder11,Berkeley Bowl,Berkeley,23,12,6,0,mainGameOrder12,Berkeley Bowl,Berkeley,16,7.8,6,0,mainGameOrder9+mainGameOrder11+mainGameOrder12,1.216216,mainGameOrder11,1.277778,0.048179,1,over_bundle,over_bundle,,,0
p058,4,mainGameScenario4,Berkeley,,mainGameOrder13,Berkeley Bowl,Berkeley,17,7.2,4,0,mainGameOrder14,Berkeley Bowl,Berkeley,17,7.8,2,0,mainGameOrder15,Berkeley Bowl,Berkeley,20,12,2,0,mainGameOrder16,Berkeley Bowl,Berkeley,16,11.4,6,0,mainGameOrder15+mainGameOrder13+mainGameOrder14,1.6875,mainGameOrder14,1.734694,0.027206,1,over_bundle,over_bundle,,,0
p058,5,mainGameScenario5,Berkeley,,mainGameOrder17,Sprouts Farmers Market,Oakland,14,7.5,4,10,mainGameOrder18,Safeway,Piedmont,20,12.5,5,11,mainGameOrder19,Sprouts Farmers Market,Oakland,17,8.25,4,10,mainGameOrder20,Safeway,Piedmont,13,8.1,4,11,mainGameOrder18+mainGameOrder20,0.841837,mainGameOrder17+mainGameOrder19,0.918519,0.083484,2,bundle_correct,bundle_correct,,,0
p058,6,mainGameScenario6,Piedmont,,mainGameOrder21,Sprouts Farmers Market,Oakland,19,12,2,5,mainGameOrder22,Sprouts Farmers Market,Oakland,22,8.25,2,5,mainGameOrder23,Sprouts Farmers Market,Oakland,24,8.25,6,5,mainGameOrder24,Sprouts Farmers Market,Oakland,18,9.75,2,5,mainGameOrder21+mainGameOrder22+mainGameOrder23,1.604938,mainGameOrder22,1.442623,0,1,over_bundle,over_bundle,,,0
p058,7,mainGameScenario7,Oakland,,mainGameOrder25,Sprouts Farmers Market,Oakland,12,13.5,4,0,mainGameOrder26,Target,Emeryville,17,13.5,2,6,mainGameOrder27,Sprouts Farmers Market,Oakland,21,9,4,0,mainGameOrder28,Sprouts Farmers Market,Oakland,21,8.25,3,0,mainGameOrder25+mainGameOrder27+mainGameOrder28,1.367089,mainGameOrder28,1.866667,0.267631,1,over_bundle,over_bundle,,,0
p058,8,mainGameScenario8,Oakland,,mainGameOrder29,Sprouts Farmers Market,Oakland,17,8.25,3,0,mainGameOrder30,Sprouts Farmers Market,Oakland,15,13.5,6,0,mainGameOrder31,Sprouts Farmers Market,Oakland,15,12.75,5,0,mainGameOrder32,Sprouts Farmers Market,Oakland,14,8.25,3,0,mainGameOrder29+mainGameOrder30+mainGameOrder31,1.016216,mainGameOrder29,1.511111,0.327504,1,over_bundle,over_bundle,,,0
p058,9,mainGameScenario9,Oakland,,mainGameOrder33,Safeway,Piedmont,12,8.1,3,5,mainGameOrder34,Target,Emeryville,17,15.3,6,6,mainGameOrder35,Safeway,Piedmont,12,11.1,5,5,mainGameOrder36,Safeway,Piedmont,13,11.1,5,5,mainGameOrder33+mainGameOrder35+mainGameOrder36,0.839002,mainGameOrder33+mainGameOrder35+mainGameOrder36,0.839002,0,3,bundle_correct,bundle_correct,,,0
p058,10,mainGameScenario10,Piedmont,,mainGameOrder37,Safeway,Piedmont,14,8.1,5,0,mainGameOrder38,Safeway,Piedmont,20,8.1,6,0,mainGameOrder39,Safeway,Piedmont,19,7.4,6,0,mainGameOrder40,Safeway,Piedmont,23,11.8,2,0,mainGameOrder38+mainGameOrder40+mainGameOrder39,1.671159,mainGameOrder39+mainGameOrder40,1.673307,0.001284,2,bundle_correct,bundle_correct,,,0
p058,11,mainGameScenario11,Piedmont,,mainGameOrder41,Berkeley Bowl,Berkeley,13,7.8,2,11,mainGameOrder42,Target,Emeryville,19,7.8,2,8,mainGameOrder43,Target,Emeryville,18,8.7,5,8,mainGameOrder44,Target,Emeryville,15,13.5,3,8,mainGameOrder43+mainGameOrder44+mainGameOrder42,1.195402,mainGameOrder42+mainGameOrder43,1.20915,0.01137,2,bundle_correct,bundle_correct,,,0
p058,12,mainGameScenario12,Emeryville,,mainGameOrder45,Target,Emeryville,16,13.5,3,0,mainGameOrder46,Target,Emeryville,14,9.6,5,0,mainGameOrder47,Target,Emeryville,22,13.5,6,0,mainGameOrder48,Target,Emeryville,14,13.5,2,0,mainGameOrder47+mainGameOrder45+mainGameOrder46,1.150442,mainGameOrder45+mainGameOrder46+mainGameOrder47,1.150442,0,3,bundle_correct,bundle_correct,,,0
p058,13,mainGameScenario13,Emeryville,,mainGameOrder49,Target,Emeryville,24,11.7,2,0,mainGameOrder50,Berkeley Bowl,Berkeley,17,8.4,6,7,mainGameOrder51,Berkeley Bowl,Berkeley,14,7.8,5,7,mainGameOrder52,Target,Emeryville,12,9.6,5,0,mainGameOrder49+mainGameOrder52,1.358491,mainGameOrder49,1.751825,0.224528,1,over_bundle,over_bundle,,,0
p058,14,mainGameScenario14,Emeryville,,mainGameOrder53,Target,Emeryville,21,13.5,6,0,mainGameOrder54,Target,Emeryville,14,13.5,5,0,mainGameOrder55,Target,Emeryville,22,13.5,6,0,mainGameOrder56,Target,Emeryville,18,7.8,6,0,mainGameOrder53+mainGameOrder55+mainGameOrder56,1.26294,mainGameOrder56,1.304348,0.031746,1,over_bundle,over_bundle,,,0
p058,15,mainGameScenario15,Emeryville,,mainGameOrder57,Safeway,Piedmont,22,7.4,4,8,mainGameOrder58,Sprouts Farmers Market,Oakland,18,13.5,2,6,mainGameOrder59,Safeway,Piedmont,17,7.4,4,8,mainGameOrder60,Safeway,Piedmont,22,11.8,5,8,mainGameOrder57+mainGameOrder59+mainGameOrder60,1.40553,mainGameOrder57+mainGameOrder59+mainGameOrder60,1.40553,0,3,bundle_correct,bundle_correct,,,0
p058,16,mainGameScenario16,Piedmont,,mainGameOrder61,Safeway,Piedmont,24,12.5,3,0,mainGameOrder62,Safeway,Piedmont,24,8.1,2,0,mainGameOrder63,Safeway,Piedmont,18,12.5,4,0,mainGameOrder64,Safeway,Piedmont,22,11.1,2,0,mainGameOrder61+mainGameOrder62+mainGameOrder64,2.028986,mainGameOrder62,2.376238,0.146135,1,over_bundle,over_bundle,,,0
p058,17,mainGameScenario17,Piedmont,,mainGameOrder65,Safeway,Piedmont,19,7.4,6,0,mainGameOrder66,Sprouts Farmers Market,Oakland,22,7.5,3,5,mainGameOrder67,Sprouts Farmers Market,Oakland,17,12.75,6,5,mainGameOrder68,Sprouts Farmers Market,Oakland,13,12.75,6,5,mainGameOrder66+mainGameOrder68+mainGameOrder67,1.04,mainGameOrder66,1.419355,0.267273,1,over_bundle,over_bundle,,,0
p058,18,mainGameScenario18,Oakland,,mainGameOrder69,Sprouts Farmers Market,Oakland,14,8.25,5,0,mainGameOrder70,Sprouts Farmers Market,Oakland,13,8.25,3,0,mainGameOrder71,Sprouts Farmers Market,Oakland,22,14.25,3,0,mainGameOrder72,Sprouts Farmers Market,Oakland,19,9,4,0,mainGameOrder71+mainGameOrder72+mainGameOrder69,1.358025,mainGameOrder71+mainGameOrder72,1.464286,0.072569,2,bundle_correct,bundle_correct,,,0
p059,1,mainGameScenario1,Berkeley,,mainGameOrder1,Berkeley Bowl,Berkeley,22,7.8,3,0,mainGameOrder2,Berkeley Bowl,Berkeley,22,8.4,6,0,mainGameOrder3,Berkeley Bowl,Berkeley,15,9,4,0,mainGameOrder4,Sprouts Farmers Market,Oakland,18,9.75,2,10,mainGameOrder3+mainGameOrder1+mainGameOrder2,1.676136,mainGameOrder1,2.037037,0.177169,1,over_bundle,over_bundle,,,0
p059,2,mainGameScenario2,Berkeley,,mainGameOrder5,Berkeley Bowl,Berkeley,24,12,5,0,mainGameOrder6,Berkeley Bowl,Berkeley,15,11.4,4,0,mainGameOrder7,Berkeley Bowl,Berkeley,15,12,2,0,mainGameOrder8,Berkeley Bowl,Berkeley,20,7.8,3,0,mainGameOrder8+mainGameOrder5,1.654135,mainGameOrder8,1.851852,0.106767,1,over_bundle,over_bundle,,,0
p059,3,mainGameScenario3,Berkeley,,mainGameOrder9,Berkeley Bowl,Berkeley,15,13.2,3,0,mainGameOrder10,Sprouts Farmers Market,Oakland,23,12.75,3,10,mainGameOrder11,Berkeley Bowl,Berkeley,23,12,6,0,mainGameOrder12,Berkeley Bowl,Berkeley,16,7.8,6,0,mainGameOrder11+mainGameOrder12,1.25,mainGameOrder11,1.277778,0.021739,1,over_bundle,over_bundle,,,0
p059,4,mainGameScenario4,Berkeley,,mainGameOrder13,Berkeley Bowl,Berkeley,17,7.2,4,0,mainGameOrder14,Berkeley Bowl,Berkeley,17,7.8,2,0,mainGameOrder15,Berkeley Bowl,Berkeley,20,12,2,0,mainGameOrder16,Berkeley Bowl,Berkeley,16,11.4,6,0,mainGameOrder14+mainGameOrder13+mainGameOrder15,1.6875,mainGameOrder14,1.734694,0.027206,1,over_bundle,over_bundle,,,0
p059,5,mainGameScenario5,Berkeley,,mainGameOrder17,Sprouts Farmers Market,Oakland,14,7.5,4,10,mainGameOrder18,Safeway,Piedmont,20,12.5,5,11,mainGameOrder19,Sprouts Farmers Market,Oakland,17,8.25,4,10,mainGameOrder20,Safeway,Piedmont,13,8.1,4,11,mainGameOrder19,0.764045,mainGameOrder17+mainGameOrder19,0.918519,0.168177,2,bundle_correct,bundle_correct,,,0
p059,6,mainGameScenario6,Oakland,,mainGameOrder21,Sprouts Farmers Market,Oakland,19,12,2,0,mainGameOrder22,Sprouts Farmers Market,Oakland,22,8.25,2,0,mainGameOrder23,Sprouts Farmers Market,Oakland,24,8.25,6,0,mainGameOrder24,Sprouts Farmers Market,Oakland,18,9.75,2,0,mainGameOrder23+mainGameOrder21+mainGameOrder22,1.830986,mainGameOrder22,2.146341,0.146927,1,over_bundle,over_bundle,,,0
p059,7,mainGameScenario7,Oakland,,mainGameOrder25,Sprouts Farmers Market,Oakland,12,13.5,4,0,mainGameOrder26,Target,Emeryville,17,13.5,2,6,mainGameOrder27,Sprouts Farmers Market,Oakland,21,9,4,0,mainGameOrder28,Sprouts Farmers Market,Oakland,21,8.25,3,0,mainGameOrder28+mainGameOrder27,1.787234,mainGameOrder28,1.866667,0.042553,1,over_bundle,over_bundle,,,0
p059,8,mainGameScenario8,Oakland,,mainGameOrder29,Sprouts Farmers Market,Oakland,17,8.25,3,0,mainGameOrder30,Sprouts Farmers Market,Oakland,15,13.5,6,0,mainGameOrder31,Sprouts Farmers Market,Oakland,15,12.75,5,0,mainGameOrder32,Sprouts Farmers Market,Oakland,14,8.25,3,0,mainGameOrder29+mainGameOrder32,1.47619,mainGameOrder29,1.511111,0.023109,1,over_bundle,over_bundle,,,0
p059,9,mainGameScenario9,Oakland,,mainGameOrder33,Safeway,Piedmont,12,8.1,3,5,mainGameOrder34,Target,Emeryville,17,15.3,6,6,mainGameOrder35,Safeway,Piedmont,12,11.1,5,5,mainGameOrder36,Safeway,Piedmont,13,11.1,5,5,mainGameOrder33,0.745342,mainGameOrder33+mainGameOrder35+mainGameOrder36,0.839002,0.111633,3,bundle_correct,bundle_correct,,,0
p059,10,mainGameScenario10,Piedmont,,mainGameOrder37,Safeway,Piedmont,14,8.1,5,0,mainGameOrder38,Safeway,Piedmont,20,8.1,6,0,mainGameOrder39,Safeway,Piedmont,19,7.4,6,0,mainGameOrder40,Safeway,Piedmont,23,11.8,2,0,mainGameOrder40+mainGameOrder38+mainGameOrder39,1.671159,mainGameOrder39+mainGameOrder40,1.673307,0.001284,2,bundle_correct,bundle_correct,,,0
p059,11,mainGameScenario11,Piedmont,,mainGameOrder41,Berkeley Bowl,Berkeley,13,7.8,2,11,mainGameOrder42,Target,Emeryville,19,7.8,2,8,mainGameOrder43,Target,Emeryville,18,8.7,5,8,mainGameOrder44,Target,Emeryville,15,13.5,3,8,mainGameOrder43+mainGameOrder42,1.20915,mainGameOrder42+mainGameOrder43,1.20915,0,2,bundle_correct,bundle_correct,,,0
p059,12,mainGameScenario12,Emeryville,,mainGameOrder45,Target,Emeryville,16,13.5,3,0,mainGameOrder46,Target,Emeryville,14,9.6,5,0,mainGameOrder47,Target,Emeryville,22,13.5,6,0,mainGameOrder48,Target,Emeryville,14,13.5,2,0,mainGameOrder47,1.128205,mainGameOrder45+mainGameOrder46+mainGameOrder47,1.150442,0.019329,3,bundle_correct,bundle_correct,,,0
p059,13,mainGameScenario13,Emeryville,,mainGameOrder49,Target,Emeryville,24,11.7,2,0,mainGameOrder50,Berkeley Bowl,Berkeley,17,8.4,6,7,mainGameOrder51,Berkeley Bowl,Berkeley,14,7.8,5,7,mainGameOrder52,Target,Emeryville,12,9.6,5,0,mainGameOrder49,1.751825,mainGameOrder49,1.751825,0,1,over_bundle,over_bundle,,,0
p059,14,mainGameScenario14,Emeryville,,mainGameOrder53,Target,Emeryville,21,13.5,6,0,mainGameOrder54,Target,Emeryville,14,13.5,5,0,mainGameOrder55,Target,Emeryville,22,13.5,6,0,mainGameOrder56,Target,Emeryville,18,7.8,6,0,mainGameOrder55+mainGameOrder53+mainGameOrder56,1.26294,mainGameOrder56,1.304348,0.031746,1,over_bundle,over_bundle,,,0
p059,15,mainGameScenario15,Emeryville,,mainGameOrder57,Safeway,Piedmont,22,7.4,4,8,mainGameOrder58,Sprouts Farmers Market,Oakland,18,13.5,2,6,mainGameOrder59,Safeway,Piedmont,17,7.4,4,8,mainGameOrder60,Safeway,Piedmont,22,11.8,5,8,mainGameOrder58,0.837209,mainGameOrder57+mainGameOrder59+mainGameOrder60,1.40553,0.404346,3,bundle_correct,bundle_correct,,,0
p059,16,mainGameScenario16,Oakland,,mainGameOrder61,Safeway,Piedmont,24,12.5,3,5,mainGameOrder62,Safeway,Piedmont,24,8.1,2,5,mainGameOrder63,Safeway,Piedmont,18,12.5,4,5,mainGameOrder64,Safeway,Piedmont,22,11.1,2,5,mainGameOrder62+mainGameOrder61+mainGameOrder64,1.772152,mainGameOrder62,1.589404,0,1,over_bundle,over_bundle,,,0
p059,17,mainGameScenario17,Piedmont,,mainGameOrder65,Safeway,Piedmont,19,7.4,6,0,mainGameOrder66,Sprouts Farmers Market,Oakland,22,7.5,3,5,mainGameOrder67,Sprouts Farmers Market,Oakland,17,12.75,6,5,mainGameOrder68,Sprouts Farmers Market,Oakland,13,12.75,6,5,mainGameOrder65,1.41791,mainGameOrder66,1.419355,0.001018,1,over_bundle,over_bundle,,,0
p059,18,mainGameScenario18,Piedmont,,mainGameOrder69,Sprouts Farmers Market,Oakland,14,8.25,5,5,mainGameOrder70,Sprouts Farmers Market,Oakland,13,8.25,3,5,mainGameOrder71,Sprouts Farmers Market,Oakland,22,14.25,3,5,mainGameOrder72,Sprouts Farmers Market,Oakland,19,9,4,5,mainGameOrder71+mainGameOrder72+mainGameOrder70,1.220339,mainGameOrder71+mainGameOrder72,1.242424,0.017776,2,bundle_correct,bundle_correct,,,0
p059,19,mainGameScenario19,Oakland,,mainGameOrder73,Sprouts Farmers Market,Oakland,12,12.75,5,0,mainGameOrder74,Safeway,Piedmont,17,7.4,5,5,mainGameOrder75,Sprouts Farmers Market,Oakland,18,9,3,0,mainGameOrder76,Sprouts Farmers Market,Oakland,24,14.25,2,0,mainGameOrder75+mainGameOrder76,1.486726,mainGameOrder75,1.5,0.00885,1,over_bundle,over_bundle,,,0
p059,20,mainGameScenario20,Oakland,,mainGameOrder77,Sprouts Farmers Market,Oakland,24,14.25,6,0,mainGameOrder78,Sprouts Farmers Market,Oakland,23,8.25,4,0,mainGameOrder79,Sprouts Farmers Market,Oakland,17,14.25,4,0,mainGameOrder80,Sprouts Farmers Market,Oakland,20,11.25,5,0,mainGameOrder78+mainGameOrder80+mainGameOrder77,1.464481,mainGameOrder78,1.877551,0.220005,1,over_bundle,over_bundle,,,0
p059,21,mainGameScenario21,Oakland,,mainGameOrder81,Safeway,Piedmont,20,8.1,4,5,mainGameOrder82,Safeway,Piedmont,17,12.5,2,5,mainGameOrder83,Berkeley Bowl,Berkeley,24,7.8,3,10,mainGameOrder84,Safeway,Piedmont,21,7.4,3,5,mainGameOrder84+mainGameOrder81,1.570881,mainGameOrder81+mainGameOrder84,1.570881,0,2,bundle_correct,bundle_correct,,,0
p059,22,mainGameScenario22,Piedmont,,mainGameOrder85,Safeway,Piedmont,17,8.1,2,0,mainGameOrder86,Safeway,Piedmont,22,8.1,3,0,mainGameOrder87,Safeway,Piedmont,19,11.1,2,0,mainGameOrder88,Safeway,Piedmont,16,7.4,2,0,mainGameOrder87+mainGameOrder85+mainGameOrder86,1.883117,mainGameOrder86+mainGameOrder88,2.065217,0.088175,2,bundle_correct,bundle_correct,,,0
p059,23,mainGameScenario23,Piedmont,,mainGameOrder89,Safeway,Piedmont,16,11.1,6,0,mainGameOrder90,Berkeley Bowl,Berkeley,21,11.4,2,11,mainGameOrder91,Safeway,Piedmont,22,11.8,5,0,mainGameOrder92,Safeway,Piedmont,19,11.1,5,0,mainGameOrder91+mainGameOrder92,1.362126,mainGameOrder91+mainGameOrder92,1.362126,0,2,bundle_correct,bundle_correct,,,0
p059,24,mainGameScenario24,Piedmont,,mainGameOrder93,Safeway,Piedmont,17,8.1,6,0,mainGameOrder94,Safeway,Piedmont,21,8.1,3,0,mainGameOrder95,Safeway,Piedmont,19,8.1,3,0,mainGameOrder96,Safeway,Piedmont,15,7.4,6,0,mainGameOrder95+mainGameOrder93+mainGameOrder94,1.701493,mainGameOrder94,1.891892,0.10064,1,over_bundle,over_bundle,,,0
p059,25,mainGameScenario25,Piedmont,,mainGameOrder97,Sprouts Farmers Market,Oakland,12,13.5,5,5,mainGameOrder98,Target,Emeryville,18,13.5,6,8,mainGameOrder99,Target,Emeryville,17,10.5,3,8,mainGameOrder100,Sprouts Farmers Market,Oakland,15,9,5,5,mainGameOrder100,0.789474,mainGameOrder98+mainGameOrder99,0.892857,0.115789,2,bundle_correct,bundle_correct,,,0
p059,26,mainGameScenario26,Oakland,,mainGameOrder101,Target,Emeryville,22,8.7,2,6,mainGameOrder102,Target,Emeryville,16,13.5,3,6,mainGameOrder103,Target,Emeryville,17,9.6,2,6,mainGameOrder104,Target,Emeryville,19,15.3,2,6,mainGameOrder101+mainGameOrder103+mainGameOrder104,1.380952,mainGameOrder101,1.317365,0,1,over_bundle,over_bundle,,,0
p059,27,mainGameScenario27,Emeryville,,mainGameOrder105,Target,Emeryville,18,8.7,2,0,mainGameOrder106,Target,Emeryville,21,14.4,6,0,mainGameOrder107,Target,Emeryville,14,10.5,2,0,mainGameOrder108,Berkeley Bowl,Berkeley,24,7.8,6,7,mainGameOrder105+mainGameOrder107+mainGameOrder106,1.387435,mainGameOrder105,1.682243,0.175247,1,over_bundle,over_bundle,,,0
p060,1,mainGameScenario1,Berkeley,Berkeley,mainGameOrder1,Berkeley Bowl,Berkeley,22,7.8,3,0,mainGameOrder2,Berkeley Bowl,Berkeley,22,8.4,6,0,mainGameOrder3,Berkeley Bowl,Berkeley,15,9,4,0,mainGameOrder4,Sprouts Farmers Market,Oakland,18,9.75,2,10,mainGameOrder1+mainGameOrder2+mainGameOrder3,1.676136,mainGameOrder1,2.037037,0.177169,1,over_bundle,over_bundle,mainGameOrder1,,0
p061,1,mainGameScenario1,Berkeley,Berkeley,mainGameOrder1,Berkeley Bowl,Berkeley,22,7.8,3,0,mainGameOrder2,Berkeley Bowl,Berkeley,22,8.4,6,0,mainGameOrder3,Berkeley Bowl,Berkeley,15,9,4,0,mainGameOrder4,Sprouts Farmers Market,Oakland,18,9.75,2,10,mainGameOrder1,2.037037,mainGameOrder1,2.037037,0,1,over_bundle,over_bundle,mainGameOrder1,,0
p061,2,mainGameScenario2,Berkeley,Berkeley,mainGameOrder5,Berkeley Bowl,Berkeley,24,12,5,0,mainGameOrder6,Berkeley Bowl,Berkeley,15,11.4,4,0,mainGameOrder7,Berkeley Bowl,Berkeley,15,12,2,0,mainGameOrder8,Berkeley Bowl,Berkeley,20,7.8,3,0,mainGameOrder5,1.411765,mainGameOrder8,1.851852,0.237647,1,over_bundle,over_bundle,mainGameOrder8,,0
p061,3,mainGameScenario3,Berkeley,Berkeley,mainGameOrder9,Berkeley Bowl,Berkeley,15,13.2,3,0,mainGameOrder10,Sprouts Farmers Market,Oakland,23,12.75,3,10,mainGameOrder11,Berkeley Bowl,Berkeley,23,12,6,0,mainGameOrder12,Berkeley Bowl,Berkeley,16,7.8,6,0,mainGameOrder11,1.277778,mainGameOrder11,1.277778,0,1,over_bundle,over_bundle,mainGameOrder11,,0
p061,4,mainGameScenario4,Berkeley,Berkeley,mainGameOrder13,Berkeley Bowl,Berkeley,17,7.2,4,0,mainGameOrder14,Berkeley Bowl,Berkeley,17,7.8,2,0,mainGameOrder15,Berkeley Bowl,Berkeley,20,12,2,0,mainGameOrder16,Berkeley Bowl,Berkeley,16,11.4,6,0,mainGameOrder13,1.517857,mainGameOrder14,1.734694,0.125,1,over_bundle,over_bundle,mainGameOrder14,,0
p061,5,mainGameScenario5,Berkeley,Berkeley,mainGameOrder17,Sprouts Farmers Market,Oakland,14,7.5,4,10,mainGameOrder18,Safeway,Piedmont,20,12.5,5,11,mainGameOrder19,Sprouts Farmers Market,Oakland,17,8.25,4,10,mainGameOrder20,Safeway,Piedmont,13,8.1,4,11,mainGameOrder20,0.562771,mainGameOrder17+mainGameOrder19,0.918519,0.387306,2,bundle_correct,bundle_correct,mainGameOrder17+mainGameOrder19,,0
p061,6,mainGameScenario6,Emeryville,Emeryville,mainGameOrder21,Sprouts Farmers Market,Oakland,19,12,2,6,mainGameOrder22,Sprouts Farmers Market,Oakland,22,8.25,2,6,mainGameOrder23,Sprouts Farmers Market,Oakland,24,8.25,6,6,mainGameOrder24,Sprouts Farmers Market,Oakland,18,9.75,2,6,mainGameOrder23,1.185185,mainGameOrder22,1.353846,0.124579,1,over_bundle,over_bundle,mainGameOrder22,,0
p061,7,mainGameScenario7,Oakland,Oakland,mainGameOrder25,Sprouts Farmers Market,Oakland,12,13.5,4,0,mainGameOrder26,Target,Emeryville,17,13.5,2,6,mainGameOrder27,Sprouts Farmers Market,Oakland,21,9,4,0,mainGameOrder28,Sprouts Farmers Market,Oakland,21,8.25,3,0,mainGameOrder28,1.866667,mainGameOrder28,1.866667,0,1,over_bundle,over_bundle,mainGameOrder28,,0
p061,8,mainGameScenario8,Oakland,Oakland,mainGameOrder29,Sprouts Farmers Market,Oakland,17,8.25,3,0,mainGameOrder30,Sprouts Farmers Market,Oakland,15,13.5,6,0,mainGameOrder31,Sprouts Farmers Market,Oakland,15,12.75,5,0,mainGameOrder32,Sprouts Farmers Market,Oakland,14,8.25,3,0,mainGameOrder32,1.244444,mainGameOrder29,1.511111,0.176471,1,over_bundle,over_bundle,mainGameOrder29,,0
p061,9,mainGameScenario9,Oakland,Oakland,mainGameOrder33,Safeway,Piedmont,12,8.1,3,5,mainGameOrder34,Target,Emeryville,17,15.3,6,6,mainGameOrder35,Safeway,Piedmont,12,11.1,5,5,mainGameOrder36,Safeway,Piedmont,13,11.1,5,5,mainGameOrder33+mainGameOrder35,0.779221,mainGameOrder33+mainGameOrder35+mainGameOrder36,0.839002,0.071253,3,bundle_correct,bundle_correct,mainGameOrder33+mainGameOrder35+mainGameOrder36,,0
p061,10,mainGameScenario10,Piedmont,Piedmont,mainGameOrder37,Safeway,Piedmont,14,8.1,5,0,mainGameOrder38,Safeway,Piedmont,20,8.1,6,0,mainGameOrder39,Safeway,Piedmont,19,7.4,6,0,mainGameOrder40,Safeway,Piedmont,23,11.8,2,0,mainGameOrder38,1.41844,mainGameOrder39+mainGameOrder40,1.673307,0.152313,2,bundle_correct,bundle_correct,mainGameOrder39+mainGameOrder40,,0
p061,11,mainGameScenario11,Piedmont,Piedmont,mainGameOrder41,Berkeley Bowl,Berkeley,13,7.8,2,11,mainGameOrder42,Target,Emeryville,19,7.8,2,8,mainGameOrder43,Target,Emeryville,18,8.7,5,8,mainGameOrder44,Target,Emeryville,15,13.5,3,8,mainGameOrder43,0.829493,mainGameOrder42+mainGameOrder43,1.20915,0.313987,2,bundle_correct,bundle_correct,mainGameOrder42+mainGameOrder43,,0
p061,12,mainGameScenario12,Emeryville,Emeryville,mainGameOrder45,Target,Emeryville,16,13.5,3,0,mainGameOrder46,Target,Emeryville,14,9.6,5,0,mainGameOrder47,Target,Emeryville,22,13.5,6,0,mainGameOrder48,Target,Emeryville,14,13.5,2,0,mainGameOrder46,0.958904,mainGameOrder45+mainGameOrder46+mainGameOrder47,1.150442,0.166491,3,bundle_correct,bundle_correct,mainGameOrder45+mainGameOrder46+mainGameOrder47,,0
p061,13,mainGameScenario13,Emeryville,Emeryville,mainGameOrder49,Target,Emeryville,24,11.7,2,0,mainGameOrder50,Berkeley Bowl,Berkeley,17,8.4,6,7,mainGameOrder51,Berkeley Bowl,Berkeley,14,7.8,5,7,mainGameOrder52,Target,Emeryville,12,9.6,5,0,mainGameOrder49,1.751825,mainGameOrder49,1.751825,0,1,over_bundle,over_bundle,mainGameOrder49,,0
p061,14,mainGameScenario14,Emeryville,Emeryville,mainGameOrder53,Target,Emeryville,21,13.5,6,0,mainGameOrder54,Target,Emeryville,14,13.5,5,0,mainGameOrder55,Target,Emeryville,22,13.5,6,0,mainGameOrder56,Target,Emeryville,18,7.8,6,0,mainGameOrder56,1.304348,mainGameOrder56,1.304348,0,1,over_bundle,over_bundle,mainGameOrder56,,0
p061,15,mainGameScenario15,Emeryville,Emeryville,mainGameOrder57,Safeway,Piedmont,22,7.4,4,8,mainGameOrder58,Sprouts Farmers Market,Oakland,18,13.5,2,6,mainGameOrder59,Safeway,Piedmont,17,7.4,4,8,mainGameOrder60,Safeway,Piedmont,22,11.8,5,8,mainGameOrder57,1.134021,mainGameOrder57+mainGameOrder59+mainGameOrder60,1.40553,0.193172,3,bundle_correct,bundle_correct,mainGameOrder57+mainGameOrder59+mainGameOrder60,,0
p061,16,mainGameScenario16,Piedmont,Piedmont,mainGameOrder61,Safeway,Piedmont,24,12.5,3,0,mainGameOrder62,Safeway,Piedmont,24,8.1,2,0,mainGameOrder63,Safeway,Piedmont,18,12.5,4,0,mainGameOrder64,Safeway,Piedmont,22,11.1,2,0,mainGameOrder62,2.376238,mainGameOrder62,2.376238,0,1,over_bundle,over_bundle,mainGameOrder62,,0
p061,17,mainGameScenario17,Piedmont,Piedmont,mainGameOrder65,Safeway,Piedmont,19,7.4,6,0,mainGameOrder66,Sprouts Farmers Market,Oakland,22,7.5,3,5,mainGameOrder67,Sprouts Farmers Market,Oakland,17,12.75,6,5,mainGameOrder68,Sprouts Farmers Market,Oakland,13,12.75,6,5,mainGameOrder65,1.41791,mainGameOrder66,1.419355,0.001018,1,over_bundle,over_bundle,mainGameOrder66,,0
p061,18,mainGameScenario18,Piedmont,Piedmont,mainGameOrder69,Sprouts Farmers Market,Oakland,14,8.25,5,5,mainGameOrder70,Sprouts Farmers Market,Oakland,13,8.25,3,5,mainGameOrder71,Sprouts Farmers Market,Oakland,22,14.25,3,5,mainGameOrder72,Sprouts Farmers Market,Oakland,19,9,4,5,mainGameOrder72,1.055556,mainGameOrder71+mainGameOrder72,1.242424,0.150407,2,bundle_correct,bundle_correct,mainGameOrder71+mainGameOrder72,,0
p061,19,mainGameScenario19,Oakland,Oakland,mainGameOrder73,Sprouts Farmers Market,Oakland,12,12.75,5,0,mainGameOrder74,Safeway,Piedmont,17,7.4,5,5,mainGameOrder75,Sprouts Farmers Market,Oakland,18,9,3,0,mainGameOrder76,Sprouts Farmers Market,Oakland,24,14.25,2,0,mainGameOrder76,1.476923,mainGameOrder75,1.5,0.015385,1,over_bundle,over_bundle,mainGameOrder75,,0
p061,20,mainGameScenario20,Oakland,Oakland,mainGameOrder77,Sprouts Farmers Market,Oakland,24,14.25,6,0,mainGameOrder78,Sprouts Farmers Market,Oakland,23,8.25,4,0,mainGameOrder79,Sprouts Farmers Market,Oakland,17,14.25,4,0,mainGameOrder80,Sprouts Farmers Market,Oakland,20,11.25,5,0,mainGameOrder78,1.877551,mainGameOrder78,1.877551,0,1,over_bundle,over_bundle,mainGameOrder78,,0
p061,21,mainGameScenario21,Oakland,Oakland,mainGameOrder81,Safeway,Piedmont,20,8.1,4,5,mainGameOrder82,Safeway,Piedmont,17,12.5,2,5,mainGameOrder83,Berkeley Bowl,Berkeley,24,7.8,3,10,mainGameOrder84,Safeway,Piedmont,21,7.4,3,5,mainGameOrder83,1.153846,mainGameOrder81+mainGameOrder84,1.570881,0.265478,2,bundle_correct,bundle_correct,mainGameOrder81+mainGameOrder84,,0
p061,22,mainGameScenario22,Berkeley,Berkeley,mainGameOrder85,Safeway,Piedmont,17,8.1,2,11,mainGameOrder86,Safeway,Piedmont,22,8.1,3,11,mainGameOrder87,Safeway,Piedmont,19,11.1,2,11,mainGameOrder88,Safeway,Piedmont,16,7.4,2,11,mainGameOrder86,0.995475,mainGameOrder86+mainGameOrder88,1.292517,0.229817,2,bundle_correct,bundle_correct,mainGameOrder86+mainGameOrder88,,0
p062,1,mainGameScenario1,Berkeley,Berkeley,mainGameOrder1,Berkeley Bowl,Berkeley,22,7.8,3,0,mainGameOrder2,Berkeley Bowl,Berkeley,22,8.4,6,0,mainGameOrder3,Berkeley Bowl,Berkeley,15,9,4,0,mainGameOrder4,Sprouts Farmers Market,Oakland,18,9.75,2,10,mainGameOrder1+mainGameOrder2+mainGameOrder3,1.676136,mainGameOrder1,2.037037,0.177169,1,over_bundle,over_bundle,mainGameOrder1,,0
p062,2,mainGameScenario2,Berkeley,Berkeley,mainGameOrder5,Berkeley Bowl,Berkeley,24,12,5,0,mainGameOrder6,Berkeley Bowl,Berkeley,15,11.4,4,0,mainGameOrder7,Berkeley Bowl,Berkeley,15,12,2,0,mainGameOrder8,Berkeley Bowl,Berkeley,20,7.8,3,0,mainGameOrder5+mainGameOrder7+mainGameOrder8,1.520619,mainGameOrder8,1.851852,0.178866,1,over_bundle,over_bundle,mainGameOrder8,,0
p062,3,mainGameScenario3,Berkeley,Berkeley,mainGameOrder9,Berkeley Bowl,Berkeley,15,13.2,3,0,mainGameOrder10,Sprouts Farmers Market,Oakland,23,12.75,3,10,mainGameOrder11,Berkeley Bowl,Berkeley,23,12,6,0,mainGameOrder12,Berkeley Bowl,Berkeley,16,7.8,6,0,mainGameOrder11+mainGameOrder9+mainGameOrder12,1.216216,mainGameOrder11,1.277778,0.048179,1,over_bundle,over_bundle,mainGameOrder11,,0
p062,4,mainGameScenario4,Berkeley,Berkeley,mainGameOrder13,Berkeley Bowl,Berkeley,17,7.2,4,0,mainGameOrder14,Berkeley Bowl,Berkeley,17,7.8,2,0,mainGameOrder15,Berkeley Bowl,Berkeley,20,12,2,0,mainGameOrder16,Berkeley Bowl,Berkeley,16,11.4,6,0,mainGameOrder15+mainGameOrder16+mainGameOrder14,1.387435,mainGameOrder14,1.734694,0.200185,1,over_bundle,over_bundle,mainGameOrder14,,0
p062,5,mainGameScenario5,Berkeley,Berkeley,mainGameOrder17,Sprouts Farmers Market,Oakland,14,7.5,4,10,mainGameOrder18,Safeway,Piedmont,20,12.5,5,11,mainGameOrder19,Sprouts Farmers Market,Oakland,17,8.25,4,10,mainGameOrder20,Safeway,Piedmont,13,8.1,4,11,mainGameOrder18+mainGameOrder20,0.841837,mainGameOrder17+mainGameOrder19,0.918519,0.083484,2,bundle_correct,bundle_correct,mainGameOrder17+mainGameOrder19,,0
p062,6,mainGameScenario6,Piedmont,Piedmont,mainGameOrder21,Sprouts Farmers Market,Oakland,19,12,2,5,mainGameOrder22,Sprouts Farmers Market,Oakland,22,8.25,2,5,mainGameOrder23,Sprouts Farmers Market,Oakland,24,8.25,6,5,mainGameOrder24,Sprouts Farmers Market,Oakland,18,9.75,2,5,mainGameOrder24+mainGameOrder23,1.38843,mainGameOrder22,1.442623,0.037566,1,over_bundle,over_bundle,mainGameOrder22,,0
p062,7,mainGameScenario7,Oakland,Oakland,mainGameOrder25,Sprouts Farmers Market,Oakland,12,13.5,4,0,mainGameOrder26,Target,Emeryville,17,13.5,2,6,mainGameOrder27,Sprouts Farmers Market,Oakland,21,9,4,0,mainGameOrder28,Sprouts Farmers Market,Oakland,21,8.25,3,0,mainGameOrder25+mainGameOrder27+mainGameOrder28,1.367089,mainGameOrder28,1.866667,0.267631,1,over_bundle,over_bundle,mainGameOrder28,,0
p062,8,mainGameScenario8,Oakland,Oakland,mainGameOrder29,Sprouts Farmers Market,Oakland,17,8.25,3,0,mainGameOrder30,Sprouts Farmers Market,Oakland,15,13.5,6,0,mainGameOrder31,Sprouts Farmers Market,Oakland,15,12.75,5,0,mainGameOrder32,Sprouts Farmers Market,Oakland,14,8.25,3,0,mainGameOrder32+mainGameOrder31+mainGameOrder30,0.951351,mainGameOrder29,1.511111,0.370429,1,over_bundle,over_bundle,mainGameOrder29,,0
p062,9,mainGameScenario9,Oakland,Oakland,mainGameOrder33,Safeway,Piedmont,12,8.1,3,5,mainGameOrder34,Target,Emeryville,17,15.3,6,6,mainGameOrder35,Safeway,Piedmont,12,11.1,5,5,mainGameOrder36,Safeway,Piedmont,13,11.1,5,5,mainGameOrder33+mainGameOrder35+mainGameOrder36,0.839002,mainGameOrder33+mainGameOrder35+mainGameOrder36,0.839002,0,3,bundle_correct,bundle_correct,mainGameOrder33+mainGameOrder35+mainGameOrder36,,0
p062,10,mainGameScenario10,Piedmont,Piedmont,mainGameOrder37,Safeway,Piedmont,14,8.1,5,0,mainGameOrder38,Safeway,Piedmont,20,8.1,6,0,mainGameOrder39,Safeway,Piedmont,19,7.4,6,0,mainGameOrder40,Safeway,Piedmont,23,11.8,2,0,mainGameOrder40+mainGameOrder38+mainGameOrder39,1.671159,mainGameOrder39+mainGameOrder40,1.673307,0.001284,2,bundle_correct,bundle_correct,mainGameOrder39+mainGameOrder40,,0
p062,11,mainGameScenario11,Piedmont,Piedmont,mainGameOrder41,Berkeley Bowl,Berkeley,13,7.8,2,11,mainGameOrder42,Target,Emeryville,19,7.8,2,8,mainGameOrder43,Target,Emeryville,18,8.7,5,8,mainGameOrder44,Target,Emeryville,15,13.5,3,8,mainGameOrder43+mainGameOrder44+mainGameOrder42,1.195402,mainGameOrder42+mainGameOrder43,1.20915,0.01137,2,bundle_correct,bundle_correct,mainGameOrder42+mainGameOrder43,,0
p062,12,mainGameScenario12,Emeryville,Emeryville,mainGameOrder45,Target,Emeryville,16,13.5,3,0,mainGameOrder46,Target,Emeryville,14,9.6,5,0,mainGameOrder47,Target,Emeryville,22,13.5,6,0,mainGameOrder48,Target,Emeryville,14,13.5,2,0,mainGameOrder47+mainGameOrder48+mainGameOrder46,1.086957,mainGameOrder45+mainGameOrder46+mainGameOrder47,1.150442,0.055184,3,bundle_correct,bundle_correct,mainGameOrder45+mainGameOrder46+mainGameOrder47,,0
p062,13,mainGameScenario13,Emeryville,Emeryville,mainGameOrder49,Target,Emeryville,24,11.7,2,0,mainGameOrder50,Berkeley Bowl,Berkeley,17,8.4,6,7,mainGameOrder51,Berkeley Bowl,Berkeley,14,7.8,5,7,mainGameOrder52,Target,Emeryville,12,9.6,5,0,mainGameOrder52+mainGameOrder49,1.358491,mainGameOrder49,1.751825,0.224528,1,over_bundle,over_bundle,mainGameOrder49,,0
p062,14,mainGameScenario14,Emeryville,Emeryville,mainGameOrder53,Target,Emeryville,21,13.5,6,0,mainGameOrder54,Target,Emeryville,14,13.5,5,0,mainGameOrder55,Target,Emeryville,22,13.5,6,0,mainGameOrder56,Target,Emeryville,18,7.8,6,0,mainGameOrder53+mainGameOrder54+mainGameOrder55,1.175258,mainGameOrder56,1.304348,0.098969,1,over_bundle,over_bundle,mainGameOrder56,,0
p063,1,mainGameScenario1,Berkeley,,mainGameOrder1,Berkeley Bowl,Berkeley,22,7.8,3,0,mainGameOrder2,Berkeley Bowl,Berkeley,22,8.4,6,0,mainGameOrder3,Berkeley Bowl,Berkeley,15,9,4,0,mainGameOrder4,Sprouts Farmers Market,Oakland,18,9.75,2,10,mainGameOrder1+mainGameOrder2,1.788618,mainGameOrder1,2.037037,0.121951,1,over_bundle,over_bundle,,,0
p063,2,mainGameScenario2,Berkeley,,mainGameOrder5,Berkeley Bowl,Berkeley,24,12,5,0,mainGameOrder6,Berkeley Bowl,Berkeley,15,11.4,4,0,mainGameOrder7,Berkeley Bowl,Berkeley,15,12,2,0,mainGameOrder8,Berkeley Bowl,Berkeley,20,7.8,3,0,mainGameOrder5+mainGameOrder8,1.654135,mainGameOrder8,1.851852,0.106767,1,over_bundle,over_bundle,,,0
p063,3,mainGameScenario3,Berkeley,,mainGameOrder9,Berkeley Bowl,Berkeley,15,13.2,3,0,mainGameOrder10,Sprouts Farmers Market,Oakland,23,12.75,3,10,mainGameOrder11,Berkeley Bowl,Berkeley,23,12,6,0,mainGameOrder12,Berkeley Bowl,Berkeley,16,7.8,6,0,mainGameOrder11+mainGameOrder12,1.25,mainGameOrder11,1.277778,0.021739,1,over_bundle,over_bundle,,,0
p063,4,mainGameScenario4,Berkeley,,mainGameOrder13,Berkeley Bowl,Berkeley,17,7.2,4,0,mainGameOrder14,Berkeley Bowl,Berkeley,17,7.8,2,0,mainGameOrder15,Berkeley Bowl,Berkeley,20,12,2,0,mainGameOrder16,Berkeley Bowl,Berkeley,16,11.4,6,0,mainGameOrder14+mainGameOrder15,1.637168,mainGameOrder14,1.734694,0.056221,1,over_bundle,over_bundle,,,0
p063,5,mainGameScenario5,Berkeley,,mainGameOrder17,Sprouts Farmers Market,Oakland,14,7.5,4,10,mainGameOrder18,Safeway,Piedmont,20,12.5,5,11,mainGameOrder19,Sprouts Farmers Market,Oakland,17,8.25,4,10,mainGameOrder20,Safeway,Piedmont,13,8.1,4,11,mainGameOrder20+mainGameOrder18,0.841837,mainGameOrder17+mainGameOrder19,0.918519,0.083484,2,bundle_correct,bundle_correct,,,0
p063,6,mainGameScenario6,Piedmont,,mainGameOrder21,Sprouts Farmers Market,Oakland,19,12,2,5,mainGameOrder22,Sprouts Farmers Market,Oakland,22,8.25,2,5,mainGameOrder23,Sprouts Farmers Market,Oakland,24,8.25,6,5,mainGameOrder24,Sprouts Farmers Market,Oakland,18,9.75,2,5,mainGameOrder23+mainGameOrder22,1.6,mainGameOrder22,1.442623,0,1,over_bundle,over_bundle,,,0
p063,7,mainGameScenario7,Oakland,,mainGameOrder25,Sprouts Farmers Market,Oakland,12,13.5,4,0,mainGameOrder26,Target,Emeryville,17,13.5,2,6,mainGameOrder27,Sprouts Farmers Market,Oakland,21,9,4,0,mainGameOrder28,Sprouts Farmers Market,Oakland,21,8.25,3,0,mainGameOrder28+mainGameOrder27,1.787234,mainGameOrder28,1.866667,0.042553,1,over_bundle,over_bundle,,,0
p063,8,mainGameScenario8,Oakland,,mainGameOrder29,Sprouts Farmers Market,Oakland,17,8.25,3,0,mainGameOrder30,Sprouts Farmers Market,Oakland,15,13.5,6,0,mainGameOrder31,Sprouts Farmers Market,Oakland,15,12.75,5,0,mainGameOrder32,Sprouts Farmers Market,Oakland,14,8.25,3,0,mainGameOrder29+mainGameOrder32,1.47619,mainGameOrder29,1.511111,0.023109,1,over_bundle,over_bundle,,,0
p063,9,mainGameScenario9,Oakland,,mainGameOrder33,Safeway,Piedmont,12,8.1,3,5,mainGameOrder34,Target,Emeryville,17,15.3,6,6,mainGameOrder35,Safeway,Piedmont,12,11.1,5,5,mainGameOrder36,Safeway,Piedmont,13,11.1,5,5,mainGameOrder36+mainGameOrder33,0.811688,mainGameOrder33+mainGameOrder35+mainGameOrder36,0.839002,0.032555,3,bundle_correct,bundle_correct,,,0
p063,10,mainGameScenario10,Piedmont,,mainGameOrder37,Safeway,Piedmont,14,8.1,5,0,mainGameOrder38,Safeway,Piedmont,20,8.1,6,0,mainGameOrder39,Safeway,Piedmont,19,7.4,6,0,mainGameOrder40,Safeway,Piedmont,23,11.8,2,0,mainGameOrder40+mainGameOrder38,1.666667,mainGameOrder39+mainGameOrder40,1.673307,0.003968,2,bundle_correct,bundle_correct,,,0
p063,11,mainGameScenario11,Piedmont,,mainGameOrder41,Berkeley Bowl,Berkeley,13,7.8,2,11,mainGameOrder42,Target,Emeryville,19,7.8,2,8,mainGameOrder43,Target,Emeryville,18,8.7,5,8,mainGameOrder44,Target,Emeryville,15,13.5,3,8,mainGameOrder42+mainGameOrder43,1.20915,mainGameOrder42+mainGameOrder43,1.20915,0,2,bundle_correct,bundle_correct,,,0
p063,12,mainGameScenario12,Emeryville,,mainGameOrder45,Target,Emeryville,16,13.5,3,0,mainGameOrder46,Target,Emeryville,14,9.6,5,0,mainGameOrder47,Target,Emeryville,22,13.5,6,0,mainGameOrder48,Target,Emeryville,14,13.5,2,0,mainGameOrder47+mainGameOrder48+mainGameOrder45,1.150442,mainGameOrder45+mainGameOrder46+mainGameOrder47,1.150442,0,3,bundle_correct,bundle_correct,,,0
p063,13,mainGameScenario13,Emeryville,,mainGameOrder49,Target,Emeryville,24,11.7,2,0,mainGameOrder50,Berkeley Bowl,Berkeley,17,8.4,6,7,mainGameOrder51,Berkeley Bowl,Berkeley,14,7.8,5,7,mainGameOrder52,Target,Emeryville,12,9.6,5,0,mainGameOrder50+mainGameOrder51,0.939394,mainGameOrder49,1.751825,0.463763,1,over_bundle,over_bundle,,,0
p063,14,mainGameScenario14,Berkeley,,mainGameOrder53,Target,Emeryville,21,13.5,6,7,mainGameOrder54,Target,Emeryville,14,13.5,5,7,mainGameOrder55,Target,Emeryville,22,13.5,6,7,mainGameOrder56,Target,Emeryville,18,7.8,6,7,mainGameOrder55+mainGameOrder53+mainGameOrder56,1.103074,mainGameOrder56,0.865385,0,1,over_bundle,over_bundle,,,0
p063,15,mainGameScenario15,Emeryville,,mainGameOrder57,Safeway,Piedmont,22,7.4,4,8,mainGameOrder58,Sprouts Farmers Market,Oakland,18,13.5,2,6,mainGameOrder59,Safeway,Piedmont,17,7.4,4,8,mainGameOrder60,Safeway,Piedmont,22,11.8,5,8,mainGameOrder60+mainGameOrder57,1.290323,mainGameOrder57+mainGameOrder59+mainGameOrder60,1.40553,0.081967,3,bundle_correct,bundle_correct,,,0
p063,16,mainGameScenario16,Piedmont,,mainGameOrder61,Safeway,Piedmont,24,12.5,3,0,mainGameOrder62,Safeway,Piedmont,24,8.1,2,0,mainGameOrder63,Safeway,Piedmont,18,12.5,4,0,mainGameOrder64,Safeway,Piedmont,22,11.1,2,0,mainGameOrder61+mainGameOrder62+mainGameOrder63,1.741425,mainGameOrder62,2.376238,0.26715,1,over_bundle,over_bundle,,,0
p064,1,mainGameScenario1,Berkeley,,mainGameOrder1,Berkeley Bowl,Berkeley,22,7.8,3,0,mainGameOrder2,Berkeley Bowl,Berkeley,22,8.4,6,0,mainGameOrder3,Berkeley Bowl,Berkeley,15,9,4,0,mainGameOrder4,Sprouts Farmers Market,Oakland,18,9.75,2,10,mainGameOrder3,1.153846,mainGameOrder1,2.037037,0.433566,1,over_bundle,over_bundle,,,0
p065,1,mainGameScenario1,Berkeley,,mainGameOrder1,Berkeley Bowl,Berkeley,22,7.8,3,0,mainGameOrder2,Berkeley Bowl,Berkeley,22,8.4,6,0,mainGameOrder3,Berkeley Bowl,Berkeley,15,9,4,0,mainGameOrder4,Sprouts Farmers Market,Oakland,18,9.75,2,10,mainGameOrder1+mainGameOrder2,1.788618,mainGameOrder1,2.037037,0.121951,1,over_bundle,over_bundle,,,0
p065,2,mainGameScenario2,Berkeley,,mainGameOrder5,Berkeley Bowl,Berkeley,24,12,5,0,mainGameOrder6,Berkeley Bowl,Berkeley,15,11.4,4,0,mainGameOrder7,Berkeley Bowl,Berkeley,15,12,2,0,mainGameOrder8,Berkeley Bowl,Berkeley,20,7.8,3,0,mainGameOrder5+mainGameOrder8,1.654135,mainGameOrder8,1.851852,0.106767,1,over_bundle,over_bundle,,,0
p065,3,mainGameScenario3,Berkeley,,mainGameOrder9,Berkeley Bowl,Berkeley,15,13.2,3,0,mainGameOrder10,Sprouts Farmers Market,Oakland,23,12.75,3,10,mainGameOrder11,Berkeley Bowl,Berkeley,23,12,6,0,mainGameOrder12,Berkeley Bowl,Berkeley,16,7.8,6,0,mainGameOrder12+mainGameOrder11+mainGameOrder9,1.216216,mainGameOrder11,1.277778,0.048179,1,over_bundle,over_bundle,,,0
p065,4,mainGameScenario4,Berkeley,,mainGameOrder13,Berkeley Bowl,Berkeley,17,7.2,4,0,mainGameOrder14,Berkeley Bowl,Berkeley,17,7.8,2,0,mainGameOrder15,Berkeley Bowl,Berkeley,20,12,2,0,mainGameOrder16,Berkeley Bowl,Berkeley,16,11.4,6,0,mainGameOrder13+mainGameOrder15+mainGameOrder14,1.6875,mainGameOrder14,1.734694,0.027206,1,over_bundle,over_bundle,,,0
p065,5,mainGameScenario5,Berkeley,,mainGameOrder17,Sprouts Farmers Market,Oakland,14,7.5,4,10,mainGameOrder18,Safeway,Piedmont,20,12.5,5,11,mainGameOrder19,Sprouts Farmers Market,Oakland,17,8.25,4,10,mainGameOrder20,Safeway,Piedmont,13,8.1,4,11,mainGameOrder19+mainGameOrder17,0.918519,mainGameOrder17+mainGameOrder19,0.918519,0,2,bundle_correct,bundle_correct,,,0
p065,6,mainGameScenario6,Oakland,,mainGameOrder21,Sprouts Farmers Market,Oakland,19,12,2,0,mainGameOrder22,Sprouts Farmers Market,Oakland,22,8.25,2,0,mainGameOrder23,Sprouts Farmers Market,Oakland,24,8.25,6,0,mainGameOrder24,Sprouts Farmers Market,Oakland,18,9.75,2,0,mainGameOrder22+mainGameOrder24+mainGameOrder23,1.841727,mainGameOrder22,2.146341,0.141923,1,over_bundle,over_bundle,,,0
p065,7,mainGameScenario7,Oakland,,mainGameOrder25,Sprouts Farmers Market,Oakland,12,13.5,4,0,mainGameOrder26,Target,Emeryville,17,13.5,2,6,mainGameOrder27,Sprouts Farmers Market,Oakland,21,9,4,0,mainGameOrder28,Sprouts Farmers Market,Oakland,21,8.25,3,0,mainGameOrder28+mainGameOrder27,1.787234,mainGameOrder28,1.866667,0.042553,1,over_bundle,over_bundle,,,0
p065,8,mainGameScenario8,Oakland,,mainGameOrder29,Sprouts Farmers Market,Oakland,17,8.25,3,0,mainGameOrder30,Sprouts Farmers Market,Oakland,15,13.5,6,0,mainGameOrder31,Sprouts Farmers Market,Oakland,15,12.75,5,0,mainGameOrder32,Sprouts Farmers Market,Oakland,14,8.25,3,0,mainGameOrder32+mainGameOrder29,1.47619,mainGameOrder29,1.511111,0.023109,1,over_bundle,over_bundle,,,0
p065,9,mainGameScenario9,Oakland,,mainGameOrder33,Safeway,Piedmont,12,8.1,3,5,mainGameOrder34,Target,Emeryville,17,15.3,6,6,mainGameOrder35,Safeway,Piedmont,12,11.1,5,5,mainGameOrder36,Safeway,Piedmont,13,11.1,5,5,mainGameOrder36+mainGameOrder35+mainGameOrder33,0.839002,mainGameOrder33+mainGameOrder35+mainGameOrder36,0.839002,0,3,bundle_correct,bundle_correct,,,0
p065,10,mainGameScenario10,Piedmont,,mainGameOrder37,Safeway,Piedmont,14,8.1,5,0,mainGameOrder38,Safeway,Piedmont,20,8.1,6,0,mainGameOrder39,Safeway,Piedmont,19,7.4,6,0,mainGameOrder40,Safeway,Piedmont,23,11.8,2,0,mainGameOrder38+mainGameOrder39+mainGameOrder40,1.671159,mainGameOrder39+mainGameOrder40,1.673307,0.001284,2,bundle_correct,bundle_correct,,,0
p065,11,mainGameScenario11,Piedmont,,mainGameOrder41,Berkeley Bowl,Berkeley,13,7.8,2,11,mainGameOrder42,Target,Emeryville,19,7.8,2,8,mainGameOrder43,Target,Emeryville,18,8.7,5,8,mainGameOrder44,Target,Emeryville,15,13.5,3,8,mainGameOrder43+mainGameOrder42+mainGameOrder44,1.195402,mainGameOrder42+mainGameOrder43,1.20915,0.01137,2,bundle_correct,bundle_correct,,,0
p065,12,mainGameScenario12,Emeryville,,mainGameOrder45,Target,Emeryville,16,13.5,3,0,mainGameOrder46,Target,Emeryville,14,9.6,5,0,mainGameOrder47,Target,Emeryville,22,13.5,6,0,mainGameOrder48,Target,Emeryville,14,13.5,2,0,mainGameOrder46+mainGameOrder45+mainGameOrder47,1.150442,mainGameOrder45+mainGameOrder46+mainGameOrder47,1.150442,0,3,bundle_correct,bundle_correct,,,0
p065,13,mainGameScenario13,Emeryville,,mainGameOrder49,Target,Emeryville,24,11.7,2,0,mainGameOrder50,Berkeley Bowl,Berkeley,17,8.4,6,7,mainGameOrder51,Berkeley Bowl,Berkeley,14,7.8,5,7,mainGameOrder52,Target,Emeryville,12,9.6,5,0,mainGameOrder50+mainGameOrder51,0.939394,mainGameOrder49,1.751825,0.463763,1,over_bundle,over_bundle,,,0
p065,14,mainGameScenario14,Berkeley,,mainGameOrder53,Target,Emeryville,21,13.5,6,7,mainGameOrder54,Target,Emeryville,14,13.5,5,7,mainGameOrder55,Target,Emeryville,22,13.5,6,7,mainGameOrder56,Target,Emeryville,18,7.8,6,7,mainGameOrder55+mainGameOrder54+mainGameOrder53,1.027027,mainGameOrder56,0.865385,0,1,over_bundle,over_bundle,,,0
p065,15,mainGameScenario15,Emeryville,,mainGameOrder57,Safeway,Piedmont,22,7.4,4,8,mainGameOrder58,Sprouts Farmers Market,Oakland,18,13.5,2,6,mainGameOrder59,Safeway,Piedmont,17,7.4,4,8,mainGameOrder60,Safeway,Piedmont,22,11.8,5,8,mainGameOrder57+mainGameOrder59+mainGameOrder60,1.40553,mainGameOrder57+mainGameOrder59+mainGameOrder60,1.40553,0,3,bundle_correct,bundle_correct,,,0
p065,16,mainGameScenario16,Piedmont,,mainGameOrder61,Safeway,Piedmont,24,12.5,3,0,mainGameOrder62,Safeway,Piedmont,24,8.1,2,0,mainGameOrder63,Safeway,Piedmont,18,12.5,4,0,mainGameOrder64,Safeway,Piedmont,22,11.1,2,0,mainGameOrder64+mainGameOrder62+mainGameOrder61,2.028986,mainGameOrder62,2.376238,0.146135,1,over_bundle,over_bundle,,,0
p065,17,mainGameScenario17,Piedmont,,mainGameOrder65,Safeway,Piedmont,19,7.4,6,0,mainGameOrder66,Sprouts Farmers Market,Oakland,22,7.5,3,5,mainGameOrder67,Sprouts Farmers Market,Oakland,17,12.75,6,5,mainGameOrder68,Sprouts Farmers Market,Oakland,13,12.75,6,5,mainGameOrder65,1.41791,mainGameOrder66,1.419355,0.001018,1,over_bundle,over_bundle,,,0
p065,18,mainGameScenario18,Piedmont,,mainGameOrder69,Sprouts Farmers Market,Oakland,14,8.25,5,5,mainGameOrder70,Sprouts Farmers Market,Oakland,13,8.25,3,5,mainGameOrder71,Sprouts Farmers Market,Oakland,22,14.25,3,5,mainGameOrder72,Sprouts Farmers Market,Oakland,19,9,4,5,mainGameOrder71+mainGameOrder69+mainGameOrder72,1.208791,mainGameOrder71+mainGameOrder72,1.242424,0.02707,2,bundle_correct,bundle_correct,,,0
p065,19,mainGameScenario19,Oakland,,mainGameOrder73,Sprouts Farmers Market,Oakland,12,12.75,5,0,mainGameOrder74,Safeway,Piedmont,17,7.4,5,5,mainGameOrder75,Sprouts Farmers Market,Oakland,18,9,3,0,mainGameOrder76,Sprouts Farmers Market,Oakland,24,14.25,2,0,mainGameOrder76+mainGameOrder75+mainGameOrder73,1.255814,mainGameOrder75,1.5,0.162791,1,over_bundle,over_bundle,,,0
p065,20,mainGameScenario20,Oakland,,mainGameOrder77,Sprouts Farmers Market,Oakland,24,14.25,6,0,mainGameOrder78,Sprouts Farmers Market,Oakland,23,8.25,4,0,mainGameOrder79,Sprouts Farmers Market,Oakland,17,14.25,4,0,mainGameOrder80,Sprouts Farmers Market,Oakland,20,11.25,5,0,mainGameOrder80+mainGameOrder78+mainGameOrder77,1.464481,mainGameOrder78,1.877551,0.220005,1,over_bundle,over_bundle,,,0
p066,1,mainGameScenario1,Berkeley,Berkeley,mainGameOrder1,Berkeley Bowl,Berkeley,22,7.8,3,0,mainGameOrder2,Berkeley Bowl,Berkeley,22,8.4,6,0,mainGameOrder3,Berkeley Bowl,Berkeley,15,9,4,0,mainGameOrder4,Sprouts Farmers Market,Oakland,18,9.75,2,10,mainGameOrder1+mainGameOrder3+mainGameOrder2,1.676136,mainGameOrder1,2.037037,0.177169,1,over_bundle,over_bundle,mainGameOrder1,0.177169,0
p066,2,mainGameScenario2,Berkeley,Berkeley,mainGameOrder5,Berkeley Bowl,Berkeley,24,12,5,0,mainGameOrder6,Berkeley Bowl,Berkeley,15,11.4,4,0,mainGameOrder7,Berkeley Bowl,Berkeley,15,12,2,0,mainGameOrder8,Berkeley Bowl,Berkeley,20,7.8,3,0,mainGameOrder8+mainGameOrder5+mainGameOrder7,1.520619,mainGameOrder8,1.851852,0.178866,1,over_bundle,over_bundle,mainGameOrder8,0.178866,0
p066,3,mainGameScenario3,Berkeley,Berkeley,mainGameOrder9,Berkeley Bowl,Berkeley,15,13.2,3,0,mainGameOrder10,Sprouts Farmers Market,Oakland,23,12.75,3,10,mainGameOrder11,Berkeley Bowl,Berkeley,23,12,6,0,mainGameOrder12,Berkeley Bowl,Berkeley,16,7.8,6,0,mainGameOrder11+mainGameOrder12+mainGameOrder9,1.216216,mainGameOrder11,1.277778,0.048179,1,over_bundle,over_bundle,mainGameOrder11,0.048179,0
p066,4,mainGameScenario4,Berkeley,Berkeley,mainGameOrder13,Berkeley Bowl,Berkeley,17,7.2,4,0,mainGameOrder14,Berkeley Bowl,Berkeley,17,7.8,2,0,mainGameOrder15,Berkeley Bowl,Berkeley,20,12,2,0,mainGameOrder16,Berkeley Bowl,Berkeley,16,11.4,6,0,mainGameOrder14+mainGameOrder13+mainGameOrder15,1.6875,mainGameOrder14,1.734694,0.027206,1,over_bundle,over_bundle,mainGameOrder14,0.027206,0
p066,5,mainGameScenario5,Berkeley,Berkeley,mainGameOrder17,Sprouts Farmers Market,Oakland,14,7.5,4,10,mainGameOrder18,Safeway,Piedmont,20,12.5,5,11,mainGameOrder19,Sprouts Farmers Market,Oakland,17,8.25,4,10,mainGameOrder20,Safeway,Piedmont,13,8.1,4,11,mainGameOrder18+mainGameOrder20,0.841837,mainGameOrder17+mainGameOrder19,0.918519,0.083484,2,bundle_correct,bundle_correct,mainGameOrder17+mainGameOrder19,0.083484,0
p066,6,mainGameScenario6,Piedmont,Piedmont,mainGameOrder21,Sprouts Farmers Market,Oakland,19,12,2,5,mainGameOrder22,Sprouts Farmers Market,Oakland,22,8.25,2,5,mainGameOrder23,Sprouts Farmers Market,Oakland,24,8.25,6,5,mainGameOrder24,Sprouts Farmers Market,Oakland,18,9.75,2,5,mainGameOrder22+mainGameOrder23+mainGameOrder21,1.604938,mainGameOrder22,1.442623,0,1,over_bundle,over_bundle,mainGameOrder22,0,0
p066,7,mainGameScenario7,Oakland,Oakland,mainGameOrder25,Sprouts Farmers Market,Oakland,12,13.5,4,0,mainGameOrder26,Target,Emeryville,17,13.5,2,6,mainGameOrder27,Sprouts Farmers Market,Oakland,21,9,4,0,mainGameOrder28,Sprouts Farmers Market,Oakland,21,8.25,3,0,mainGameOrder28+mainGameOrder27+mainGameOrder25,1.367089,mainGameOrder28,1.866667,0.267631,1,over_bundle,over_bundle,mainGameOrder28,0.267631,0
p066,8,mainGameScenario8,Oakland,Oakland,mainGameOrder29,Sprouts Farmers Market,Oakland,17,8.25,3,0,mainGameOrder30,Sprouts Farmers Market,Oakland,15,13.5,6,0,mainGameOrder31,Sprouts Farmers Market,Oakland,15,12.75,5,0,mainGameOrder32,Sprouts Farmers Market,Oakland,14,8.25,3,0,mainGameOrder30+mainGameOrder29+mainGameOrder31,1.016216,mainGameOrder29,1.511111,0.327504,1,over_bundle,over_bundle,mainGameOrder29,0.327504,0
p066,9,mainGameScenario9,Oakland,Oakland,mainGameOrder33,Safeway,Piedmont,12,8.1,3,5,mainGameOrder34,Target,Emeryville,17,15.3,6,6,mainGameOrder35,Safeway,Piedmont,12,11.1,5,5,mainGameOrder36,Safeway,Piedmont,13,11.1,5,5,mainGameOrder33+mainGameOrder35+mainGameOrder36,0.839002,mainGameOrder33+mainGameOrder35+mainGameOrder36,0.839002,0,3,bundle_correct,bundle_correct,mainGameOrder33+mainGameOrder35+mainGameOrder36,0,0
p066,10,mainGameScenario10,Piedmont,Piedmont,mainGameOrder37,Safeway,Piedmont,14,8.1,5,0,mainGameOrder38,Safeway,Piedmont,20,8.1,6,0,mainGameOrder39,Safeway,Piedmont,19,7.4,6,0,mainGameOrder40,Safeway,Piedmont,23,11.8,2,0,mainGameOrder38+mainGameOrder40+mainGameOrder39,1.671159,mainGameOrder39+mainGameOrder40,1.673307,0.001284,2,bundle_correct,bundle_correct,mainGameOrder39+mainGameOrder40,0.001284,0
p066,11,mainGameScenario11,Piedmont,Piedmont,mainGameOrder41,Berkeley Bowl,Berkeley,13,7.8,2,11,mainGameOrder42,Target,Emeryville,19,7.8,2,8,mainGameOrder43,Target,Emeryville,18,8.7,5,8,mainGameOrder44,Target,Emeryville,15,13.5,3,8,mainGameOrder42+mainGameOrder44+mainGameOrder43,1.195402,mainGameOrder42+mainGameOrder43,1.20915,0.01137,2,bundle_correct,bundle_correct,mainGameOrder42+mainGameOrder43,0.01137,0
p066,12,mainGameScenario12,Emeryville,Emeryville,mainGameOrder45,Target,Emeryville,16,13.5,3,0,mainGameOrder46,Target,Emeryville,14,9.6,5,0,mainGameOrder47,Target,Emeryville,22,13.5,6,0,mainGameOrder48,Target,Emeryville,14,13.5,2,0,mainGameOrder46,0.958904,mainGameOrder45+mainGameOrder46+mainGameOrder47,1.150442,0.166491,3,bundle_correct,bundle_correct,mainGameOrder45+mainGameOrder46+mainGameOrder47,0.166491,0
p067,1,mainGameScenario1,Berkeley,,mainGameOrder1,Berkeley Bowl,Berkeley,22,7.8,3,0,mainGameOrder2,Berkeley Bowl,Berkeley,22,8.4,6,0,mainGameOrder3,Berkeley Bowl,Berkeley,15,9,4,0,mainGameOrder4,Sprouts Farmers Market,Oakland,18,9.75,2,10,mainGameOrder2+mainGameOrder1,1.788618,mainGameOrder1,2.037037,0.121951,1,over_bundle,over_bundle,,,0
p067,2,mainGameScenario2,Berkeley,,mainGameOrder5,Berkeley Bowl,Berkeley,24,12,5,0,mainGameOrder6,Berkeley Bowl,Berkeley,15,11.4,4,0,mainGameOrder7,Berkeley Bowl,Berkeley,15,12,2,0,mainGameOrder8,Berkeley Bowl,Berkeley,20,7.8,3,0,mainGameOrder5+mainGameOrder8,1.654135,mainGameOrder8,1.851852,0.106767,1,over_bundle,over_bundle,,,0
p067,3,mainGameScenario3,Berkeley,,mainGameOrder9,Berkeley Bowl,Berkeley,15,13.2,3,0,mainGameOrder10,Sprouts Farmers Market,Oakland,23,12.75,3,10,mainGameOrder11,Berkeley Bowl,Berkeley,23,12,6,0,mainGameOrder12,Berkeley Bowl,Berkeley,16,7.8,6,0,mainGameOrder11+mainGameOrder12+mainGameOrder9,1.216216,mainGameOrder11,1.277778,0.048179,1,over_bundle,over_bundle,,,0
p067,4,mainGameScenario4,Berkeley,,mainGameOrder13,Berkeley Bowl,Berkeley,17,7.2,4,0,mainGameOrder14,Berkeley Bowl,Berkeley,17,7.8,2,0,mainGameOrder15,Berkeley Bowl,Berkeley,20,12,2,0,mainGameOrder16,Berkeley Bowl,Berkeley,16,11.4,6,0,mainGameOrder15+mainGameOrder14+mainGameOrder13,1.6875,mainGameOrder14,1.734694,0.027206,1,over_bundle,over_bundle,,,0
p067,5,mainGameScenario5,Berkeley,,mainGameOrder17,Sprouts Farmers Market,Oakland,14,7.5,4,10,mainGameOrder18,Safeway,Piedmont,20,12.5,5,11,mainGameOrder19,Sprouts Farmers Market,Oakland,17,8.25,4,10,mainGameOrder20,Safeway,Piedmont,13,8.1,4,11,mainGameOrder17+mainGameOrder19,0.918519,mainGameOrder17+mainGameOrder19,0.918519,0,2,bundle_correct,bundle_correct,,,0
p067,6,mainGameScenario6,Oakland,,mainGameOrder21,Sprouts Farmers Market,Oakland,19,12,2,0,mainGameOrder22,Sprouts Farmers Market,Oakland,22,8.25,2,0,mainGameOrder23,Sprouts Farmers Market,Oakland,24,8.25,6,0,mainGameOrder24,Sprouts Farmers Market,Oakland,18,9.75,2,0,mainGameOrder22+mainGameOrder23+mainGameOrder24,1.841727,mainGameOrder22,2.146341,0.141923,1,over_bundle,over_bundle,,,0
p067,7,mainGameScenario7,Oakland,,mainGameOrder25,Sprouts Farmers Market,Oakland,12,13.5,4,0,mainGameOrder26,Target,Emeryville,17,13.5,2,6,mainGameOrder27,Sprouts Farmers Market,Oakland,21,9,4,0,mainGameOrder28,Sprouts Farmers Market,Oakland,21,8.25,3,0,mainGameOrder27+mainGameOrder28,1.787234,mainGameOrder28,1.866667,0.042553,1,over_bundle,over_bundle,,,0
p067,8,mainGameScenario8,Oakland,,mainGameOrder29,Sprouts Farmers Market,Oakland,17,8.25,3,0,mainGameOrder30,Sprouts Farmers Market,Oakland,15,13.5,6,0,mainGameOrder31,Sprouts Farmers Market,Oakland,15,12.75,5,0,mainGameOrder32,Sprouts Farmers Market,Oakland,14,8.25,3,0,mainGameOrder29+mainGameOrder31+mainGameOrder32,1.187097,mainGameOrder29,1.511111,0.214421,1,over_bundle,over_bundle,,,0
p067,9,mainGameScenario9,Oakland,,mainGameOrder33,Safeway,Piedmont,12,8.1,3,5,mainGameOrder34,Target,Emeryville,17,15.3,6,6,mainGameOrder35,Safeway,Piedmont,12,11.1,5,5,mainGameOrder36,Safeway,Piedmont,13,11.1,5,5,mainGameOrder33,0.745342,mainGameOrder33+mainGameOrder35+mainGameOrder36,0.839002,0.111633,3,bundle_correct,bundle_correct,,,0
p067,10,mainGameScenario10,Piedmont,,mainGameOrder37,Safeway,Piedmont,14,8.1,5,0,mainGameOrder38,Safeway,Piedmont,20,8.1,6,0,mainGameOrder39,Safeway,Piedmont,19,7.4,6,0,mainGameOrder40,Safeway,Piedmont,23,11.8,2,0,mainGameOrder40+mainGameOrder39+mainGameOrder38,1.671159,mainGameOrder39+mainGameOrder40,1.673307,0.001284,2,bundle_correct,bundle_correct,,,0
p067,11,mainGameScenario11,Piedmont,,mainGameOrder41,Berkeley Bowl,Berkeley,13,7.8,2,11,mainGameOrder42,Target,Emeryville,19,7.8,2,8,mainGameOrder43,Target,Emeryville,18,8.7,5,8,mainGameOrder44,Target,Emeryville,15,13.5,3,8,mainGameOrder43+mainGameOrder42+mainGameOrder44,1.195402,mainGameOrder42+mainGameOrder43,1.20915,0.01137,2,bundle_correct,bundle_correct,,,0
p067,12,mainGameScenario12,Emeryville,,mainGameOrder45,Target,Emeryville,16,13.5,3,0,mainGameOrder46,Target,Emeryville,14,9.6,5,0,mainGameOrder47,Target,Emeryville,22,13.5,6,0,mainGameOrder48,Target,Emeryville,14,13.5,2,0,mainGameOrder47+mainGameOrder45+mainGameOrder46,1.150442,mainGameOrder45+mainGameOrder46+mainGameOrder47,1.150442,0,3,bundle_correct,bundle_correct,,,0
p067,13,mainGameScenario13,Emeryville,,mainGameOrder49,Target,Emeryville,24,11.7,2,0,mainGameOrder50,Berkeley Bowl,Berkeley,17,8.4,6,7,mainGameOrder51,Berkeley Bowl,Berkeley,14,7.8,5,7,mainGameOrder52,Target,Emeryville,12,9.6,5,0,mainGameOrder49+mainGameOrder52,1.358491,mainGameOrder49,1.751825,0.224528,1,over_bundle,over_bundle,,,0
p067,14,mainGameScenario14,Emeryville,,mainGameOrder53,Target,Emeryville,21,13.5,6,0,mainGameOrder54,Target,Emeryville,14,13.5,5,0,mainGameOrder55,Target,Emeryville,22,13.5,6,0,mainGameOrder56,Target,Emeryville,18,7.8,6,0,mainGameOrder53+mainGameOrder55+mainGameOrder56,1.26294,mainGameOrder56,1.304348,0.031746,1,over_bundle,over_bundle,,,0
p067,15,mainGameScenario15,Emeryville,,mainGameOrder57,Safeway,Piedmont,22,7.4,4,8,mainGameOrder58,Sprouts Farmers Market,Oakland,18,13.5,2,6,mainGameOrder59,Safeway,Piedmont,17,7.4,4,8,mainGameOrder60,Safeway,Piedmont,22,11.8,5,8,mainGameOrder57+mainGameOrder60+mainGameOrder59,1.40553,mainGameOrder57+mainGameOrder59+mainGameOrder60,1.40553,0,3,bundle_correct,bundle_correct,,,0
p067,16,mainGameScenario16,Piedmont,,mainGameOrder61,Safeway,Piedmont,24,12.5,3,0,mainGameOrder62,Safeway,Piedmont,24,8.1,2,0,mainGameOrder63,Safeway,Piedmont,18,12.5,4,0,mainGameOrder64,Safeway,Piedmont,22,11.1,2,0,mainGameOrder61+mainGameOrder64+mainGameOrder62,2.028986,mainGameOrder62,2.376238,0.146135,1,over_bundle,over_bundle,,,0
p067,17,mainGameScenario17,Piedmont,,mainGameOrder65,Safeway,Piedmont,19,7.4,6,0,mainGameOrder66,Sprouts Farmers Market,Oakland,22,7.5,3,5,mainGameOrder67,Sprouts Farmers Market,Oakland,17,12.75,6,5,mainGameOrder68,Sprouts Farmers Market,Oakland,13,12.75,6,5,mainGameOrder66+mainGameOrder68+mainGameOrder67,1.04,mainGameOrder66,1.419355,0.267273,1,over_bundle,over_bundle,,,0
p067,18,mainGameScenario18,Oakland,,mainGameOrder69,Sprouts Farmers Market,Oakland,14,8.25,5,0,mainGameOrder70,Sprouts Farmers Market,Oakland,13,8.25,3,0,mainGameOrder71,Sprouts Farmers Market,Oakland,22,14.25,3,0,mainGameOrder72,Sprouts Farmers Market,Oakland,19,9,4,0,mainGameOrder71+mainGameOrder72+mainGameOrder70,1.375796,mainGameOrder71+mainGameOrder72,1.464286,0.060432,2,bundle_correct,bundle_correct,,,0
p067,19,mainGameScenario19,Oakland,,mainGameOrder73,Sprouts Farmers Market,Oakland,12,12.75,5,0,mainGameOrder74,Safeway,Piedmont,17,7.4,5,5,mainGameOrder75,Sprouts Farmers Market,Oakland,18,9,3,0,mainGameOrder76,Sprouts Farmers Market,Oakland,24,14.25,2,0,mainGameOrder75+mainGameOrder76,1.486726,mainGameOrder75,1.5,0.00885,1,over_bundle,over_bundle,,,0
p067,20,mainGameScenario20,Oakland,,mainGameOrder77,Sprouts Farmers Market,Oakland,24,14.25,6,0,mainGameOrder78,Sprouts Farmers Market,Oakland,23,8.25,4,0,mainGameOrder79,Sprouts Farmers Market,Oakland,17,14.25,4,0,mainGameOrder80,Sprouts Farmers Market,Oakland,20,11.25,5,0,mainGameOrder77+mainGameOrder80+mainGameOrder78,1.464481,mainGameOrder78,1.877551,0.220005,1,over_bundle,over_bundle,,,0
p067,21,mainGameScenario21,Oakland,,mainGameOrder81,Safeway,Piedmont,20,8.1,4,5,mainGameOrder82,Safeway,Piedmont,17,12.5,2,5,mainGameOrder83,Berkeley Bowl,Berkeley,24,7.8,3,10,mainGameOrder84,Safeway,Piedmont,21,7.4,3,5,mainGameOrder84+mainGameOrder82+mainGameOrder81,1.534392,mainGameOrder81+mainGameOrder84,1.570881,0.023229,2,bundle_correct,bundle_correct,,,0
p067,22,mainGameScenario22,Piedmont,,mainGameOrder85,Safeway,Piedmont,17,8.1,2,0,mainGameOrder86,Safeway,Piedmont,22,8.1,3,0,mainGameOrder87,Safeway,Piedmont,19,11.1,2,0,mainGameOrder88,Safeway,Piedmont,16,7.4,2,0,mainGameOrder86,1.981982,mainGameOrder86+mainGameOrder88,2.065217,0.040303,2,bundle_correct,bundle_correct,,,0
p068,1,mainGameScenario1,Berkeley,,mainGameOrder1,Berkeley Bowl,Berkeley,22,7.8,3,0,mainGameOrder2,Berkeley Bowl,Berkeley,22,8.4,6,0,mainGameOrder3,Berkeley Bowl,Berkeley,15,9,4,0,mainGameOrder4,Sprouts Farmers Market,Oakland,18,9.75,2,10,mainGameOrder1,2.037037,mainGameOrder1,2.037037,0,1,over_bundle,over_bundle,,,0
p068,2,mainGameScenario2,Berkeley,,mainGameOrder5,Berkeley Bowl,Berkeley,24,12,5,0,mainGameOrder6,Berkeley Bowl,Berkeley,15,11.4,4,0,mainGameOrder7,Berkeley Bowl,Berkeley,15,12,2,0,mainGameOrder8,Berkeley Bowl,Berkeley,20,7.8,3,0,mainGameOrder6,0.974026,mainGameOrder8,1.851852,0.474026,1,over_bundle,over_bundle,,,0
p069,1,mainGameScenario1,Berkeley,,mainGameOrder1,Berkeley Bowl,Berkeley,22,7.8,3,0,mainGameOrder2,Berkeley Bowl,Berkeley,22,8.4,6,0,mainGameOrder3,Berkeley Bowl,Berkeley,15,9,4,0,mainGameOrder4,Sprouts Farmers Market,Oakland,18,9.75,2,10,mainGameOrder1,2.037037,mainGameOrder1,2.037037,0,1,over_bundle,over_bundle,,,0
p069,2,mainGameScenario2,Berkeley,,mainGameOrder5,Berkeley Bowl,Berkeley,24,12,5,0,mainGameOrder6,Berkeley Bowl,Berkeley,15,11.4,4,0,mainGameOrder7,Berkeley Bowl,Berkeley,15,12,2,0,mainGameOrder8,Berkeley Bowl,Berkeley,20,7.8,3,0,mainGameOrder6+mainGameOrder8,1.367188,mainGameOrder8,1.851852,0.261719,1,over_bundle,over_bundle,,,0
p069,3,mainGameScenario3,Berkeley,,mainGameOrder9,Berkeley Bowl,Berkeley,15,13.2,3,0,mainGameOrder10,Sprouts Farmers Market,Oakland,23,12.75,3,10,mainGameOrder11,Berkeley Bowl,Berkeley,23,12,6,0,mainGameOrder12,Berkeley Bowl,Berkeley,16,7.8,6,0,mainGameOrder9,0.925926,mainGameOrder11,1.277778,0.275362,1,over_bundle,over_bundle,,,0
p069,4,mainGameScenario4,Berkeley,,mainGameOrder13,Berkeley Bowl,Berkeley,17,7.2,4,0,mainGameOrder14,Berkeley Bowl,Berkeley,17,7.8,2,0,mainGameOrder15,Berkeley Bowl,Berkeley,20,12,2,0,mainGameOrder16,Berkeley Bowl,Berkeley,16,11.4,6,0,mainGameOrder15+mainGameOrder16,1.216216,mainGameOrder14,1.734694,0.298887,1,over_bundle,over_bundle,,,0
p069,5,mainGameScenario5,Berkeley,,mainGameOrder17,Sprouts Farmers Market,Oakland,14,7.5,4,10,mainGameOrder18,Safeway,Piedmont,20,12.5,5,11,mainGameOrder19,Sprouts Farmers Market,Oakland,17,8.25,4,10,mainGameOrder20,Safeway,Piedmont,13,8.1,4,11,mainGameOrder17+mainGameOrder19,0.918519,mainGameOrder17+mainGameOrder19,0.918519,0,2,bundle_correct,bundle_correct,,,0
p069,6,mainGameScenario6,Oakland,,mainGameOrder21,Sprouts Farmers Market,Oakland,19,12,2,0,mainGameOrder22,Sprouts Farmers Market,Oakland,22,8.25,2,0,mainGameOrder23,Sprouts Farmers Market,Oakland,24,8.25,6,0,mainGameOrder24,Sprouts Farmers Market,Oakland,18,9.75,2,0,mainGameOrder23+mainGameOrder21,1.607477,mainGameOrder22,2.146341,0.251062,1,over_bundle,over_bundle,,,0
p069,7,mainGameScenario7,Oakland,,mainGameOrder25,Sprouts Farmers Market,Oakland,12,13.5,4,0,mainGameOrder26,Target,Emeryville,17,13.5,2,6,mainGameOrder27,Sprouts Farmers Market,Oakland,21,9,4,0,mainGameOrder28,Sprouts Farmers Market,Oakland,21,8.25,3,0,mainGameOrder26,0.790698,mainGameOrder28,1.866667,0.576412,1,over_bundle,over_bundle,,,0
p069,8,mainGameScenario8,Emeryville,,mainGameOrder29,Sprouts Farmers Market,Oakland,17,8.25,3,6,mainGameOrder30,Sprouts Farmers Market,Oakland,15,13.5,6,6,mainGameOrder31,Sprouts Farmers Market,Oakland,15,12.75,5,6,mainGameOrder32,Sprouts Farmers Market,Oakland,14,8.25,3,6,mainGameOrder30+mainGameOrder32,0.789116,mainGameOrder29,0.985507,0.19928,1,over_bundle,over_bundle,,,0
p069,9,mainGameScenario9,Oakland,,mainGameOrder33,Safeway,Piedmont,12,8.1,3,5,mainGameOrder34,Target,Emeryville,17,15.3,6,6,mainGameOrder35,Safeway,Piedmont,12,11.1,5,5,mainGameOrder36,Safeway,Piedmont,13,11.1,5,5,mainGameOrder36+mainGameOrder35,0.726744,mainGameOrder33+mainGameOrder35+mainGameOrder36,0.839002,0.133799,3,bundle_correct,bundle_correct,,,0
p069,10,mainGameScenario10,Piedmont,,mainGameOrder37,Safeway,Piedmont,14,8.1,5,0,mainGameOrder38,Safeway,Piedmont,20,8.1,6,0,mainGameOrder39,Safeway,Piedmont,19,7.4,6,0,mainGameOrder40,Safeway,Piedmont,23,11.8,2,0,mainGameOrder40,1.666667,mainGameOrder39+mainGameOrder40,1.673307,0.003968,2,bundle_correct,bundle_correct,,,0
p069,11,mainGameScenario11,Piedmont,,mainGameOrder41,Berkeley Bowl,Berkeley,13,7.8,2,11,mainGameOrder42,Target,Emeryville,19,7.8,2,8,mainGameOrder43,Target,Emeryville,18,8.7,5,8,mainGameOrder44,Target,Emeryville,15,13.5,3,8,mainGameOrder43,0.829493,mainGameOrder42+mainGameOrder43,1.20915,0.313987,2,bundle_correct,bundle_correct,,,0
p069,12,mainGameScenario12,Emeryville,,mainGameOrder45,Target,Emeryville,16,13.5,3,0,mainGameOrder46,Target,Emeryville,14,9.6,5,0,mainGameOrder47,Target,Emeryville,22,13.5,6,0,mainGameOrder48,Target,Emeryville,14,13.5,2,0,mainGameOrder45,0.969697,mainGameOrder45+mainGameOrder46+mainGameOrder47,1.150442,0.15711,3,bundle_correct,bundle_correct,,,0
p070,1,mainGameScenario1,Berkeley,,mainGameOrder1,Berkeley Bowl,Berkeley,22,7.8,3,0,mainGameOrder2,Berkeley Bowl,Berkeley,22,8.4,6,0,mainGameOrder3,Berkeley Bowl,Berkeley,15,9,4,0,mainGameOrder4,Sprouts Farmers Market,Oakland,18,9.75,2,10,mainGameOrder2+mainGameOrder1,1.788618,mainGameOrder1,2.037037,0.121951,1,over_bundle,over_bundle,,,0
p070,2,mainGameScenario2,Berkeley,,mainGameOrder5,Berkeley Bowl,Berkeley,24,12,5,0,mainGameOrder6,Berkeley Bowl,Berkeley,15,11.4,4,0,mainGameOrder7,Berkeley Bowl,Berkeley,15,12,2,0,mainGameOrder8,Berkeley Bowl,Berkeley,20,7.8,3,0,mainGameOrder5+mainGameOrder8+mainGameOrder6,1.489899,mainGameOrder8,1.851852,0.195455,1,over_bundle,over_bundle,,,0
p070,3,mainGameScenario3,Berkeley,,mainGameOrder9,Berkeley Bowl,Berkeley,15,13.2,3,0,mainGameOrder10,Sprouts Farmers Market,Oakland,23,12.75,3,10,mainGameOrder11,Berkeley Bowl,Berkeley,23,12,6,0,mainGameOrder12,Berkeley Bowl,Berkeley,16,7.8,6,0,mainGameOrder9+mainGameOrder11+mainGameOrder12,1.216216,mainGameOrder11,1.277778,0.048179,1,over_bundle,over_bundle,,,0
p070,4,mainGameScenario4,Berkeley,,mainGameOrder13,Berkeley Bowl,Berkeley,17,7.2,4,0,mainGameOrder14,Berkeley Bowl,Berkeley,17,7.8,2,0,mainGameOrder15,Berkeley Bowl,Berkeley,20,12,2,0,mainGameOrder16,Berkeley Bowl,Berkeley,16,11.4,6,0,mainGameOrder13+mainGameOrder14+mainGameOrder15,1.6875,mainGameOrder14,1.734694,0.027206,1,over_bundle,over_bundle,,,0
p070,5,mainGameScenario5,Berkeley,,mainGameOrder17,Sprouts Farmers Market,Oakland,14,7.5,4,10,mainGameOrder18,Safeway,Piedmont,20,12.5,5,11,mainGameOrder19,Sprouts Farmers Market,Oakland,17,8.25,4,10,mainGameOrder20,Safeway,Piedmont,13,8.1,4,11,mainGameOrder20+mainGameOrder18,0.841837,mainGameOrder17+mainGameOrder19,0.918519,0.083484,2,bundle_correct,bundle_correct,,,0
p070,6,mainGameScenario6,Piedmont,,mainGameOrder21,Sprouts Farmers Market,Oakland,19,12,2,5,mainGameOrder22,Sprouts Farmers Market,Oakland,22,8.25,2,5,mainGameOrder23,Sprouts Farmers Market,Oakland,24,8.25,6,5,mainGameOrder24,Sprouts Farmers Market,Oakland,18,9.75,2,5,mainGameOrder23+mainGameOrder22+mainGameOrder21,1.604938,mainGameOrder22,1.442623,0,1,over_bundle,over_bundle,,,0
p070,7,mainGameScenario7,Oakland,,mainGameOrder25,Sprouts Farmers Market,Oakland,12,13.5,4,0,mainGameOrder26,Target,Emeryville,17,13.5,2,6,mainGameOrder27,Sprouts Farmers Market,Oakland,21,9,4,0,mainGameOrder28,Sprouts Farmers Market,Oakland,21,8.25,3,0,mainGameOrder28+mainGameOrder25+mainGameOrder27,1.367089,mainGameOrder28,1.866667,0.267631,1,over_bundle,over_bundle,,,0
p071,1,mainGameScenario1,Berkeley,,mainGameOrder1,Berkeley Bowl,Berkeley,22,7.8,3,0,mainGameOrder2,Berkeley Bowl,Berkeley,22,8.4,6,0,mainGameOrder3,Berkeley Bowl,Berkeley,15,9,4,0,mainGameOrder4,Sprouts Farmers Market,Oakland,18,9.75,2,10,mainGameOrder1+mainGameOrder2,1.788618,mainGameOrder1,2.037037,0.121951,1,over_bundle,over_bundle,,,0
p071,2,mainGameScenario2,Berkeley,,mainGameOrder5,Berkeley Bowl,Berkeley,24,12,5,0,mainGameOrder6,Berkeley Bowl,Berkeley,15,11.4,4,0,mainGameOrder7,Berkeley Bowl,Berkeley,15,12,2,0,mainGameOrder8,Berkeley Bowl,Berkeley,20,7.8,3,0,mainGameOrder5+mainGameOrder8+mainGameOrder6,1.489899,mainGameOrder8,1.851852,0.195455,1,over_bundle,over_bundle,,,0
p071,3,mainGameScenario3,Berkeley,,mainGameOrder9,Berkeley Bowl,Berkeley,15,13.2,3,0,mainGameOrder10,Sprouts Farmers Market,Oakland,23,12.75,3,10,mainGameOrder11,Berkeley Bowl,Berkeley,23,12,6,0,mainGameOrder12,Berkeley Bowl,Berkeley,16,7.8,6,0,mainGameOrder11+mainGameOrder12+mainGameOrder9,1.216216,mainGameOrder11,1.277778,0.048179,1,over_bundle,over_bundle,,,0
p071,4,mainGameScenario4,Berkeley,,mainGameOrder13,Berkeley Bowl,Berkeley,17,7.2,4,0,mainGameOrder14,Berkeley Bowl,Berkeley,17,7.8,2,0,mainGameOrder15,Berkeley Bowl,Berkeley,20,12,2,0,mainGameOrder16,Berkeley Bowl,Berkeley,16,11.4,6,0,mainGameOrder15+mainGameOrder13+mainGameOrder14,1.6875,mainGameOrder14,1.734694,0.027206,1,over_bundle,over_bundle,,,0
p071,5,mainGameScenario5,Berkeley,,mainGameOrder17,Sprouts Farmers Market,Oakland,14,7.5,4,10,mainGameOrder18,Safeway,Piedmont,20,12.5,5,11,mainGameOrder19,Sprouts Farmers Market,Oakland,17,8.25,4,10,mainGameOrder20,Safeway,Piedmont,13,8.1,4,11,mainGameOrder18+mainGameOrder20,0.841837,mainGameOrder17+mainGameOrder19,0.918519,0.083484,2,bundle_correct,bundle_correct,,,0
p071,6,mainGameScenario6,Piedmont,,mainGameOrder21,Sprouts Farmers Market,Oakland,19,12,2,5,mainGameOrder22,Sprouts Farmers Market,Oakland,22,8.25,2,5,mainGameOrder23,Sprouts Farmers Market,Oakland,24,8.25,6,5,mainGameOrder24,Sprouts Farmers Market,Oakland,18,9.75,2,5,mainGameOrder23+mainGameOrder22+mainGameOrder21,1.604938,mainGameOrder22,1.442623,0,1,over_bundle,over_bundle,,,0
p071,7,mainGameScenario7,Oakland,,mainGameOrder25,Sprouts Farmers Market,Oakland,12,13.5,4,0,mainGameOrder26,Target,Emeryville,17,13.5,2,6,mainGameOrder27,Sprouts Farmers Market,Oakland,21,9,4,0,mainGameOrder28,Sprouts Farmers Market,Oakland,21,8.25,3,0,mainGameOrder28+mainGameOrder27+mainGameOrder25,1.367089,mainGameOrder28,1.866667,0.267631,1,over_bundle,over_bundle,,,0
p071,8,mainGameScenario8,Oakland,,mainGameOrder29,Sprouts Farmers Market,Oakland,17,8.25,3,0,mainGameOrder30,Sprouts Farmers Market,Oakland,15,13.5,6,0,mainGameOrder31,Sprouts Farmers Market,Oakland,15,12.75,5,0,mainGameOrder32,Sprouts Farmers Market,Oakland,14,8.25,3,0,mainGameOrder29+mainGameOrder30+mainGameOrder31,1.016216,mainGameOrder29,1.511111,0.327504,1,over_bundle,over_bundle,,,0
p071,9,mainGameScenario9,Oakland,,mainGameOrder33,Safeway,Piedmont,12,8.1,3,5,mainGameOrder34,Target,Emeryville,17,15.3,6,6,mainGameOrder35,Safeway,Piedmont,12,11.1,5,5,mainGameOrder36,Safeway,Piedmont,13,11.1,5,5,mainGameOrder36+mainGameOrder35+mainGameOrder33,0.839002,mainGameOrder33+mainGameOrder35+mainGameOrder36,0.839002,0,3,bundle_correct,bundle_correct,,,0
p071,10,mainGameScenario10,Piedmont,,mainGameOrder37,Safeway,Piedmont,14,8.1,5,0,mainGameOrder38,Safeway,Piedmont,20,8.1,6,0,mainGameOrder39,Safeway,Piedmont,19,7.4,6,0,mainGameOrder40,Safeway,Piedmont,23,11.8,2,0,mainGameOrder40+mainGameOrder38+mainGameOrder39,1.671159,mainGameOrder39+mainGameOrder40,1.673307,0.001284,2,bundle_correct,bundle_correct,,,0
p071,11,mainGameScenario11,Piedmont,,mainGameOrder41,Berkeley Bowl,Berkeley,13,7.8,2,11,mainGameOrder42,Target,Emeryville,19,7.8,2,8,mainGameOrder43,Target,Emeryville,18,8.7,5,8,mainGameOrder44,Target,Emeryville,15,13.5,3,8,mainGameOrder43+mainGameOrder42+mainGameOrder44,1.195402,mainGameOrder42+mainGameOrder43,1.20915,0.01137,2,bundle_correct,bundle_correct,,,0
p071,12,mainGameScenario12,Emeryville,,mainGameOrder45,Target,Emeryville,16,13.5,3,0,mainGameOrder46,Target,Emeryville,14,9.6,5,0,mainGameOrder47,Target,Emeryville,22,13.5,6,0,mainGameOrder48,Target,Emeryville,14,13.5,2,0,mainGameOrder47+mainGameOrder45+mainGameOrder46,1.150442,mainGameOrder45+mainGameOrder46+mainGameOrder47,1.150442,0,3,bundle_correct,bundle_correct,,,0
p071,13,mainGameScenario13,Emeryville,,mainGameOrder49,Target,Emeryville,24,11.7,2,0,mainGameOrder50,Berkeley Bowl,Berkeley,17,8.4,6,7,mainGameOrder51,Berkeley Bowl,Berkeley,14,7.8,5,7,mainGameOrder52,Target,Emeryville,12,9.6,5,0,mainGameOrder52+mainGameOrder49,1.358491,mainGameOrder49,1.751825,0.224528,1,over_bundle,over_bundle,,,0
p071,14,mainGameScenario14,Emeryville,,mainGameOrder53,Target,Emeryville,21,13.5,6,0,mainGameOrder54,Target,Emeryville,14,13.5,5,0,mainGameOrder55,Target,Emeryville,22,13.5,6,0,mainGameOrder56,Target,Emeryville,18,7.8,6,0,mainGameOrder55+mainGameOrder53+mainGameOrder56,1.26294,mainGameOrder56,1.304348,0.031746,1,over_bundle,over_bundle,,,0
p071,15,mainGameScenario15,Emeryville,,mainGameOrder57,Safeway,Piedmont,22,7.4,4,8,mainGameOrder58,Sprouts Farmers Market,Oakland,18,13.5,2,6,mainGameOrder59,Safeway,Piedmont,17,7.4,4,8,mainGameOrder60,Safeway,Piedmont,22,11.8,5,8,mainGameOrder60+mainGameOrder59+mainGameOrder57,1.40553,mainGameOrder57+mainGameOrder59+mainGameOrder60,1.40553,0,3,bundle_correct,bundle_correct,,,0
p071,16,mainGameScenario16,Piedmont,,mainGameOrder61,Safeway,Piedmont,24,12.5,3,0,mainGameOrder62,Safeway,Piedmont,24,8.1,2,0,mainGameOrder63,Safeway,Piedmont,18,12.5,4,0,mainGameOrder64,Safeway,Piedmont,22,11.1,2,0,mainGameOrder64+mainGameOrder61+mainGameOrder62,2.028986,mainGameOrder62,2.376238,0.146135,1,over_bundle,over_bundle,,,0
p071,17,mainGameScenario17,Piedmont,,mainGameOrder65,Safeway,Piedmont,19,7.4,6,0,mainGameOrder66,Sprouts Farmers Market,Oakland,22,7.5,3,5,mainGameOrder67,Sprouts Farmers Market,Oakland,17,12.75,6,5,mainGameOrder68,Sprouts Farmers Market,Oakland,13,12.75,6,5,mainGameOrder66+mainGameOrder67+mainGameOrder68,1.04,mainGameOrder66,1.419355,0.267273,1,over_bundle,over_bundle,,,0
p071,18,mainGameScenario18,Oakland,,mainGameOrder69,Sprouts Farmers Market,Oakland,14,8.25,5,0,mainGameOrder70,Sprouts Farmers Market,Oakland,13,8.25,3,0,mainGameOrder71,Sprouts Farmers Market,Oakland,22,14.25,3,0,mainGameOrder72,Sprouts Farmers Market,Oakland,19,9,4,0,mainGameOrder71+mainGameOrder72+mainGameOrder69,1.358025,mainGameOrder71+mainGameOrder72,1.464286,0.072569,2,bundle_correct,bundle_correct,,,0
p071,19,mainGameScenario19,Oakland,,mainGameOrder73,Sprouts Farmers Market,Oakland,12,12.75,5,0,mainGameOrder74,Safeway,Piedmont,17,7.4,5,5,mainGameOrder75,Sprouts Farmers Market,Oakland,18,9,3,0,mainGameOrder76,Sprouts Farmers Market,Oakland,24,14.25,2,0,mainGameOrder76+mainGameOrder75+mainGameOrder73,1.255814,mainGameOrder75,1.5,0.162791,1,over_bundle,over_bundle,,,0
p071,20,mainGameScenario20,Oakland,,mainGameOrder77,Sprouts Farmers Market,Oakland,24,14.25,6,0,mainGameOrder78,Sprouts Farmers Market,Oakland,23,8.25,4,0,mainGameOrder79,Sprouts Farmers Market,Oakland,17,14.25,4,0,mainGameOrder80,Sprouts Farmers Market,Oakland,20,11.25,5,0,mainGameOrder77+mainGameOrder78+mainGameOrder80,1.464481,mainGameOrder78,1.877551,0.220005,1,over_bundle,over_bundle,,,0
p071,21,mainGameScenario21,Oakland,,mainGameOrder81,Safeway,Piedmont,20,8.1,4,5,mainGameOrder82,Safeway,Piedmont,17,12.5,2,5,mainGameOrder83,Berkeley Bowl,Berkeley,24,7.8,3,10,mainGameOrder84,Safeway,Piedmont,21,7.4,3,5,mainGameOrder81+mainGameOrder82+mainGameOrder84,1.534392,mainGameOrder81+mainGameOrder84,1.570881,0.023229,2,bundle_correct,bundle_correct,,,0
p072,1,mainGameScenario1,Berkeley,,mainGameOrder1,Berkeley Bowl,Berkeley,22,7.8,3,0,mainGameOrder2,Berkeley Bowl,Berkeley,22,8.4,6,0,mainGameOrder3,Berkeley Bowl,Berkeley,15,9,4,0,mainGameOrder4,Sprouts Farmers Market,Oakland,18,9.75,2,10,mainGameOrder2+mainGameOrder1,1.788618,mainGameOrder1,2.037037,0.121951,1,over_bundle,over_bundle,,,0
p072,2,mainGameScenario2,Berkeley,,mainGameOrder5,Berkeley Bowl,Berkeley,24,12,5,0,mainGameOrder6,Berkeley Bowl,Berkeley,15,11.4,4,0,mainGameOrder7,Berkeley Bowl,Berkeley,15,12,2,0,mainGameOrder8,Berkeley Bowl,Berkeley,20,7.8,3,0,mainGameOrder5+mainGameOrder6+mainGameOrder8,1.489899,mainGameOrder8,1.851852,0.195455,1,over_bundle,over_bundle,,,0
p072,3,mainGameScenario3,Berkeley,,mainGameOrder9,Berkeley Bowl,Berkeley,15,13.2,3,0,mainGameOrder10,Sprouts Farmers Market,Oakland,23,12.75,3,10,mainGameOrder11,Berkeley Bowl,Berkeley,23,12,6,0,mainGameOrder12,Berkeley Bowl,Berkeley,16,7.8,6,0,mainGameOrder11+mainGameOrder9+mainGameOrder12,1.216216,mainGameOrder11,1.277778,0.048179,1,over_bundle,over_bundle,,,0
p072,4,mainGameScenario4,Berkeley,,mainGameOrder13,Berkeley Bowl,Berkeley,17,7.2,4,0,mainGameOrder14,Berkeley Bowl,Berkeley,17,7.8,2,0,mainGameOrder15,Berkeley Bowl,Berkeley,20,12,2,0,mainGameOrder16,Berkeley Bowl,Berkeley,16,11.4,6,0,mainGameOrder15+mainGameOrder13+mainGameOrder14,1.6875,mainGameOrder14,1.734694,0.027206,1,over_bundle,over_bundle,,,0
p072,5,mainGameScenario5,Berkeley,,mainGameOrder17,Sprouts Farmers Market,Oakland,14,7.5,4,10,mainGameOrder18,Safeway,Piedmont,20,12.5,5,11,mainGameOrder19,Sprouts Farmers Market,Oakland,17,8.25,4,10,mainGameOrder20,Safeway,Piedmont,13,8.1,4,11,mainGameOrder18+mainGameOrder20,0.841837,mainGameOrder17+mainGameOrder19,0.918519,0.083484,2,bundle_correct,bundle_correct,,,0
p072,6,mainGameScenario6,Piedmont,,mainGameOrder21,Sprouts Farmers Market,Oakland,19,12,2,5,mainGameOrder22,Sprouts Farmers Market,Oakland,22,8.25,2,5,mainGameOrder23,Sprouts Farmers Market,Oakland,24,8.25,6,5,mainGameOrder24,Sprouts Farmers Market,Oakland,18,9.75,2,5,mainGameOrder22+mainGameOrder23+mainGameOrder21,1.604938,mainGameOrder22,1.442623,0,1,over_bundle,over_bundle,,,0
p072,7,mainGameScenario7,Oakland,,mainGameOrder25,Sprouts Farmers Market,Oakland,12,13.5,4,0,mainGameOrder26,Target,Emeryville,17,13.5,2,6,mainGameOrder27,Sprouts Farmers Market,Oakland,21,9,4,0,mainGameOrder28,Sprouts Farmers Market,Oakland,21,8.25,3,0,mainGameOrder28+mainGameOrder27+mainGameOrder25,1.367089,mainGameOrder28,1.866667,0.267631,1,over_bundle,over_bundle,,,0
p072,8,mainGameScenario8,Oakland,,mainGameOrder29,Sprouts Farmers Market,Oakland,17,8.25,3,0,mainGameOrder30,Sprouts Farmers Market,Oakland,15,13.5,6,0,mainGameOrder31,Sprouts Farmers Market,Oakland,15,12.75,5,0,mainGameOrder32,Sprouts Farmers Market,Oakland,14,8.25,3,0,mainGameOrder30+mainGameOrder29+mainGameOrder31,1.016216,mainGameOrder29,1.511111,0.327504,1,over_bundle,over_bundle,,,0
p072,9,mainGameScenario9,Oakland,,mainGameOrder33,Safeway,Piedmont,12,8.1,3,5,mainGameOrder34,Target,Emeryville,17,15.3,6,6,mainGameOrder35,Safeway,Piedmont,12,11.1,5,5,mainGameOrder36,Safeway,Piedmont,13,11.1,5,5,mainGameOrder34,0.622711,mainGameOrder33+mainGameOrder35+mainGameOrder36,0.839002,0.257796,3,bundle_correct,bundle_correct,,,0
p072,10,mainGameScenario10,Emeryville,,mainGameOrder37,Safeway,Piedmont,14,8.1,5,8,mainGameOrder38,Safeway,Piedmont,20,8.1,6,8,mainGameOrder39,Safeway,Piedmont,19,7.4,6,8,mainGameOrder40,Safeway,Piedmont,23,11.8,2,8,mainGameOrder40+mainGameOrder38+mainGameOrder39,1.374723,mainGameOrder39+mainGameOrder40,1.268882,0,2,bundle_correct,bundle_correct,,,0
p072,11,mainGameScenario11,Piedmont,,mainGameOrder41,Berkeley Bowl,Berkeley,13,7.8,2,11,mainGameOrder42,Target,Emeryville,19,7.8,2,8,mainGameOrder43,Target,Emeryville,18,8.7,5,8,mainGameOrder44,Target,Emeryville,15,13.5,3,8,mainGameOrder42+mainGameOrder44+mainGameOrder43,1.195402,mainGameOrder42+mainGameOrder43,1.20915,0.01137,2,bundle_correct,bundle_correct,,,0
p072,12,mainGameScenario12,Emeryville,,mainGameOrder45,Target,Emeryville,16,13.5,3,0,mainGameOrder46,Target,Emeryville,14,9.6,5,0,mainGameOrder47,Target,Emeryville,22,13.5,6,0,mainGameOrder48,Target,Emeryville,14,13.5,2,0,mainGameOrder47+mainGameOrder48+mainGameOrder45,1.150442,mainGameOrder45+mainGameOrder46+mainGameOrder47,1.150442,0,3,bundle_correct,bundle_correct,,,0
p072,13,mainGameScenario13,Emeryville,,mainGameOrder49,Target,Emeryville,24,11.7,2,0,mainGameOrder50,Berkeley Bowl,Berkeley,17,8.4,6,7,mainGameOrder51,Berkeley Bowl,Berkeley,14,7.8,5,7,mainGameOrder52,Target,Emeryville,12,9.6,5,0,mainGameOrder49+mainGameOrder52,1.358491,mainGameOrder49,1.751825,0.224528,1,over_bundle,over_bundle,,,0
p072,14,mainGameScenario14,Emeryville,,mainGameOrder53,Target,Emeryville,21,13.5,6,0,mainGameOrder54,Target,Emeryville,14,13.5,5,0,mainGameOrder55,Target,Emeryville,22,13.5,6,0,mainGameOrder56,Target,Emeryville,18,7.8,6,0,mainGameOrder55+mainGameOrder56+mainGameOrder53,1.26294,mainGameOrder56,1.304348,0.031746,1,over_bundle,over_bundle,,,0
p072,15,mainGameScenario15,Emeryville,,mainGameOrder57,Safeway,Piedmont,22,7.4,4,8,mainGameOrder58,Sprouts Farmers Market,Oakland,18,13.5,2,6,mainGameOrder59,Safeway,Piedmont,17,7.4,4,8,mainGameOrder60,Safeway,Piedmont,22,11.8,5,8,mainGameOrder60+mainGameOrder57+mainGameOrder59,1.40553,mainGameOrder57+mainGameOrder59+mainGameOrder60,1.40553,0,3,bundle_correct,bundle_correct,,,0
p072,16,mainGameScenario16,Piedmont,,mainGameOrder61,Safeway,Piedmont,24,12.5,3,0,mainGameOrder62,Safeway,Piedmont,24,8.1,2,0,mainGameOrder63,Safeway,Piedmont,18,12.5,4,0,mainGameOrder64,Safeway,Piedmont,22,11.1,2,0,mainGameOrder64+mainGameOrder62+mainGameOrder61,2.028986,mainGameOrder62,2.376238,0.146135,1,over_bundle,over_bundle,,,0
p072,17,mainGameScenario17,Piedmont,,mainGameOrder65,Safeway,Piedmont,19,7.4,6,0,mainGameOrder66,Sprouts Farmers Market,Oakland,22,7.5,3,5,mainGameOrder67,Sprouts Farmers Market,Oakland,17,12.75,6,5,mainGameOrder68,Sprouts Farmers Market,Oakland,13,12.75,6,5,mainGameOrder65,1.41791,mainGameOrder66,1.419355,0.001018,1,over_bundle,over_bundle,,,0
p072,18,mainGameScenario18,Piedmont,,mainGameOrder69,Sprouts Farmers Market,Oakland,14,8.25,5,5,mainGameOrder70,Sprouts Farmers Market,Oakland,13,8.25,3,5,mainGameOrder71,Sprouts Farmers Market,Oakland,22,14.25,3,5,mainGameOrder72,Sprouts Farmers Market,Oakland,19,9,4,5,mainGameOrder71+mainGameOrder72+mainGameOrder69,1.208791,mainGameOrder71+mainGameOrder72,1.242424,0.02707,2,bundle_correct,bundle_correct,,,0
p072,19,mainGameScenario19,Oakland,,mainGameOrder73,Sprouts Farmers Market,Oakland,12,12.75,5,0,mainGameOrder74,Safeway,Piedmont,17,7.4,5,5,mainGameOrder75,Sprouts Farmers Market,Oakland,18,9,3,0,mainGameOrder76,Sprouts Farmers Market,Oakland,24,14.25,2,0,mainGameOrder74,0.977011,mainGameOrder75,1.5,0.348659,1,over_bundle,over_bundle,,,0
p072,20,mainGameScenario20,Piedmont,,mainGameOrder77,Sprouts Farmers Market,Oakland,24,14.25,6,5,mainGameOrder78,Sprouts Farmers Market,Oakland,23,8.25,4,5,mainGameOrder79,Sprouts Farmers Market,Oakland,17,14.25,4,5,mainGameOrder80,Sprouts Farmers Market,Oakland,20,11.25,5,5,mainGameOrder77+mainGameOrder78+mainGameOrder80,1.320197,mainGameOrder78,1.333333,0.009852,1,over_bundle,over_bundle,,,0
p072,21,mainGameScenario21,Oakland,,mainGameOrder81,Safeway,Piedmont,20,8.1,4,5,mainGameOrder82,Safeway,Piedmont,17,12.5,2,5,mainGameOrder83,Berkeley Bowl,Berkeley,24,7.8,3,10,mainGameOrder84,Safeway,Piedmont,21,7.4,3,5,mainGameOrder82+mainGameOrder81,1.254237,mainGameOrder81+mainGameOrder84,1.570881,0.201571,2,bundle_correct,bundle_correct,,,0
p073,1,mainGameScenario1,Berkeley,,mainGameOrder1,Berkeley Bowl,Berkeley,22,7.8,3,0,mainGameOrder2,Berkeley Bowl,Berkeley,22,8.4,6,0,mainGameOrder3,Berkeley Bowl,Berkeley,15,9,4,0,mainGameOrder4,Sprouts Farmers Market,Oakland,18,9.75,2,10,mainGameOrder1+mainGameOrder2+mainGameOrder3,1.676136,mainGameOrder1,2.037037,0.177169,1,over_bundle,over_bundle,,,0
p073,2,mainGameScenario2,Berkeley,,mainGameOrder5,Berkeley Bowl,Berkeley,24,12,5,0,mainGameOrder6,Berkeley Bowl,Berkeley,15,11.4,4,0,mainGameOrder7,Berkeley Bowl,Berkeley,15,12,2,0,mainGameOrder8,Berkeley Bowl,Berkeley,20,7.8,3,0,mainGameOrder5+mainGameOrder8+mainGameOrder6,1.489899,mainGameOrder8,1.851852,0.195455,1,over_bundle,over_bundle,,,0
p073,3,mainGameScenario3,Berkeley,,mainGameOrder9,Berkeley Bowl,Berkeley,15,13.2,3,0,mainGameOrder10,Sprouts Farmers Market,Oakland,23,12.75,3,10,mainGameOrder11,Berkeley Bowl,Berkeley,23,12,6,0,mainGameOrder12,Berkeley Bowl,Berkeley,16,7.8,6,0,mainGameOrder9+mainGameOrder11+mainGameOrder12,1.216216,mainGameOrder11,1.277778,0.048179,1,over_bundle,over_bundle,,,0
p073,4,mainGameScenario4,Berkeley,,mainGameOrder13,Berkeley Bowl,Berkeley,17,7.2,4,0,mainGameOrder14,Berkeley Bowl,Berkeley,17,7.8,2,0,mainGameOrder15,Berkeley Bowl,Berkeley,20,12,2,0,mainGameOrder16,Berkeley Bowl,Berkeley,16,11.4,6,0,mainGameOrder14+mainGameOrder15+mainGameOrder16,1.387435,mainGameOrder14,1.734694,0.200185,1,over_bundle,over_bundle,,,0
p073,5,mainGameScenario5,Berkeley,,mainGameOrder17,Sprouts Farmers Market,Oakland,14,7.5,4,10,mainGameOrder18,Safeway,Piedmont,20,12.5,5,11,mainGameOrder19,Sprouts Farmers Market,Oakland,17,8.25,4,10,mainGameOrder20,Safeway,Piedmont,13,8.1,4,11,mainGameOrder17+mainGameOrder19,0.918519,mainGameOrder17+mainGameOrder19,0.918519,0,2,bundle_correct,bundle_correct,,,0
p073,6,mainGameScenario6,Oakland,,mainGameOrder21,Sprouts Farmers Market,Oakland,19,12,2,0,mainGameOrder22,Sprouts Farmers Market,Oakland,22,8.25,2,0,mainGameOrder23,Sprouts Farmers Market,Oakland,24,8.25,6,0,mainGameOrder24,Sprouts Farmers Market,Oakland,18,9.75,2,0,mainGameOrder22+mainGameOrder23+mainGameOrder21,1.830986,mainGameOrder22,2.146341,0.146927,1,over_bundle,over_bundle,,,0
p073,7,mainGameScenario7,Oakland,,mainGameOrder25,Sprouts Farmers Market,Oakland,12,13.5,4,0,mainGameOrder26,Target,Emeryville,17,13.5,2,6,mainGameOrder27,Sprouts Farmers Market,Oakland,21,9,4,0,mainGameOrder28,Sprouts Farmers Market,Oakland,21,8.25,3,0,mainGameOrder25+mainGameOrder27+mainGameOrder28,1.367089,mainGameOrder28,1.866667,0.267631,1,over_bundle,over_bundle,,,0
p073,8,mainGameScenario8,Oakland,,mainGameOrder29,Sprouts Farmers Market,Oakland,17,8.25,3,0,mainGameOrder30,Sprouts Farmers Market,Oakland,15,13.5,6,0,mainGameOrder31,Sprouts Farmers Market,Oakland,15,12.75,5,0,mainGameOrder32,Sprouts Farmers Market,Oakland,14,8.25,3,0,mainGameOrder30+mainGameOrder29+mainGameOrder31,1.016216,mainGameOrder29,1.511111,0.327504,1,over_bundle,over_bundle,,,0
p073,9,mainGameScenario9,Oakland,,mainGameOrder33,Safeway,Piedmont,12,8.1,3,5,mainGameOrder34,Target,Emeryville,17,15.3,6,6,mainGameOrder35,Safeway,Piedmont,12,11.1,5,5,mainGameOrder36,Safeway,Piedmont,13,11.1,5,5,mainGameOrder36+mainGameOrder35+mainGameOrder33,0.839002,mainGameOrder33+mainGameOrder35+mainGameOrder36,0.839002,0,3,bundle_correct,bundle_correct,,,0
p073,10,mainGameScenario10,Piedmont,,mainGameOrder37,Safeway,Piedmont,14,8.1,5,0,mainGameOrder38,Safeway,Piedmont,20,8.1,6,0,mainGameOrder39,Safeway,Piedmont,19,7.4,6,0,mainGameOrder40,Safeway,Piedmont,23,11.8,2,0,mainGameOrder40+mainGameOrder38+mainGameOrder39,1.671159,mainGameOrder39+mainGameOrder40,1.673307,0.001284,2,bundle_correct,bundle_correct,,,0
p073,11,mainGameScenario11,Piedmont,,mainGameOrder41,Berkeley Bowl,Berkeley,13,7.8,2,11,mainGameOrder42,Target,Emeryville,19,7.8,2,8,mainGameOrder43,Target,Emeryville,18,8.7,5,8,mainGameOrder44,Target,Emeryville,15,13.5,3,8,mainGameOrder42+mainGameOrder43+mainGameOrder44,1.195402,mainGameOrder42+mainGameOrder43,1.20915,0.01137,2,bundle_correct,bundle_correct,,,0
p073,12,mainGameScenario12,Emeryville,,mainGameOrder45,Target,Emeryville,16,13.5,3,0,mainGameOrder46,Target,Emeryville,14,9.6,5,0,mainGameOrder47,Target,Emeryville,22,13.5,6,0,mainGameOrder48,Target,Emeryville,14,13.5,2,0,mainGameOrder47+mainGameOrder45+mainGameOrder46,1.150442,mainGameOrder45+mainGameOrder46+mainGameOrder47,1.150442,0,3,bundle_correct,bundle_correct,,,0
p073,13,mainGameScenario13,Emeryville,,mainGameOrder49,Target,Emeryville,24,11.7,2,0,mainGameOrder50,Berkeley Bowl,Berkeley,17,8.4,6,7,mainGameOrder51,Berkeley Bowl,Berkeley,14,7.8,5,7,mainGameOrder52,Target,Emeryville,12,9.6,5,0,mainGameOrder49+mainGameOrder52,1.358491,mainGameOrder49,1.751825,0.224528,1,over_bundle,over_bundle,,,0
p073,14,mainGameScenario14,Emeryville,,mainGameOrder53,Target,Emeryville,21,13.5,6,0,mainGameOrder54,Target,Emeryville,14,13.5,5,0,mainGameOrder55,Target,Emeryville,22,13.5,6,0,mainGameOrder56,Target,Emeryville,18,7.8,6,0,mainGameOrder53+mainGameOrder55+mainGameOrder56,1.26294,mainGameOrder56,1.304348,0.031746,1,over_bundle,over_bundle,,,0
p073,15,mainGameScenario15,Emeryville,,mainGameOrder57,Safeway,Piedmont,22,7.4,4,8,mainGameOrder58,Sprouts Farmers Market,Oakland,18,13.5,2,6,mainGameOrder59,Safeway,Piedmont,17,7.4,4,8,mainGameOrder60,Safeway,Piedmont,22,11.8,5,8,mainGameOrder60+mainGameOrder59+mainGameOrder57,1.40553,mainGameOrder57+mainGameOrder59+mainGameOrder60,1.40553,0,3,bundle_correct,bundle_correct,,,0
p074,1,mainGameScenario1,Berkeley,,mainGameOrder1,Berkeley Bowl,Berkeley,22,7.8,3,0,mainGameOrder2,Berkeley Bowl,Berkeley,22,8.4,6,0,mainGameOrder3,Berkeley Bowl,Berkeley,15,9,4,0,mainGameOrder4,Sprouts Farmers Market,Oakland,18,9.75,2,10,mainGameOrder1+mainGameOrder2+mainGameOrder3,1.676136,mainGameOrder1,2.037037,0.177169,1,over_bundle,over_bundle,,,0
p074,2,mainGameScenario2,Berkeley,,mainGameOrder5,Berkeley Bowl,Berkeley,24,12,5,0,mainGameOrder6,Berkeley Bowl,Berkeley,15,11.4,4,0,mainGameOrder7,Berkeley Bowl,Berkeley,15,12,2,0,mainGameOrder8,Berkeley Bowl,Berkeley,20,7.8,3,0,mainGameOrder5+mainGameOrder6+mainGameOrder7,1.317073,mainGameOrder8,1.851852,0.28878,1,over_bundle,over_bundle,,,0
p074,3,mainGameScenario3,Berkeley,,mainGameOrder9,Berkeley Bowl,Berkeley,15,13.2,3,0,mainGameOrder10,Sprouts Farmers Market,Oakland,23,12.75,3,10,mainGameOrder11,Berkeley Bowl,Berkeley,23,12,6,0,mainGameOrder12,Berkeley Bowl,Berkeley,16,7.8,6,0,mainGameOrder11+mainGameOrder12+mainGameOrder9,1.216216,mainGameOrder11,1.277778,0.048179,1,over_bundle,over_bundle,,,0
p074,4,mainGameScenario4,Berkeley,,mainGameOrder13,Berkeley Bowl,Berkeley,17,7.2,4,0,mainGameOrder14,Berkeley Bowl,Berkeley,17,7.8,2,0,mainGameOrder15,Berkeley Bowl,Berkeley,20,12,2,0,mainGameOrder16,Berkeley Bowl,Berkeley,16,11.4,6,0,mainGameOrder15+mainGameOrder14+mainGameOrder13,1.6875,mainGameOrder14,1.734694,0.027206,1,over_bundle,over_bundle,,,0
p074,5,mainGameScenario5,Berkeley,,mainGameOrder17,Sprouts Farmers Market,Oakland,14,7.5,4,10,mainGameOrder18,Safeway,Piedmont,20,12.5,5,11,mainGameOrder19,Sprouts Farmers Market,Oakland,17,8.25,4,10,mainGameOrder20,Safeway,Piedmont,13,8.1,4,11,mainGameOrder19+mainGameOrder17,0.918519,mainGameOrder17+mainGameOrder19,0.918519,0,2,bundle_correct,bundle_correct,,,0
p074,6,mainGameScenario6,Oakland,,mainGameOrder21,Sprouts Farmers Market,Oakland,19,12,2,0,mainGameOrder22,Sprouts Farmers Market,Oakland,22,8.25,2,0,mainGameOrder23,Sprouts Farmers Market,Oakland,24,8.25,6,0,mainGameOrder24,Sprouts Farmers Market,Oakland,18,9.75,2,0,mainGameOrder23+mainGameOrder22+mainGameOrder21,1.830986,mainGameOrder22,2.146341,0.146927,1,over_bundle,over_bundle,,,0
p074,7,mainGameScenario7,Oakland,,mainGameOrder25,Sprouts Farmers Market,Oakland,12,13.5,4,0,mainGameOrder26,Target,Emeryville,17,13.5,2,6,mainGameOrder27,Sprouts Farmers Market,Oakland,21,9,4,0,mainGameOrder28,Sprouts Farmers Market,Oakland,21,8.25,3,0,mainGameOrder25+mainGameOrder27+mainGameOrder28,1.367089,mainGameOrder28,1.866667,0.267631,1,over_bundle,over_bundle,,,0
p074,8,mainGameScenario8,Oakland,,mainGameOrder29,Sprouts Farmers Market,Oakland,17,8.25,3,0,mainGameOrder30,Sprouts Farmers Market,Oakland,15,13.5,6,0,mainGameOrder31,Sprouts Farmers Market,Oakland,15,12.75,5,0,mainGameOrder32,Sprouts Farmers Market,Oakland,14,8.25,3,0,mainGameOrder30+mainGameOrder29+mainGameOrder31,1.016216,mainGameOrder29,1.511111,0.327504,1,over_bundle,over_bundle,,,0
p074,9,mainGameScenario9,Oakland,,mainGameOrder33,Safeway,Piedmont,12,8.1,3,5,mainGameOrder34,Target,Emeryville,17,15.3,6,6,mainGameOrder35,Safeway,Piedmont,12,11.1,5,5,mainGameOrder36,Safeway,Piedmont,13,11.1,5,5,mainGameOrder33+mainGameOrder35+mainGameOrder36,0.839002,mainGameOrder33+mainGameOrder35+mainGameOrder36,0.839002,0,3,bundle_correct,bundle_correct,,,0
p074,10,mainGameScenario10,Piedmont,,mainGameOrder37,Safeway,Piedmont,14,8.1,5,0,mainGameOrder38,Safeway,Piedmont,20,8.1,6,0,mainGameOrder39,Safeway,Piedmont,19,7.4,6,0,mainGameOrder40,Safeway,Piedmont,23,11.8,2,0,mainGameOrder38+mainGameOrder40+mainGameOrder39,1.671159,mainGameOrder39+mainGameOrder40,1.673307,0.001284,2,bundle_correct,bundle_correct,,,0
p074,11,mainGameScenario11,Piedmont,,mainGameOrder41,Berkeley Bowl,Berkeley,13,7.8,2,11,mainGameOrder42,Target,Emeryville,19,7.8,2,8,mainGameOrder43,Target,Emeryville,18,8.7,5,8,mainGameOrder44,Target,Emeryville,15,13.5,3,8,mainGameOrder42+mainGameOrder43+mainGameOrder44,1.195402,mainGameOrder42+mainGameOrder43,1.20915,0.01137,2,bundle_correct,bundle_correct,,,0
p074,12,mainGameScenario12,Emeryville,,mainGameOrder45,Target,Emeryville,16,13.5,3,0,mainGameOrder46,Target,Emeryville,14,9.6,5,0,mainGameOrder47,Target,Emeryville,22,13.5,6,0,mainGameOrder48,Target,Emeryville,14,13.5,2,0,mainGameOrder45+mainGameOrder47+mainGameOrder46,1.150442,mainGameOrder45+mainGameOrder46+mainGameOrder47,1.150442,0,3,bundle_correct,bundle_correct,,,0
p074,13,mainGameScenario13,Emeryville,,mainGameOrder49,Target,Emeryville,24,11.7,2,0,mainGameOrder50,Berkeley Bowl,Berkeley,17,8.4,6,7,mainGameOrder51,Berkeley Bowl,Berkeley,14,7.8,5,7,mainGameOrder52,Target,Emeryville,12,9.6,5,0,mainGameOrder49+mainGameOrder52,1.358491,mainGameOrder49,1.751825,0.224528,1,over_bundle,over_bundle,,,0
p075,1,mainGameScenario1,Berkeley,,mainGameOrder1,Berkeley Bowl,Berkeley,22,7.8,3,0,mainGameOrder2,Berkeley Bowl,Berkeley,22,8.4,6,0,mainGameOrder3,Berkeley Bowl,Berkeley,15,9,4,0,mainGameOrder4,Sprouts Farmers Market,Oakland,18,9.75,2,10,mainGameOrder1+mainGameOrder2+mainGameOrder3,1.676136,mainGameOrder1,2.037037,0.177169,1,over_bundle,over_bundle,,,0
p075,2,mainGameScenario2,Berkeley,,mainGameOrder5,Berkeley Bowl,Berkeley,24,12,5,0,mainGameOrder6,Berkeley Bowl,Berkeley,15,11.4,4,0,mainGameOrder7,Berkeley Bowl,Berkeley,15,12,2,0,mainGameOrder8,Berkeley Bowl,Berkeley,20,7.8,3,0,mainGameOrder5+mainGameOrder8+mainGameOrder7,1.520619,mainGameOrder8,1.851852,0.178866,1,over_bundle,over_bundle,,,0
p075,3,mainGameScenario3,Berkeley,,mainGameOrder9,Berkeley Bowl,Berkeley,15,13.2,3,0,mainGameOrder10,Sprouts Farmers Market,Oakland,23,12.75,3,10,mainGameOrder11,Berkeley Bowl,Berkeley,23,12,6,0,mainGameOrder12,Berkeley Bowl,Berkeley,16,7.8,6,0,mainGameOrder11+mainGameOrder9+mainGameOrder12,1.216216,mainGameOrder11,1.277778,0.048179,1,over_bundle,over_bundle,,,0
p075,4,mainGameScenario4,Berkeley,,mainGameOrder13,Berkeley Bowl,Berkeley,17,7.2,4,0,mainGameOrder14,Berkeley Bowl,Berkeley,17,7.8,2,0,mainGameOrder15,Berkeley Bowl,Berkeley,20,12,2,0,mainGameOrder16,Berkeley Bowl,Berkeley,16,11.4,6,0,mainGameOrder15+mainGameOrder13+mainGameOrder14,1.6875,mainGameOrder14,1.734694,0.027206,1,over_bundle,over_bundle,,,0
p075,5,mainGameScenario5,Berkeley,,mainGameOrder17,Sprouts Farmers Market,Oakland,14,7.5,4,10,mainGameOrder18,Safeway,Piedmont,20,12.5,5,11,mainGameOrder19,Sprouts Farmers Market,Oakland,17,8.25,4,10,mainGameOrder20,Safeway,Piedmont,13,8.1,4,11,mainGameOrder17+mainGameOrder19,0.918519,mainGameOrder17+mainGameOrder19,0.918519,0,2,bundle_correct,bundle_correct,,,0
p075,6,mainGameScenario6,Oakland,,mainGameOrder21,Sprouts Farmers Market,Oakland,19,12,2,0,mainGameOrder22,Sprouts Farmers Market,Oakland,22,8.25,2,0,mainGameOrder23,Sprouts Farmers Market,Oakland,24,8.25,6,0,mainGameOrder24,Sprouts Farmers Market,Oakland,18,9.75,2,0,mainGameOrder22+mainGameOrder23+mainGameOrder21,1.830986,mainGameOrder22,2.146341,0.146927,1,over_bundle,over_bundle,,,0
p075,7,mainGameScenario7,Oakland,,mainGameOrder25,Sprouts Farmers Market,Oakland,12,13.5,4,0,mainGameOrder26,Target,Emeryville,17,13.5,2,6,mainGameOrder27,Sprouts Farmers Market,Oakland,21,9,4,0,mainGameOrder28,Sprouts Farmers Market,Oakland,21,8.25,3,0,mainGameOrder25+mainGameOrder27+mainGameOrder28,1.367089,mainGameOrder28,1.866667,0.267631,1,over_bundle,over_bundle,,,0
p075,8,mainGameScenario8,Oakland,,mainGameOrder29,Sprouts Farmers Market,Oakland,17,8.25,3,0,mainGameOrder30,Sprouts Farmers Market,Oakland,15,13.5,6,0,mainGameOrder31,Sprouts Farmers Market,Oakland,15,12.75,5,0,mainGameOrder32,Sprouts Farmers Market,Oakland,14,8.25,3,0,mainGameOrder29+mainGameOrder30+mainGameOrder31,1.016216,mainGameOrder29,1.511111,0.327504,1,over_bundle,over_bundle,,,0
p075,9,mainGameScenario9,Oakland,,mainGameOrder33,Safeway,Piedmont,12,8.1,3,5,mainGameOrder34,Target,Emeryville,17,15.3,6,6,mainGameOrder35,Safeway,Piedmont,12,11.1,5,5,mainGameOrder36,Safeway,Piedmont,13,11.1,5,5,mainGameOrder33+mainGameOrder35+mainGameOrder36,0.839002,mainGameOrder33+mainGameOrder35+mainGameOrder36,0.839002,0,3,bundle_correct,bundle_correct,,,0
p075,10,mainGameScenario10,Piedmont,,mainGameOrder37,Safeway,Piedmont,14,8.1,5,0,mainGameOrder38,Safeway,Piedmont,20,8.1,6,0,mainGameOrder39,Safeway,Piedmont,19,7.4,6,0,mainGameOrder40,Safeway,Piedmont,23,11.8,2,0,mainGameOrder40+mainGameOrder38+mainGameOrder39,1.671159,mainGameOrder39+mainGameOrder40,1.673307,0.001284,2,bundle_correct,bundle_correct,,,0
p075,11,mainGameScenario11,Piedmont,,mainGameOrder41,Berkeley Bowl,Berkeley,13,7.8,2,11,mainGameOrder42,Target,Emeryville,19,7.8,2,8,mainGameOrder43,Target,Emeryville,18,8.7,5,8,mainGameOrder44,Target,Emeryville,15,13.5,3,8,mainGameOrder42+mainGameOrder44+mainGameOrder43,1.195402,mainGameOrder42+mainGameOrder43,1.20915,0.01137,2,bundle_correct,bundle_correct,,,0
p075,12,mainGameScenario12,Emeryville,,mainGameOrder45,Target,Emeryville,16,13.5,3,0,mainGameOrder46,Target,Emeryville,14,9.6,5,0,mainGameOrder47,Target,Emeryville,22,13.5,6,0,mainGameOrder48,Target,Emeryville,14,13.5,2,0,mainGameOrder47+mainGameOrder45+mainGameOrder46,1.150442,mainGameOrder45+mainGameOrder46+mainGameOrder47,1.150442,0,3,bundle_correct,bundle_correct,,,0
p075,13,mainGameScenario13,Emeryville,,mainGameOrder49,Target,Emeryville,24,11.7,2,0,mainGameOrder50,Berkeley Bowl,Berkeley,17,8.4,6,7,mainGameOrder51,Berkeley Bowl,Berkeley,14,7.8,5,7,mainGameOrder52,Target,Emeryville,12,9.6,5,0,mainGameOrder52+mainGameOrder49,1.358491,mainGameOrder49,1.751825,0.224528,1,over_bundle,over_bundle,,,0
p075,14,mainGameScenario14,Emeryville,,mainGameOrder53,Target,Emeryville,21,13.5,6,0,mainGameOrder54,Target,Emeryville,14,13.5,5,0,mainGameOrder55,Target,Emeryville,22,13.5,6,0,mainGameOrder56,Target,Emeryville,18,7.8,6,0,mainGameOrder53+mainGameOrder55+mainGameOrder56,1.26294,mainGameOrder56,1.304348,0.031746,1,over_bundle,over_bundle,,,0
p075,15,mainGameScenario15,Emeryville,,mainGameOrder57,Safeway,Piedmont,22,7.4,4,8,mainGameOrder58,Sprouts Farmers Market,Oakland,18,13.5,2,6,mainGameOrder59,Safeway,Piedmont,17,7.4,4,8,mainGameOrder60,Safeway,Piedmont,22,11.8,5,8,mainGameOrder57+mainGameOrder60,1.290323,mainGameOrder57+mainGameOrder59+mainGameOrder60,1.40553,0.081967,3,bundle_correct,bundle_correct,,,0
p075,16,mainGameScenario16,Piedmont,,mainGameOrder61,Safeway,Piedmont,24,12.5,3,0,mainGameOrder62,Safeway,Piedmont,24,8.1,2,0,mainGameOrder63,Safeway,Piedmont,18,12.5,4,0,mainGameOrder64,Safeway,Piedmont,22,11.1,2,0,mainGameOrder62+mainGameOrder61+mainGameOrder64,2.028986,mainGameOrder62,2.376238,0.146135,1,over_bundle,over_bundle,,,0
p075,17,mainGameScenario17,Piedmont,,mainGameOrder65,Safeway,Piedmont,19,7.4,6,0,mainGameOrder66,Sprouts Farmers Market,Oakland,22,7.5,3,5,mainGameOrder67,Sprouts Farmers Market,Oakland,17,12.75,6,5,mainGameOrder68,Sprouts Farmers Market,Oakland,13,12.75,6,5,mainGameOrder66+mainGameOrder68+mainGameOrder67,1.04,mainGameOrder66,1.419355,0.267273,1,over_bundle,over_bundle,,,0
p075,18,mainGameScenario18,Oakland,,mainGameOrder69,Sprouts Farmers Market,Oakland,14,8.25,5,0,mainGameOrder70,Sprouts Farmers Market,Oakland,13,8.25,3,0,mainGameOrder71,Sprouts Farmers Market,Oakland,22,14.25,3,0,mainGameOrder72,Sprouts Farmers Market,Oakland,19,9,4,0,mainGameOrder71+mainGameOrder69+mainGameOrder72,1.358025,mainGameOrder71+mainGameOrder72,1.464286,0.072569,2,bundle_correct,bundle_correct,,,0
p076,1,mainGameScenario1,Berkeley,Berkeley,mainGameOrder1,Berkeley Bowl,Berkeley,22,7.8,3,0,mainGameOrder2,Berkeley Bowl,Berkeley,22,8.4,6,0,mainGameOrder3,Berkeley Bowl,Berkeley,15,9,4,0,mainGameOrder4,Sprouts Farmers Market,Oakland,18,9.75,2,10,mainGameOrder1+mainGameOrder2+mainGameOrder3,1.676136,mainGameOrder1,2.037037,0.177169,1,over_bundle,over_bundle,mainGameOrder1,0.177169,0
p076,2,mainGameScenario2,Berkeley,Berkeley,mainGameOrder5,Berkeley Bowl,Berkeley,24,12,5,0,mainGameOrder6,Berkeley Bowl,Berkeley,15,11.4,4,0,mainGameOrder7,Berkeley Bowl,Berkeley,15,12,2,0,mainGameOrder8,Berkeley Bowl,Berkeley,20,7.8,3,0,mainGameOrder5+mainGameOrder8+mainGameOrder7,1.520619,mainGameOrder8,1.851852,0.178866,1,over_bundle,over_bundle,mainGameOrder8,0.178866,0
p076,3,mainGameScenario3,Berkeley,Berkeley,mainGameOrder9,Berkeley Bowl,Berkeley,15,13.2,3,0,mainGameOrder10,Sprouts Farmers Market,Oakland,23,12.75,3,10,mainGameOrder11,Berkeley Bowl,Berkeley,23,12,6,0,mainGameOrder12,Berkeley Bowl,Berkeley,16,7.8,6,0,mainGameOrder12+mainGameOrder11+mainGameOrder9,1.216216,mainGameOrder11,1.277778,0.048179,1,over_bundle,over_bundle,mainGameOrder11,0.048179,0
p076,4,mainGameScenario4,Berkeley,Berkeley,mainGameOrder13,Berkeley Bowl,Berkeley,17,7.2,4,0,mainGameOrder14,Berkeley Bowl,Berkeley,17,7.8,2,0,mainGameOrder15,Berkeley Bowl,Berkeley,20,12,2,0,mainGameOrder16,Berkeley Bowl,Berkeley,16,11.4,6,0,mainGameOrder15+mainGameOrder14+mainGameOrder13,1.6875,mainGameOrder14,1.734694,0.027206,1,over_bundle,over_bundle,mainGameOrder14,0.027206,0
p076,5,mainGameScenario5,Berkeley,Berkeley,mainGameOrder17,Sprouts Farmers Market,Oakland,14,7.5,4,10,mainGameOrder18,Safeway,Piedmont,20,12.5,5,11,mainGameOrder19,Sprouts Farmers Market,Oakland,17,8.25,4,10,mainGameOrder20,Safeway,Piedmont,13,8.1,4,11,mainGameOrder18+mainGameOrder20,0.841837,mainGameOrder17+mainGameOrder19,0.918519,0.083484,2,bundle_correct,bundle_correct,mainGameOrder17+mainGameOrder19,0.083484,0
p076,6,mainGameScenario6,Piedmont,Piedmont,mainGameOrder21,Sprouts Farmers Market,Oakland,19,12,2,5,mainGameOrder22,Sprouts Farmers Market,Oakland,22,8.25,2,5,mainGameOrder23,Sprouts Farmers Market,Oakland,24,8.25,6,5,mainGameOrder24,Sprouts Farmers Market,Oakland,18,9.75,2,5,mainGameOrder22+mainGameOrder24+mainGameOrder23,1.610063,mainGameOrder22,1.442623,0,1,over_bundle,over_bundle,mainGameOrder22,0,0
p076,7,mainGameScenario7,Oakland,Oakland,mainGameOrder25,Sprouts Farmers Market,Oakland,12,13.5,4,0,mainGameOrder26,Target,Emeryville,17,13.5,2,6,mainGameOrder27,Sprouts Farmers Market,Oakland,21,9,4,0,mainGameOrder28,Sprouts Farmers Market,Oakland,21,8.25,3,0,mainGameOrder28+mainGameOrder27+mainGameOrder25,1.367089,mainGameOrder28,1.866667,0.267631,1,over_bundle,over_bundle,mainGameOrder28,0.267631,0
p076,8,mainGameScenario8,Oakland,Oakland,mainGameOrder29,Sprouts Farmers Market,Oakland,17,8.25,3,0,mainGameOrder30,Sprouts Farmers Market,Oakland,15,13.5,6,0,mainGameOrder31,Sprouts Farmers Market,Oakland,15,12.75,5,0,mainGameOrder32,Sprouts Farmers Market,Oakland,14,8.25,3,0,mainGameOrder29+mainGameOrder32+mainGameOrder31,1.187097,mainGameOrder29,1.511111,0.214421,1,over_bundle,over_bundle,mainGameOrder29,0.214421,0
p076,9,mainGameScenario9,Piedmont,Piedmont,mainGameOrder33,Safeway,Piedmont,12,8.1,3,0,mainGameOrder34,Target,Emeryville,17,15.3,6,8,mainGameOrder35,Safeway,Piedmont,12,11.1,5,0,mainGameOrder36,Safeway,Piedmont,13,11.1,5,0,mainGameOrder35+mainGameOrder36+mainGameOrder33,0.946292,mainGameOrder33+mainGameOrder35+mainGameOrder36,0.946292,0,3,bundle_correct,bundle_correct,mainGameOrder33+mainGameOrder35+mainGameOrder36,0,0
p076,10,mainGameScenario10,Piedmont,Piedmont,mainGameOrder37,Safeway,Piedmont,14,8.1,5,0,mainGameOrder38,Safeway,Piedmont,20,8.1,6,0,mainGameOrder39,Safeway,Piedmont,19,7.4,6,0,mainGameOrder40,Safeway,Piedmont,23,11.8,2,0,mainGameOrder38+mainGameOrder39+mainGameOrder40,1.671159,mainGameOrder39+mainGameOrder40,1.673307,0.001284,2,bundle_correct,bundle_correct,mainGameOrder39+mainGameOrder40,0.001284,0
p076,11,mainGameScenario11,Emeryville,Emeryville,mainGameOrder41,Berkeley Bowl,Berkeley,13,7.8,2,7,mainGameOrder42,Target,Emeryville,19,7.8,2,0,mainGameOrder43,Target,Emeryville,18,8.7,5,0,mainGameOrder44,Target,Emeryville,15,13.5,3,0,mainGameOrder42+mainGameOrder43+mainGameOrder44,1.464789,mainGameOrder42+mainGameOrder43,1.637168,0.105291,2,bundle_correct,bundle_correct,mainGameOrder42+mainGameOrder43,0.105291,0
p076,12,mainGameScenario12,Emeryville,Emeryville,mainGameOrder45,Target,Emeryville,16,13.5,3,0,mainGameOrder46,Target,Emeryville,14,9.6,5,0,mainGameOrder47,Target,Emeryville,22,13.5,6,0,mainGameOrder48,Target,Emeryville,14,13.5,2,0,mainGameOrder47+mainGameOrder45+mainGameOrder46,1.150442,mainGameOrder45+mainGameOrder46+mainGameOrder47,1.150442,0,3,bundle_correct,bundle_correct,mainGameOrder45+mainGameOrder46+mainGameOrder47,0,0
p077,1,mainGameScenario1,Berkeley,,mainGameOrder1,Berkeley Bowl,Berkeley,22,7.8,3,0,mainGameOrder2,Berkeley Bowl,Berkeley,22,8.4,6,0,mainGameOrder3,Berkeley Bowl,Berkeley,15,9,4,0,mainGameOrder4,Sprouts Farmers Market,Oakland,18,9.75,2,10,mainGameOrder2+mainGameOrder1+mainGameOrder3,1.676136,mainGameOrder1,2.037037,0.177169,1,over_bundle,over_bundle,,,0
p077,2,mainGameScenario2,Berkeley,,mainGameOrder5,Berkeley Bowl,Berkeley,24,12,5,0,mainGameOrder6,Berkeley Bowl,Berkeley,15,11.4,4,0,mainGameOrder7,Berkeley Bowl,Berkeley,15,12,2,0,mainGameOrder8,Berkeley Bowl,Berkeley,20,7.8,3,0,mainGameOrder5+mainGameOrder8+mainGameOrder7,1.520619,mainGameOrder8,1.851852,0.178866,1,over_bundle,over_bundle,,,0
p077,3,mainGameScenario3,Berkeley,,mainGameOrder9,Berkeley Bowl,Berkeley,15,13.2,3,0,mainGameOrder10,Sprouts Farmers Market,Oakland,23,12.75,3,10,mainGameOrder11,Berkeley Bowl,Berkeley,23,12,6,0,mainGameOrder12,Berkeley Bowl,Berkeley,16,7.8,6,0,mainGameOrder11+mainGameOrder9+mainGameOrder12,1.216216,mainGameOrder11,1.277778,0.048179,1,over_bundle,over_bundle,,,0
p077,4,mainGameScenario4,Berkeley,,mainGameOrder13,Berkeley Bowl,Berkeley,17,7.2,4,0,mainGameOrder14,Berkeley Bowl,Berkeley,17,7.8,2,0,mainGameOrder15,Berkeley Bowl,Berkeley,20,12,2,0,mainGameOrder16,Berkeley Bowl,Berkeley,16,11.4,6,0,mainGameOrder15+mainGameOrder13,1.581197,mainGameOrder14,1.734694,0.088487,1,over_bundle,over_bundle,,,0
p077,5,mainGameScenario5,Berkeley,,mainGameOrder17,Sprouts Farmers Market,Oakland,14,7.5,4,10,mainGameOrder18,Safeway,Piedmont,20,12.5,5,11,mainGameOrder19,Sprouts Farmers Market,Oakland,17,8.25,4,10,mainGameOrder20,Safeway,Piedmont,13,8.1,4,11,mainGameOrder18+mainGameOrder20,0.841837,mainGameOrder17+mainGameOrder19,0.918519,0.083484,2,bundle_correct,bundle_correct,,,0
p077,6,mainGameScenario6,Piedmont,,mainGameOrder21,Sprouts Farmers Market,Oakland,19,12,2,5,mainGameOrder22,Sprouts Farmers Market,Oakland,22,8.25,2,5,mainGameOrder23,Sprouts Farmers Market,Oakland,24,8.25,6,5,mainGameOrder24,Sprouts Farmers Market,Oakland,18,9.75,2,5,mainGameOrder23+mainGameOrder21+mainGameOrder22,1.604938,mainGameOrder22,1.442623,0,1,over_bundle,over_bundle,,,0
p077,7,mainGameScenario7,Oakland,,mainGameOrder25,Sprouts Farmers Market,Oakland,12,13.5,4,0,mainGameOrder26,Target,Emeryville,17,13.5,2,6,mainGameOrder27,Sprouts Farmers Market,Oakland,21,9,4,0,mainGameOrder28,Sprouts Farmers Market,Oakland,21,8.25,3,0,mainGameOrder27+mainGameOrder28,1.787234,mainGameOrder28,1.866667,0.042553,1,over_bundle,over_bundle,,,0
p077,8,mainGameScenario8,Oakland,,mainGameOrder29,Sprouts Farmers Market,Oakland,17,8.25,3,0,mainGameOrder30,Sprouts Farmers Market,Oakland,15,13.5,6,0,mainGameOrder31,Sprouts Farmers Market,Oakland,15,12.75,5,0,mainGameOrder32,Sprouts Farmers Market,Oakland,14,8.25,3,0,mainGameOrder29+mainGameOrder32,1.47619,mainGameOrder29,1.511111,0.023109,1,over_bundle,over_bundle,,,0
p077,9,mainGameScenario9,Oakland,,mainGameOrder33,Safeway,Piedmont,12,8.1,3,5,mainGameOrder34,Target,Emeryville,17,15.3,6,6,mainGameOrder35,Safeway,Piedmont,12,11.1,5,5,mainGameOrder36,Safeway,Piedmont,13,11.1,5,5,mainGameOrder33+mainGameOrder35+mainGameOrder36,0.839002,mainGameOrder33+mainGameOrder35+mainGameOrder36,0.839002,0,3,bundle_correct,bundle_correct,,,0
p077,10,mainGameScenario10,Piedmont,,mainGameOrder37,Safeway,Piedmont,14,8.1,5,0,mainGameOrder38,Safeway,Piedmont,20,8.1,6,0,mainGameOrder39,Safeway,Piedmont,19,7.4,6,0,mainGameOrder40,Safeway,Piedmont,23,11.8,2,0,mainGameOrder40+mainGameOrder39+mainGameOrder38,1.671159,mainGameOrder39+mainGameOrder40,1.673307,0.001284,2,bundle_correct,bundle_correct,,,0
p077,11,mainGameScenario11,Piedmont,,mainGameOrder41,Berkeley Bowl,Berkeley,13,7.8,2,11,mainGameOrder42,Target,Emeryville,19,7.8,2,8,mainGameOrder43,Target,Emeryville,18,8.7,5,8,mainGameOrder44,Target,Emeryville,15,13.5,3,8,mainGameOrder44+mainGameOrder43,0.953757,mainGameOrder42+mainGameOrder43,1.20915,0.211217,2,bundle_correct,bundle_correct,,,0
p077,12,mainGameScenario12,Emeryville,,mainGameOrder45,Target,Emeryville,16,13.5,3,0,mainGameOrder46,Target,Emeryville,14,9.6,5,0,mainGameOrder47,Target,Emeryville,22,13.5,6,0,mainGameOrder48,Target,Emeryville,14,13.5,2,0,mainGameOrder47+mainGameOrder48+mainGameOrder45,1.150442,mainGameOrder45+mainGameOrder46+mainGameOrder47,1.150442,0,3,bundle_correct,bundle_correct,,,0
p077,13,mainGameScenario13,Emeryville,,mainGameOrder49,Target,Emeryville,24,11.7,2,0,mainGameOrder50,Berkeley Bowl,Berkeley,17,8.4,6,7,mainGameOrder51,Berkeley Bowl,Berkeley,14,7.8,5,7,mainGameOrder52,Target,Emeryville,12,9.6,5,0,mainGameOrder49+mainGameOrder52,1.358491,mainGameOrder49,1.751825,0.224528,1,over_bundle,over_bundle,,,0
p077,14,mainGameScenario14,Emeryville,,mainGameOrder53,Target,Emeryville,21,13.5,6,0,mainGameOrder54,Target,Emeryville,14,13.5,5,0,mainGameOrder55,Target,Emeryville,22,13.5,6,0,mainGameOrder56,Target,Emeryville,18,7.8,6,0,mainGameOrder55+mainGameOrder53+mainGameOrder56,1.26294,mainGameOrder56,1.304348,0.031746,1,over_bundle,over_bundle,,,0
p077,15,mainGameScenario15,Emeryville,,mainGameOrder57,Safeway,Piedmont,22,7.4,4,8,mainGameOrder58,Sprouts Farmers Market,Oakland,18,13.5,2,6,mainGameOrder59,Safeway,Piedmont,17,7.4,4,8,mainGameOrder60,Safeway,Piedmont,22,11.8,5,8,mainGameOrder57+mainGameOrder60+mainGameOrder59,1.40553,mainGameOrder57+mainGameOrder59+mainGameOrder60,1.40553,0,3,bundle_correct,bundle_correct,,,0
p077,16,mainGameScenario16,Piedmont,,mainGameOrder61,Safeway,Piedmont,24,12.5,3,0,mainGameOrder62,Safeway,Piedmont,24,8.1,2,0,mainGameOrder63,Safeway,Piedmont,18,12.5,4,0,mainGameOrder64,Safeway,Piedmont,22,11.1,2,0,mainGameOrder64+mainGameOrder61+mainGameOrder62,2.028986,mainGameOrder62,2.376238,0.146135,1,over_bundle,over_bundle,,,0
p077,17,mainGameScenario17,Piedmont,,mainGameOrder65,Safeway,Piedmont,19,7.4,6,0,mainGameOrder66,Sprouts Farmers Market,Oakland,22,7.5,3,5,mainGameOrder67,Sprouts Farmers Market,Oakland,17,12.75,6,5,mainGameOrder68,Sprouts Farmers Market,Oakland,13,12.75,6,5,mainGameOrder66+mainGameOrder67+mainGameOrder68,1.04,mainGameOrder66,1.419355,0.267273,1,over_bundle,over_bundle,,,0
p077,18,mainGameScenario18,Oakland,,mainGameOrder69,Sprouts Farmers Market,Oakland,14,8.25,5,0,mainGameOrder70,Sprouts Farmers Market,Oakland,13,8.25,3,0,mainGameOrder71,Sprouts Farmers Market,Oakland,22,14.25,3,0,mainGameOrder72,Sprouts Farmers Market,Oakland,19,9,4,0,mainGameOrder71+mainGameOrder72+mainGameOrder69,1.358025,mainGameOrder71+mainGameOrder72,1.464286,0.072569,2,bundle_correct,bundle_correct,,,0
p077,19,mainGameScenario19,Oakland,,mainGameOrder73,Sprouts Farmers Market,Oakland,12,12.75,5,0,mainGameOrder74,Safeway,Piedmont,17,7.4,5,5,mainGameOrder75,Sprouts Farmers Market,Oakland,18,9,3,0,mainGameOrder76,Sprouts Farmers Market,Oakland,24,14.25,2,0,mainGameOrder76+mainGameOrder75,1.486726,mainGameOrder75,1.5,0.00885,1,over_bundle,over_bundle,,,0
p078,1,mainGameScenario1,Berkeley,,mainGameOrder1,Berkeley Bowl,Berkeley,22,7.8,3,0,mainGameOrder2,Berkeley Bowl,Berkeley,22,8.4,6,0,mainGameOrder3,Berkeley Bowl,Berkeley,15,9,4,0,mainGameOrder4,Sprouts Farmers Market,Oakland,18,9.75,2,10,mainGameOrder1+mainGameOrder2+mainGameOrder3,1.676136,mainGameOrder1,2.037037,0.177169,1,over_bundle,over_bundle,,,0
p078,2,mainGameScenario2,Berkeley,,mainGameOrder5,Berkeley Bowl,Berkeley,24,12,5,0,mainGameOrder6,Berkeley Bowl,Berkeley,15,11.4,4,0,mainGameOrder7,Berkeley Bowl,Berkeley,15,12,2,0,mainGameOrder8,Berkeley Bowl,Berkeley,20,7.8,3,0,mainGameOrder5+mainGameOrder8+mainGameOrder7,1.520619,mainGameOrder8,1.851852,0.178866,1,over_bundle,over_bundle,,,0
p078,3,mainGameScenario3,Berkeley,,mainGameOrder9,Berkeley Bowl,Berkeley,15,13.2,3,0,mainGameOrder10,Sprouts Farmers Market,Oakland,23,12.75,3,10,mainGameOrder11,Berkeley Bowl,Berkeley,23,12,6,0,mainGameOrder12,Berkeley Bowl,Berkeley,16,7.8,6,0,mainGameOrder9+mainGameOrder11+mainGameOrder12,1.216216,mainGameOrder11,1.277778,0.048179,1,over_bundle,over_bundle,,,0
p078,4,mainGameScenario4,Berkeley,,mainGameOrder13,Berkeley Bowl,Berkeley,17,7.2,4,0,mainGameOrder14,Berkeley Bowl,Berkeley,17,7.8,2,0,mainGameOrder15,Berkeley Bowl,Berkeley,20,12,2,0,mainGameOrder16,Berkeley Bowl,Berkeley,16,11.4,6,0,mainGameOrder13+mainGameOrder14+mainGameOrder15,1.6875,mainGameOrder14,1.734694,0.027206,1,over_bundle,over_bundle,,,0
p078,5,mainGameScenario5,Berkeley,,mainGameOrder17,Sprouts Farmers Market,Oakland,14,7.5,4,10,mainGameOrder18,Safeway,Piedmont,20,12.5,5,11,mainGameOrder19,Sprouts Farmers Market,Oakland,17,8.25,4,10,mainGameOrder20,Safeway,Piedmont,13,8.1,4,11,mainGameOrder18+mainGameOrder20,0.841837,mainGameOrder17+mainGameOrder19,0.918519,0.083484,2,bundle_correct,bundle_correct,,,0
p078,6,mainGameScenario6,Piedmont,,mainGameOrder21,Sprouts Farmers Market,Oakland,19,12,2,5,mainGameOrder22,Sprouts Farmers Market,Oakland,22,8.25,2,5,mainGameOrder23,Sprouts Farmers Market,Oakland,24,8.25,6,5,mainGameOrder24,Sprouts Farmers Market,Oakland,18,9.75,2,5,mainGameOrder23+mainGameOrder22+mainGameOrder24,1.610063,mainGameOrder22,1.442623,0,1,over_bundle,over_bundle,,,0
p078,7,mainGameScenario7,Oakland,,mainGameOrder25,Sprouts Farmers Market,Oakland,12,13.5,4,0,mainGameOrder26,Target,Emeryville,17,13.5,2,6,mainGameOrder27,Sprouts Farmers Market,Oakland,21,9,4,0,mainGameOrder28,Sprouts Farmers Market,Oakland,21,8.25,3,0,mainGameOrder25+mainGameOrder27+mainGameOrder28,1.367089,mainGameOrder28,1.866667,0.267631,1,over_bundle,over_bundle,,,0
p078,8,mainGameScenario8,Oakland,,mainGameOrder29,Sprouts Farmers Market,Oakland,17,8.25,3,0,mainGameOrder30,Sprouts Farmers Market,Oakland,15,13.5,6,0,mainGameOrder31,Sprouts Farmers Market,Oakland,15,12.75,5,0,mainGameOrder32,Sprouts Farmers Market,Oakland,14,8.25,3,0,mainGameOrder29+mainGameOrder31+mainGameOrder32,1.187097,mainGameOrder29,1.511111,0.214421,1,over_bundle,over_bundle,,,0
p078,9,mainGameScenario9,Oakland,,mainGameOrder33,Safeway,Piedmont,12,8.1,3,5,mainGameOrder34,Target,Emeryville,17,15.3,6,6,mainGameOrder35,Safeway,Piedmont,12,11.1,5,5,mainGameOrder36,Safeway,Piedmont,13,11.1,5,5,mainGameOrder33+mainGameOrder35+mainGameOrder36,0.839002,mainGameOrder33+mainGameOrder35+mainGameOrder36,0.839002,0,3,bundle_correct,bundle_correct,,,0
p078,10,mainGameScenario10,Piedmont,,mainGameOrder37,Safeway,Piedmont,14,8.1,5,0,mainGameOrder38,Safeway,Piedmont,20,8.1,6,0,mainGameOrder39,Safeway,Piedmont,19,7.4,6,0,mainGameOrder40,Safeway,Piedmont,23,11.8,2,0,mainGameOrder40+mainGameOrder39+mainGameOrder38,1.671159,mainGameOrder39+mainGameOrder40,1.673307,0.001284,2,bundle_correct,bundle_correct,,,0
p078,11,mainGameScenario11,Piedmont,,mainGameOrder41,Berkeley Bowl,Berkeley,13,7.8,2,11,mainGameOrder42,Target,Emeryville,19,7.8,2,8,mainGameOrder43,Target,Emeryville,18,8.7,5,8,mainGameOrder44,Target,Emeryville,15,13.5,3,8,mainGameOrder42+mainGameOrder44+mainGameOrder43,1.195402,mainGameOrder42+mainGameOrder43,1.20915,0.01137,2,bundle_correct,bundle_correct,,,0
p078,12,mainGameScenario12,Emeryville,,mainGameOrder45,Target,Emeryville,16,13.5,3,0,mainGameOrder46,Target,Emeryville,14,9.6,5,0,mainGameOrder47,Target,Emeryville,22,13.5,6,0,mainGameOrder48,Target,Emeryville,14,13.5,2,0,mainGameOrder45+mainGameOrder47+mainGameOrder46,1.150442,mainGameOrder45+mainGameOrder46+mainGameOrder47,1.150442,0,3,bundle_correct,bundle_correct,,,0
p078,13,mainGameScenario13,Emeryville,,mainGameOrder49,Target,Emeryville,24,11.7,2,0,mainGameOrder50,Berkeley Bowl,Berkeley,17,8.4,6,7,mainGameOrder51,Berkeley Bowl,Berkeley,14,7.8,5,7,mainGameOrder52,Target,Emeryville,12,9.6,5,0,mainGameOrder49+mainGameOrder52,1.358491,mainGameOrder49,1.751825,0.224528,1,over_bundle,over_bundle,,,0
p078,14,mainGameScenario14,Emeryville,,mainGameOrder53,Target,Emeryville,21,13.5,6,0,mainGameOrder54,Target,Emeryville,14,13.5,5,0,mainGameOrder55,Target,Emeryville,22,13.5,6,0,mainGameOrder56,Target,Emeryville,18,7.8,6,0,mainGameOrder55+mainGameOrder53+mainGameOrder56,1.26294,mainGameOrder56,1.304348,0.031746,1,over_bundle,over_bundle,,,0
p078,15,mainGameScenario15,Emeryville,,mainGameOrder57,Safeway,Piedmont,22,7.4,4,8,mainGameOrder58,Sprouts Farmers Market,Oakland,18,13.5,2,6,mainGameOrder59,Safeway,Piedmont,17,7.4,4,8,mainGameOrder60,Safeway,Piedmont,22,11.8,5,8,mainGameOrder57+mainGameOrder59+mainGameOrder60,1.40553,mainGameOrder57+mainGameOrder59+mainGameOrder60,1.40553,0,3,bundle_correct,bundle_correct,,,0
p078,16,mainGameScenario16,Piedmont,,mainGameOrder61,Safeway,Piedmont,24,12.5,3,0,mainGameOrder62,Safeway,Piedmont,24,8.1,2,0,mainGameOrder63,Safeway,Piedmont,18,12.5,4,0,mainGameOrder64,Safeway,Piedmont,22,11.1,2,0,mainGameOrder61+mainGameOrder62+mainGameOrder64,2.028986,mainGameOrder62,2.376238,0.146135,1,over_bundle,over_bundle,,,0
p078,17,mainGameScenario17,Piedmont,,mainGameOrder65,Safeway,Piedmont,19,7.4,6,0,mainGameOrder66,Sprouts Farmers Market,Oakland,22,7.5,3,5,mainGameOrder67,Sprouts Farmers Market,Oakland,17,12.75,6,5,mainGameOrder68,Sprouts Farmers Market,Oakland,13,12.75,6,5,mainGameOrder66+mainGameOrder68+mainGameOrder67,1.04,mainGameOrder66,1.419355,0.267273,1,over_bundle,over_bundle,,,0
p078,18,mainGameScenario18,Oakland,,mainGameOrder69,Sprouts Farmers Market,Oakland,14,8.25,5,0,mainGameOrder70,Sprouts Farmers Market,Oakland,13,8.25,3,0,mainGameOrder71,Sprouts Farmers Market,Oakland,22,14.25,3,0,mainGameOrder72,Sprouts Farmers Market,Oakland,19,9,4,0,mainGameOrder71+mainGameOrder72+mainGameOrder69,1.358025,mainGameOrder71+mainGameOrder72,1.464286,0.072569,2,bundle_correct,bundle_correct,,,0
p079,1,mainGameScenario1,Berkeley,,mainGameOrder1,Berkeley Bowl,Berkeley,22,7.8,3,0,mainGameOrder2,Berkeley Bowl,Berkeley,22,8.4,6,0,mainGameOrder3,Berkeley Bowl,Berkeley,15,9,4,0,mainGameOrder4,Sprouts Farmers Market,Oakland,18,9.75,2,10,mainGameOrder3+mainGameOrder1+mainGameOrder2,1.676136,mainGameOrder1,2.037037,0.177169,1,over_bundle,over_bundle,,,0
p079,2,mainGameScenario2,Berkeley,,mainGameOrder5,Berkeley Bowl,Berkeley,24,12,5,0,mainGameOrder6,Berkeley Bowl,Berkeley,15,11.4,4,0,mainGameOrder7,Berkeley Bowl,Berkeley,15,12,2,0,mainGameOrder8,Berkeley Bowl,Berkeley,20,7.8,3,0,mainGameOrder5+mainGameOrder8+mainGameOrder6,1.489899,mainGameOrder8,1.851852,0.195455,1,over_bundle,over_bundle,,,0
p079,3,mainGameScenario3,Berkeley,,mainGameOrder9,Berkeley Bowl,Berkeley,15,13.2,3,0,mainGameOrder10,Sprouts Farmers Market,Oakland,23,12.75,3,10,mainGameOrder11,Berkeley Bowl,Berkeley,23,12,6,0,mainGameOrder12,Berkeley Bowl,Berkeley,16,7.8,6,0,mainGameOrder12+mainGameOrder11+mainGameOrder9,1.216216,mainGameOrder11,1.277778,0.048179,1,over_bundle,over_bundle,,,0
p079,4,mainGameScenario4,Berkeley,,mainGameOrder13,Berkeley Bowl,Berkeley,17,7.2,4,0,mainGameOrder14,Berkeley Bowl,Berkeley,17,7.8,2,0,mainGameOrder15,Berkeley Bowl,Berkeley,20,12,2,0,mainGameOrder16,Berkeley Bowl,Berkeley,16,11.4,6,0,mainGameOrder15+mainGameOrder13+mainGameOrder14,1.6875,mainGameOrder14,1.734694,0.027206,1,over_bundle,over_bundle,,,0
p079,5,mainGameScenario5,Berkeley,,mainGameOrder17,Sprouts Farmers Market,Oakland,14,7.5,4,10,mainGameOrder18,Safeway,Piedmont,20,12.5,5,11,mainGameOrder19,Sprouts Farmers Market,Oakland,17,8.25,4,10,mainGameOrder20,Safeway,Piedmont,13,8.1,4,11,mainGameOrder19+mainGameOrder17,0.918519,mainGameOrder17+mainGameOrder19,0.918519,0,2,bundle_correct,bundle_correct,,,0
p079,6,mainGameScenario6,Oakland,,mainGameOrder21,Sprouts Farmers Market,Oakland,19,12,2,0,mainGameOrder22,Sprouts Farmers Market,Oakland,22,8.25,2,0,mainGameOrder23,Sprouts Farmers Market,Oakland,24,8.25,6,0,mainGameOrder24,Sprouts Farmers Market,Oakland,18,9.75,2,0,mainGameOrder23+mainGameOrder22+mainGameOrder21,1.830986,mainGameOrder22,2.146341,0.146927,1,over_bundle,over_bundle,,,0
p079,7,mainGameScenario7,Oakland,,mainGameOrder25,Sprouts Farmers Market,Oakland,12,13.5,4,0,mainGameOrder26,Target,Emeryville,17,13.5,2,6,mainGameOrder27,Sprouts Farmers Market,Oakland,21,9,4,0,mainGameOrder28,Sprouts Farmers Market,Oakland,21,8.25,3,0,mainGameOrder28+mainGameOrder27+mainGameOrder25,1.367089,mainGameOrder28,1.866667,0.267631,1,over_bundle,over_bundle,,,0
p079,8,mainGameScenario8,Oakland,,mainGameOrder29,Sprouts Farmers Market,Oakland,17,8.25,3,0,mainGameOrder30,Sprouts Farmers Market,Oakland,15,13.5,6,0,mainGameOrder31,Sprouts Farmers Market,Oakland,15,12.75,5,0,mainGameOrder32,Sprouts Farmers Market,Oakland,14,8.25,3,0,mainGameOrder29+mainGameOrder31+mainGameOrder30,1.016216,mainGameOrder29,1.511111,0.327504,1,over_bundle,over_bundle,,,0
p079,9,mainGameScenario9,Oakland,,mainGameOrder33,Safeway,Piedmont,12,8.1,3,5,mainGameOrder34,Target,Emeryville,17,15.3,6,6,mainGameOrder35,Safeway,Piedmont,12,11.1,5,5,mainGameOrder36,Safeway,Piedmont,13,11.1,5,5,mainGameOrder36+mainGameOrder35+mainGameOrder33,0.839002,mainGameOrder33+mainGameOrder35+mainGameOrder36,0.839002,0,3,bundle_correct,bundle_correct,,,0
p079,10,mainGameScenario10,Piedmont,,mainGameOrder37,Safeway,Piedmont,14,8.1,5,0,mainGameOrder38,Safeway,Piedmont,20,8.1,6,0,mainGameOrder39,Safeway,Piedmont,19,7.4,6,0,mainGameOrder40,Safeway,Piedmont,23,11.8,2,0,mainGameOrder38+mainGameOrder40+mainGameOrder39,1.671159,mainGameOrder39+mainGameOrder40,1.673307,0.001284,2,bundle_correct,bundle_correct,,,0
p079,11,mainGameScenario11,Piedmont,,mainGameOrder41,Berkeley Bowl,Berkeley,13,7.8,2,11,mainGameOrder42,Target,Emeryville,19,7.8,2,8,mainGameOrder43,Target,Emeryville,18,8.7,5,8,mainGameOrder44,Target,Emeryville,15,13.5,3,8,mainGameOrder42+mainGameOrder44+mainGameOrder43,1.195402,mainGameOrder42+mainGameOrder43,1.20915,0.01137,2,bundle_correct,bundle_correct,,,0
p079,12,mainGameScenario12,Emeryville,,mainGameOrder45,Target,Emeryville,16,13.5,3,0,mainGameOrder46,Target,Emeryville,14,9.6,5,0,mainGameOrder47,Target,Emeryville,22,13.5,6,0,mainGameOrder48,Target,Emeryville,14,13.5,2,0,mainGameOrder47+mainGameOrder45+mainGameOrder46,1.150442,mainGameOrder45+mainGameOrder46+mainGameOrder47,1.150442,0,3,bundle_correct,bundle_correct,,,0
p079,13,mainGameScenario13,Emeryville,,mainGameOrder49,Target,Emeryville,24,11.7,2,0,mainGameOrder50,Berkeley Bowl,Berkeley,17,8.4,6,7,mainGameOrder51,Berkeley Bowl,Berkeley,14,7.8,5,7,mainGameOrder52,Target,Emeryville,12,9.6,5,0,mainGameOrder52+mainGameOrder49,1.358491,mainGameOrder49,1.751825,0.224528,1,over_bundle,over_bundle,,,0
p079,14,mainGameScenario14,Emeryville,,mainGameOrder53,Target,Emeryville,21,13.5,6,0,mainGameOrder54,Target,Emeryville,14,13.5,5,0,mainGameOrder55,Target,Emeryville,22,13.5,6,0,mainGameOrder56,Target,Emeryville,18,7.8,6,0,mainGameOrder53+mainGameOrder55+mainGameOrder56,1.26294,mainGameOrder56,1.304348,0.031746,1,over_bundle,over_bundle,,,0
p079,15,mainGameScenario15,Emeryville,,mainGameOrder57,Safeway,Piedmont,22,7.4,4,8,mainGameOrder58,Sprouts Farmers Market,Oakland,18,13.5,2,6,mainGameOrder59,Safeway,Piedmont,17,7.4,4,8,mainGameOrder60,Safeway,Piedmont,22,11.8,5,8,mainGameOrder57+mainGameOrder59+mainGameOrder60,1.40553,mainGameOrder57+mainGameOrder59+mainGameOrder60,1.40553,0,3,bundle_correct,bundle_correct,,,0
p079,16,mainGameScenario16,Piedmont,,mainGameOrder61,Safeway,Piedmont,24,12.5,3,0,mainGameOrder62,Safeway,Piedmont,24,8.1,2,0,mainGameOrder63,Safeway,Piedmont,18,12.5,4,0,mainGameOrder64,Safeway,Piedmont,22,11.1,2,0,mainGameOrder61+mainGameOrder62+mainGameOrder64,2.028986,mainGameOrder62,2.376238,0.146135,1,over_bundle,over_bundle,,,0
p079,17,mainGameScenario17,Piedmont,,mainGameOrder65,Safeway,Piedmont,19,7.4,6,0,mainGameOrder66,Sprouts Farmers Market,Oakland,22,7.5,3,5,mainGameOrder67,Sprouts Farmers Market,Oakland,17,12.75,6,5,mainGameOrder68,Sprouts Farmers Market,Oakland,13,12.75,6,5,mainGameOrder67+mainGameOrder68+mainGameOrder66,1.04,mainGameOrder66,1.419355,0.267273,1,over_bundle,over_bundle,,,0
p079,18,mainGameScenario18,Oakland,,mainGameOrder69,Sprouts Farmers Market,Oakland,14,8.25,5,0,mainGameOrder70,Sprouts Farmers Market,Oakland,13,8.25,3,0,mainGameOrder71,Sprouts Farmers Market,Oakland,22,14.25,3,0,mainGameOrder72,Sprouts Farmers Market,Oakland,19,9,4,0,mainGameOrder71+mainGameOrder72+mainGameOrder69,1.358025,mainGameOrder71+mainGameOrder72,1.464286,0.072569,2,bundle_correct,bundle_correct,,,0
p079,19,mainGameScenario19,Oakland,,mainGameOrder73,Sprouts Farmers Market,Oakland,12,12.75,5,0,mainGameOrder74,Safeway,Piedmont,17,7.4,5,5,mainGameOrder75,Sprouts Farmers Market,Oakland,18,9,3,0,mainGameOrder76,Sprouts Farmers Market,Oakland,24,14.25,2,0,mainGameOrder73+mainGameOrder75+mainGameOrder76,1.255814,mainGameOrder75,1.5,0.162791,1,over_bundle,over_bundle,,,0
p079,20,mainGameScenario20,Oakland,,mainGameOrder77,Sprouts Farmers Market,Oakland,24,14.25,6,0,mainGameOrder78,Sprouts Farmers Market,Oakland,23,8.25,4,0,mainGameOrder79,Sprouts Farmers Market,Oakland,17,14.25,4,0,mainGameOrder80,Sprouts Farmers Market,Oakland,20,11.25,5,0,mainGameOrder77+mainGameOrder78+mainGameOrder80,1.464481,mainGameOrder78,1.877551,0.220005,1,over_bundle,over_bundle,,,0
p080,1,mainGameScenario1,Berkeley,,mainGameOrder1,Berkeley Bowl,Berkeley,22,7.8,3,0,mainGameOrder2,Berkeley Bowl,Berkeley,22,8.4,6,0,mainGameOrder3,Berkeley Bowl,Berkeley,15,9,4,0,mainGameOrder4,Sprouts Farmers Market,Oakland,18,9.75,2,10,mainGameOrder1+mainGameOrder2+mainGameOrder3,1.676136,mainGameOrder1,2.037037,0.177169,1,over_bundle,over_bundle,,,0
p080,2,mainGameScenario2,Berkeley,,mainGameOrder5,Berkeley Bowl,Berkeley,24,12,5,0,mainGameOrder6,Berkeley Bowl,Berkeley,15,11.4,4,0,mainGameOrder7,Berkeley Bowl,Berkeley,15,12,2,0,mainGameOrder8,Berkeley Bowl,Berkeley,20,7.8,3,0,mainGameOrder5+mainGameOrder6+mainGameOrder8,1.489899,mainGameOrder8,1.851852,0.195455,1,over_bundle,over_bundle,,,0
p080,3,mainGameScenario3,Berkeley,,mainGameOrder9,Berkeley Bowl,Berkeley,15,13.2,3,0,mainGameOrder10,Sprouts Farmers Market,Oakland,23,12.75,3,10,mainGameOrder11,Berkeley Bowl,Berkeley,23,12,6,0,mainGameOrder12,Berkeley Bowl,Berkeley,16,7.8,6,0,mainGameOrder11+mainGameOrder12+mainGameOrder9,1.216216,mainGameOrder11,1.277778,0.048179,1,over_bundle,over_bundle,,,0
p080,4,mainGameScenario4,Berkeley,,mainGameOrder13,Berkeley Bowl,Berkeley,17,7.2,4,0,mainGameOrder14,Berkeley Bowl,Berkeley,17,7.8,2,0,mainGameOrder15,Berkeley Bowl,Berkeley,20,12,2,0,mainGameOrder16,Berkeley Bowl,Berkeley,16,11.4,6,0,mainGameOrder15+mainGameOrder13+mainGameOrder14,1.6875,mainGameOrder14,1.734694,0.027206,1,over_bundle,over_bundle,,,0
p080,5,mainGameScenario5,Berkeley,,mainGameOrder17,Sprouts Farmers Market,Oakland,14,7.5,4,10,mainGameOrder18,Safeway,Piedmont,20,12.5,5,11,mainGameOrder19,Sprouts Farmers Market,Oakland,17,8.25,4,10,mainGameOrder20,Safeway,Piedmont,13,8.1,4,11,mainGameOrder18+mainGameOrder20,0.841837,mainGameOrder17+mainGameOrder19,0.918519,0.083484,2,bundle_correct,bundle_correct,,,0
p080,6,mainGameScenario6,Piedmont,,mainGameOrder21,Sprouts Farmers Market,Oakland,19,12,2,5,mainGameOrder22,Sprouts Farmers Market,Oakland,22,8.25,2,5,mainGameOrder23,Sprouts Farmers Market,Oakland,24,8.25,6,5,mainGameOrder24,Sprouts Farmers Market,Oakland,18,9.75,2,5,mainGameOrder23+mainGameOrder22+mainGameOrder21,1.604938,mainGameOrder22,1.442623,0,1,over_bundle,over_bundle,,,0
p080,7,mainGameScenario7,Oakland,,mainGameOrder25,Sprouts Farmers Market,Oakland,12,13.5,4,0,mainGameOrder26,Target,Emeryville,17,13.5,2,6,mainGameOrder27,Sprouts Farmers Market,Oakland,21,9,4,0,mainGameOrder28,Sprouts Farmers Market,Oakland,21,8.25,3,0,mainGameOrder25+mainGameOrder27+mainGameOrder28,1.367089,mainGameOrder28,1.866667,0.267631,1,over_bundle,over_bundle,,,0
p080,8,mainGameScenario8,Oakland,,mainGameOrder29,Sprouts Farmers Market,Oakland,17,8.25,3,0,mainGameOrder30,Sprouts Farmers Market,Oakland,15,13.5,6,0,mainGameOrder31,Sprouts Farmers Market,Oakland,15,12.75,5,0,mainGameOrder32,Sprouts Farmers Market,Oakland,14,8.25,3,0,mainGameOrder29+mainGameOrder30+mainGameOrder31,1.016216,mainGameOrder29,1.511111,0.327504,1,over_bundle,over_bundle,,,0
p080,9,mainGameScenario9,Oakland,,mainGameOrder33,Safeway,Piedmont,12,8.1,3,5,mainGameOrder34,Target,Emeryville,17,15.3,6,6,mainGameOrder35,Safeway,Piedmont,12,11.1,5,5,mainGameOrder36,Safeway,Piedmont,13,11.1,5,5,mainGameOrder33+mainGameOrder35+mainGameOrder36,0.839002,mainGameOrder33+mainGameOrder35+mainGameOrder36,0.839002,0,3,bundle_correct,bundle_correct,,,0
p080,10,mainGameScenario10,Piedmont,,mainGameOrder37,Safeway,Piedmont,14,8.1,5,0,mainGameOrder38,Safeway,Piedmont,20,8.1,6,0,mainGameOrder39,Safeway,Piedmont,19,7.4,6,0,mainGameOrder40,Safeway,Piedmont,23,11.8,2,0,mainGameOrder40+mainGameOrder38+mainGameOrder39,1.671159,mainGameOrder39+mainGameOrder40,1.673307,0.001284,2,bundle_correct,bundle_correct,,,0
p080,11,mainGameScenario11,Piedmont,,mainGameOrder41,Berkeley Bowl,Berkeley,13,7.8,2,11,mainGameOrder42,Target,Emeryville,19,7.8,2,8,mainGameOrder43,Target,Emeryville,18,8.7,5,8,mainGameOrder44,Target,Emeryville,15,13.5,3,8,mainGameOrder42+mainGameOrder43+mainGameOrder44,1.195402,mainGameOrder42+mainGameOrder43,1.20915,0.01137,2,bundle_correct,bundle_correct,,,0
p080,12,mainGameScenario12,Emeryville,,mainGameOrder45,Target,Emeryville,16,13.5,3,0,mainGameOrder46,Target,Emeryville,14,9.6,5,0,mainGameOrder47,Target,Emeryville,22,13.5,6,0,mainGameOrder48,Target,Emeryville,14,13.5,2,0,mainGameOrder45+mainGameOrder47+mainGameOrder46,1.150442,mainGameOrder45+mainGameOrder46+mainGameOrder47,1.150442,0,3,bundle_correct,bundle_correct,,,0
p080,13,mainGameScenario13,Emeryville,,mainGameOrder49,Target,Emeryville,24,11.7,2,0,mainGameOrder50,Berkeley Bowl,Berkeley,17,8.4,6,7,mainGameOrder51,Berkeley Bowl,Berkeley,14,7.8,5,7,mainGameOrder52,Target,Emeryville,12,9.6,5,0,mainGameOrder49+mainGameOrder52,1.358491,mainGameOrder49,1.751825,0.224528,1,over_bundle,over_bundle,,,0
p081,1,mainGameScenario1,Berkeley,,mainGameOrder1,Berkeley Bowl,Berkeley,22,7.8,3,0,mainGameOrder2,Berkeley Bowl,Berkeley,22,8.4,6,0,mainGameOrder3,Berkeley Bowl,Berkeley,15,9,4,0,mainGameOrder4,Sprouts Farmers Market,Oakland,18,9.75,2,10,mainGameOrder1+mainGameOrder2+mainGameOrder3,1.676136,mainGameOrder1,2.037037,0.177169,1,over_bundle,over_bundle,,,0
p081,2,mainGameScenario2,Berkeley,,mainGameOrder5,Berkeley Bowl,Berkeley,24,12,5,0,mainGameOrder6,Berkeley Bowl,Berkeley,15,11.4,4,0,mainGameOrder7,Berkeley Bowl,Berkeley,15,12,2,0,mainGameOrder8,Berkeley Bowl,Berkeley,20,7.8,3,0,mainGameOrder6+mainGameOrder5+mainGameOrder8,1.489899,mainGameOrder8,1.851852,0.195455,1,over_bundle,over_bundle,,,0
p081,3,mainGameScenario3,Berkeley,,mainGameOrder9,Berkeley Bowl,Berkeley,15,13.2,3,0,mainGameOrder10,Sprouts Farmers Market,Oakland,23,12.75,3,10,mainGameOrder11,Berkeley Bowl,Berkeley,23,12,6,0,mainGameOrder12,Berkeley Bowl,Berkeley,16,7.8,6,0,mainGameOrder9+mainGameOrder11+mainGameOrder12,1.216216,mainGameOrder11,1.277778,0.048179,1,over_bundle,over_bundle,,,0
p081,4,mainGameScenario4,Berkeley,,mainGameOrder13,Berkeley Bowl,Berkeley,17,7.2,4,0,mainGameOrder14,Berkeley Bowl,Berkeley,17,7.8,2,0,mainGameOrder15,Berkeley Bowl,Berkeley,20,12,2,0,mainGameOrder16,Berkeley Bowl,Berkeley,16,11.4,6,0,mainGameOrder13+mainGameOrder14+mainGameOrder15,1.6875,mainGameOrder14,1.734694,0.027206,1,over_bundle,over_bundle,,,0
p081,5,mainGameScenario5,Berkeley,,mainGameOrder17,Sprouts Farmers Market,Oakland,14,7.5,4,10,mainGameOrder18,Safeway,Piedmont,20,12.5,5,11,mainGameOrder19,Sprouts Farmers Market,Oakland,17,8.25,4,10,mainGameOrder20,Safeway,Piedmont,13,8.1,4,11,mainGameOrder18+mainGameOrder20,0.841837,mainGameOrder17+mainGameOrder19,0.918519,0.083484,2,bundle_correct,bundle_correct,,,0
p081,6,mainGameScenario6,Piedmont,,mainGameOrder21,Sprouts Farmers Market,Oakland,19,12,2,5,mainGameOrder22,Sprouts Farmers Market,Oakland,22,8.25,2,5,mainGameOrder23,Sprouts Farmers Market,Oakland,24,8.25,6,5,mainGameOrder24,Sprouts Farmers Market,Oakland,18,9.75,2,5,mainGameOrder21+mainGameOrder22+mainGameOrder23,1.604938,mainGameOrder22,1.442623,0,1,over_bundle,over_bundle,,,0
p081,7,mainGameScenario7,Oakland,,mainGameOrder25,Sprouts Farmers Market,Oakland,12,13.5,4,0,mainGameOrder26,Target,Emeryville,17,13.5,2,6,mainGameOrder27,Sprouts Farmers Market,Oakland,21,9,4,0,mainGameOrder28,Sprouts Farmers Market,Oakland,21,8.25,3,0,mainGameOrder25+mainGameOrder28+mainGameOrder27,1.367089,mainGameOrder28,1.866667,0.267631,1,over_bundle,over_bundle,,,0
p081,8,mainGameScenario8,Oakland,,mainGameOrder29,Sprouts Farmers Market,Oakland,17,8.25,3,0,mainGameOrder30,Sprouts Farmers Market,Oakland,15,13.5,6,0,mainGameOrder31,Sprouts Farmers Market,Oakland,15,12.75,5,0,mainGameOrder32,Sprouts Farmers Market,Oakland,14,8.25,3,0,mainGameOrder29+mainGameOrder32,1.47619,mainGameOrder29,1.511111,0.023109,1,over_bundle,over_bundle,,,0
p081,9,mainGameScenario9,Oakland,,mainGameOrder33,Safeway,Piedmont,12,8.1,3,5,mainGameOrder34,Target,Emeryville,17,15.3,6,6,mainGameOrder35,Safeway,Piedmont,12,11.1,5,5,mainGameOrder36,Safeway,Piedmont,13,11.1,5,5,mainGameOrder33+mainGameOrder35+mainGameOrder36,0.839002,mainGameOrder33+mainGameOrder35+mainGameOrder36,0.839002,0,3,bundle_correct,bundle_correct,,,0
p081,10,mainGameScenario10,Piedmont,,mainGameOrder37,Safeway,Piedmont,14,8.1,5,0,mainGameOrder38,Safeway,Piedmont,20,8.1,6,0,mainGameOrder39,Safeway,Piedmont,19,7.4,6,0,mainGameOrder40,Safeway,Piedmont,23,11.8,2,0,mainGameOrder38+mainGameOrder40+mainGameOrder39,1.671159,mainGameOrder39+mainGameOrder40,1.673307,0.001284,2,bundle_correct,bundle_correct,,,0
p082,1,mainGameScenario1,Berkeley,,mainGameOrder1,Berkeley Bowl,Berkeley,22,7.8,3,0,mainGameOrder2,Berkeley Bowl,Berkeley,22,8.4,6,0,mainGameOrder3,Berkeley Bowl,Berkeley,15,9,4,0,mainGameOrder4,Sprouts Farmers Market,Oakland,18,9.75,2,10,mainGameOrder2+mainGameOrder1+mainGameOrder3,1.676136,mainGameOrder1,2.037037,0.177169,1,over_bundle,over_bundle,,,0
p082,2,mainGameScenario2,Berkeley,,mainGameOrder5,Berkeley Bowl,Berkeley,24,12,5,0,mainGameOrder6,Berkeley Bowl,Berkeley,15,11.4,4,0,mainGameOrder7,Berkeley Bowl,Berkeley,15,12,2,0,mainGameOrder8,Berkeley Bowl,Berkeley,20,7.8,3,0,mainGameOrder5+mainGameOrder8+mainGameOrder7,1.520619,mainGameOrder8,1.851852,0.178866,1,over_bundle,over_bundle,,,0
p082,3,mainGameScenario3,Berkeley,,mainGameOrder9,Berkeley Bowl,Berkeley,15,13.2,3,0,mainGameOrder10,Sprouts Farmers Market,Oakland,23,12.75,3,10,mainGameOrder11,Berkeley Bowl,Berkeley,23,12,6,0,mainGameOrder12,Berkeley Bowl,Berkeley,16,7.8,6,0,mainGameOrder9+mainGameOrder11+mainGameOrder12,1.216216,mainGameOrder11,1.277778,0.048179,1,over_bundle,over_bundle,,,0
p082,4,mainGameScenario4,Berkeley,,mainGameOrder13,Berkeley Bowl,Berkeley,17,7.2,4,0,mainGameOrder14,Berkeley Bowl,Berkeley,17,7.8,2,0,mainGameOrder15,Berkeley Bowl,Berkeley,20,12,2,0,mainGameOrder16,Berkeley Bowl,Berkeley,16,11.4,6,0,mainGameOrder13+mainGameOrder14+mainGameOrder15,1.6875,mainGameOrder14,1.734694,0.027206,1,over_bundle,over_bundle,,,0
p082,5,mainGameScenario5,Berkeley,,mainGameOrder17,Sprouts Farmers Market,Oakland,14,7.5,4,10,mainGameOrder18,Safeway,Piedmont,20,12.5,5,11,mainGameOrder19,Sprouts Farmers Market,Oakland,17,8.25,4,10,mainGameOrder20,Safeway,Piedmont,13,8.1,4,11,mainGameOrder18+mainGameOrder20,0.841837,mainGameOrder17+mainGameOrder19,0.918519,0.083484,2,bundle_correct,bundle_correct,,,0
p082,6,mainGameScenario6,Piedmont,,mainGameOrder21,Sprouts Farmers Market,Oakland,19,12,2,5,mainGameOrder22,Sprouts Farmers Market,Oakland,22,8.25,2,5,mainGameOrder23,Sprouts Farmers Market,Oakland,24,8.25,6,5,mainGameOrder24,Sprouts Farmers Market,Oakland,18,9.75,2,5,mainGameOrder22+mainGameOrder23+mainGameOrder21,1.604938,mainGameOrder22,1.442623,0,1,over_bundle,over_bundle,,,0
p082,7,mainGameScenario7,Oakland,,mainGameOrder25,Sprouts Farmers Market,Oakland,12,13.5,4,0,mainGameOrder26,Target,Emeryville,17,13.5,2,6,mainGameOrder27,Sprouts Farmers Market,Oakland,21,9,4,0,mainGameOrder28,Sprouts Farmers Market,Oakland,21,8.25,3,0,mainGameOrder28+mainGameOrder27+mainGameOrder25,1.367089,mainGameOrder28,1.866667,0.267631,1,over_bundle,over_bundle,,,0
p082,8,mainGameScenario8,Oakland,,mainGameOrder29,Sprouts Farmers Market,Oakland,17,8.25,3,0,mainGameOrder30,Sprouts Farmers Market,Oakland,15,13.5,6,0,mainGameOrder31,Sprouts Farmers Market,Oakland,15,12.75,5,0,mainGameOrder32,Sprouts Farmers Market,Oakland,14,8.25,3,0,mainGameOrder29+mainGameOrder30+mainGameOrder31,1.016216,mainGameOrder29,1.511111,0.327504,1,over_bundle,over_bundle,,,0
p082,9,mainGameScenario9,Oakland,,mainGameOrder33,Safeway,Piedmont,12,8.1,3,5,mainGameOrder34,Target,Emeryville,17,15.3,6,6,mainGameOrder35,Safeway,Piedmont,12,11.1,5,5,mainGameOrder36,Safeway,Piedmont,13,11.1,5,5,mainGameOrder33+mainGameOrder35+mainGameOrder36,0.839002,mainGameOrder33+mainGameOrder35+mainGameOrder36,0.839002,0,3,bundle_correct,bundle_correct,,,0
p082,10,mainGameScenario10,Piedmont,,mainGameOrder37,Safeway,Piedmont,14,8.1,5,0,mainGameOrder38,Safeway,Piedmont,20,8.1,6,0,mainGameOrder39,Safeway,Piedmont,19,7.4,6,0,mainGameOrder40,Safeway,Piedmont,23,11.8,2,0,mainGameOrder40+mainGameOrder38+mainGameOrder39,1.671159,mainGameOrder39+mainGameOrder40,1.673307,0.001284,2,bundle_correct,bundle_correct,,,0
p082,11,mainGameScenario11,Piedmont,,mainGameOrder41,Berkeley Bowl,Berkeley,13,7.8,2,11,mainGameOrder42,Target,Emeryville,19,7.8,2,8,mainGameOrder43,Target,Emeryville,18,8.7,5,8,mainGameOrder44,Target,Emeryville,15,13.5,3,8,mainGameOrder42+mainGameOrder44+mainGameOrder43,1.195402,mainGameOrder42+mainGameOrder43,1.20915,0.01137,2,bundle_correct,bundle_correct,,,0
p082,12,mainGameScenario12,Emeryville,,mainGameOrder45,Target,Emeryville,16,13.5,3,0,mainGameOrder46,Target,Emeryville,14,9.6,5,0,mainGameOrder47,Target,Emeryville,22,13.5,6,0,mainGameOrder48,Target,Emeryville,14,13.5,2,0,mainGameOrder47+mainGameOrder45+mainGameOrder46,1.150442,mainGameOrder45+mainGameOrder46+mainGameOrder47,1.150442,0,3,bundle_correct,bundle_correct,,,0
p082,13,mainGameScenario13,Emeryville,,mainGameOrder49,Target,Emeryville,24,11.7,2,0,mainGameOrder50,Berkeley Bowl,Berkeley,17,8.4,6,7,mainGameOrder51,Berkeley Bowl,Berkeley,14,7.8,5,7,mainGameOrder52,Target,Emeryville,12,9.6,5,0,mainGameOrder49+mainGameOrder52,1.358491,mainGameOrder49,1.751825,0.224528,1,over_bundle,over_bundle,,,0
p082,14,mainGameScenario14,Emeryville,,mainGameOrder53,Target,Emeryville,21,13.5,6,0,mainGameOrder54,Target,Emeryville,14,13.5,5,0,mainGameOrder55,Target,Emeryville,22,13.5,6,0,mainGameOrder56,Target,Emeryville,18,7.8,6,0,mainGameOrder55+mainGameOrder53+mainGameOrder56,1.26294,mainGameOrder56,1.304348,0.031746,1,over_bundle,over_bundle,,,0
p082,15,mainGameScenario15,Emeryville,,mainGameOrder57,Safeway,Piedmont,22,7.4,4,8,mainGameOrder58,Sprouts Farmers Market,Oakland,18,13.5,2,6,mainGameOrder59,Safeway,Piedmont,17,7.4,4,8,mainGameOrder60,Safeway,Piedmont,22,11.8,5,8,mainGameOrder60+mainGameOrder57,1.290323,mainGameOrder57+mainGameOrder59+mainGameOrder60,1.40553,0.081967,3,bundle_correct,bundle_correct,,,0
p082,16,mainGameScenario16,Piedmont,,mainGameOrder61,Safeway,Piedmont,24,12.5,3,0,mainGameOrder62,Safeway,Piedmont,24,8.1,2,0,mainGameOrder63,Safeway,Piedmont,18,12.5,4,0,mainGameOrder64,Safeway,Piedmont,22,11.1,2,0,mainGameOrder61+mainGameOrder62+mainGameOrder64,2.028986,mainGameOrder62,2.376238,0.146135,1,over_bundle,over_bundle,,,0
p082,17,mainGameScenario17,Piedmont,,mainGameOrder65,Safeway,Piedmont,19,7.4,6,0,mainGameOrder66,Sprouts Farmers Market,Oakland,22,7.5,3,5,mainGameOrder67,Sprouts Farmers Market,Oakland,17,12.75,6,5,mainGameOrder68,Sprouts Farmers Market,Oakland,13,12.75,6,5,mainGameOrder65,1.41791,mainGameOrder66,1.419355,0.001018,1,over_bundle,over_bundle,,,0
p083,1,mainGameScenario1,Berkeley,,mainGameOrder1,Berkeley Bowl,Berkeley,22,7.8,3,0,mainGameOrder2,Berkeley Bowl,Berkeley,22,8.4,6,0,mainGameOrder3,Berkeley Bowl,Berkeley,15,9,4,0,mainGameOrder4,Sprouts Farmers Market,Oakland,18,9.75,2,10,mainGameOrder1,2.037037,mainGameOrder1,2.037037,0,1,over_bundle,over_bundle,,,0
p084,1,mainGameScenario1,Berkeley,,mainGameOrder1,Berkeley Bowl,Berkeley,22,7.8,3,0,mainGameOrder2,Berkeley Bowl,Berkeley,22,8.4,6,0,mainGameOrder3,Berkeley Bowl,Berkeley,15,9,4,0,mainGameOrder4,Sprouts Farmers Market,Oakland,18,9.75,2,10,mainGameOrder1+mainGameOrder2+mainGameOrder3,1.676136,mainGameOrder1,2.037037,0.177169,1,over_bundle,over_bundle,,,0
p084,2,mainGameScenario2,Berkeley,,mainGameOrder5,Berkeley Bowl,Berkeley,24,12,5,0,mainGameOrder6,Berkeley Bowl,Berkeley,15,11.4,4,0,mainGameOrder7,Berkeley Bowl,Berkeley,15,12,2,0,mainGameOrder8,Berkeley Bowl,Berkeley,20,7.8,3,0,mainGameOrder7+mainGameOrder5+mainGameOrder6,1.317073,mainGameOrder8,1.851852,0.28878,1,over_bundle,over_bundle,,,0
p085,1,mainGameScenario1,Berkeley,Berkeley,mainGameOrder1,Berkeley Bowl,Berkeley,22,7.8,3,0,mainGameOrder2,Berkeley Bowl,Berkeley,22,8.4,6,0,mainGameOrder3,Berkeley Bowl,Berkeley,15,9,4,0,mainGameOrder4,Sprouts Farmers Market,Oakland,18,9.75,2,10,mainGameOrder1+mainGameOrder2+mainGameOrder3,1.676136,mainGameOrder1,2.037037,0.177169,1,over_bundle,over_bundle,mainGameOrder1,0.177169,0
p085,2,mainGameScenario2,Berkeley,Berkeley,mainGameOrder5,Berkeley Bowl,Berkeley,24,12,5,0,mainGameOrder6,Berkeley Bowl,Berkeley,15,11.4,4,0,mainGameOrder7,Berkeley Bowl,Berkeley,15,12,2,0,mainGameOrder8,Berkeley Bowl,Berkeley,20,7.8,3,0,mainGameOrder5,1.411765,mainGameOrder8,1.851852,0.237647,1,over_bundle,over_bundle,mainGameOrder8,0.237647,0
p085,3,mainGameScenario3,Berkeley,Berkeley,mainGameOrder9,Berkeley Bowl,Berkeley,15,13.2,3,0,mainGameOrder10,Sprouts Farmers Market,Oakland,23,12.75,3,10,mainGameOrder11,Berkeley Bowl,Berkeley,23,12,6,0,mainGameOrder12,Berkeley Bowl,Berkeley,16,7.8,6,0,mainGameOrder10,0.893204,mainGameOrder11,1.277778,0.300971,1,over_bundle,over_bundle,mainGameOrder11,0.300971,0
p085,4,mainGameScenario4,Oakland,Oakland,mainGameOrder13,Berkeley Bowl,Berkeley,17,7.2,4,10,mainGameOrder14,Berkeley Bowl,Berkeley,17,7.8,2,10,mainGameOrder15,Berkeley Bowl,Berkeley,20,12,2,10,mainGameOrder16,Berkeley Bowl,Berkeley,16,11.4,6,10,mainGameOrder13,0.801887,mainGameOrder14,0.858586,0.066038,1,over_bundle,over_bundle,mainGameOrder14,0.066038,0
p085,5,mainGameScenario5,Berkeley,Berkeley,mainGameOrder17,Sprouts Farmers Market,Oakland,14,7.5,4,10,mainGameOrder18,Safeway,Piedmont,20,12.5,5,11,mainGameOrder19,Sprouts Farmers Market,Oakland,17,8.25,4,10,mainGameOrder20,Safeway,Piedmont,13,8.1,4,11,mainGameOrder17,0.651163,mainGameOrder17+mainGameOrder19,0.918519,0.291073,2,bundle_correct,bundle_correct,mainGameOrder17+mainGameOrder19,0.291073,0
p085,6,mainGameScenario6,Oakland,Oakland,mainGameOrder21,Sprouts Farmers Market,Oakland,19,12,2,0,mainGameOrder22,Sprouts Farmers Market,Oakland,22,8.25,2,0,mainGameOrder23,Sprouts Farmers Market,Oakland,24,8.25,6,0,mainGameOrder24,Sprouts Farmers Market,Oakland,18,9.75,2,0,mainGameOrder21,1.357143,mainGameOrder22,2.146341,0.367695,1,over_bundle,over_bundle,mainGameOrder22,0.367695,0
p085,7,mainGameScenario7,Oakland,Oakland,mainGameOrder25,Sprouts Farmers Market,Oakland,12,13.5,4,0,mainGameOrder26,Target,Emeryville,17,13.5,2,6,mainGameOrder27,Sprouts Farmers Market,Oakland,21,9,4,0,mainGameOrder28,Sprouts Farmers Market,Oakland,21,8.25,3,0,mainGameOrder26,0.790698,mainGameOrder28,1.866667,0.576412,1,over_bundle,over_bundle,mainGameOrder28,0.576412,0
p085,8,mainGameScenario8,Emeryville,Emeryville,mainGameOrder29,Sprouts Farmers Market,Oakland,17,8.25,3,6,mainGameOrder30,Sprouts Farmers Market,Oakland,15,13.5,6,6,mainGameOrder31,Sprouts Farmers Market,Oakland,15,12.75,5,6,mainGameOrder32,Sprouts Farmers Market,Oakland,14,8.25,3,6,mainGameOrder29,0.985507,mainGameOrder29,0.985507,0,1,over_bundle,over_bundle,mainGameOrder29,0,0
