participant_token,round,scenario_id,current_city,order1_id,order1_store,order1_city,order1_earnings,order1_pick,order1_local,order1_cross,order2_id,order2_store,order2_city,order2_earnings,order2_pick,order2_local,order2_cross,order3_id,order3_store,order3_city,order3_earnings,order3_pick,order3_local,order3_cross,order4_id,order4_store,order4_city,order4_earnings,order4_pick,order4_local,order4_cross,chosen_bundle,chosen_score,oracle_bundle_recomputed,oracle_score,oracle_bundle_stored,percent_regret,round_type,oracle_path_sensitive,percent_regret_stored_oracle,regret_range,path_sensitive,stored_current_city,stored_oracle_deployed,stored_regret_deployed
p001,1,mainGameScenario1,Berkeley,mainGameOrder1,Berkeley Bowl,Berkeley,22,7.8,3,0,mainGameOrder2,Berkeley Bowl,Berkeley,22,8.4,6,0,mainGameOrder3,Berkeley Bowl,Berkeley,15,9,4,0,mainGameOrder4,Sprouts Farmers Market,Oakland,18,9.75,2,12,mainGameOrder1+mainGameOrder2+mainGameOrder3,1.6761,mainGameOrder1,2.037,mainGameOrder1,0.1772,over_bundle,0,0.1772,0.184,1,,,
p001,2,mainGameScenario2,Berkeley,mainGameOrder5,Berkeley Bowl,Berkeley,24,12,5,0,mainGameOrder6,Berkeley Bowl,Berkeley,15,11.4,4,0,mainGameOrder7,Berkeley Bowl,Berkeley,15,12,2,0,mainGameOrder8,Berkeley Bowl,Berkeley,20,7.8,3,0,mainGameOrder5+mainGameOrder8+mainGameOrder6,1.4899,mainGameOrder8,1.8519,mainGameOrder8,0.1955,over_bundle,0,0.1955,0.1805,1,,,
p001,3,mainGameScenario3,Berkeley,mainGameOrder9,Berkeley Bowl,Berkeley,15,13.2,3,0,mainGameOrder10,Sprouts Farmers Market,Oakland,23,12.75,3,12,mainGameOrder11,Berkeley Bowl,Berkeley,23,12,6,0,mainGameOrder12,Berkeley Bowl,Berkeley,16,7.8,6,0,mainGameOrder9+mainGameOrder11+mainGameOrder12,1.2162,mainGameOrder11,1.2778,mainGameOrder11,0.0482,over_bundle,0,0.0482,0.3444,1,,,
p001,4,mainGameScenario4,Berkeley,mainGameOrder13,Berkeley Bowl,Berkeley,17,7.2,4,0,mainGameOrder14,Berkeley Bowl,Berkeley,17,7.8,2,0,mainGameOrder15,Berkeley Bowl,Berkeley,20,12,2,0,mainGameOrder16,Berkeley Bowl,Berkeley,16,11.4,6,0,mainGameOrder15+mainGameOrder13+mainGameOrder14,1.6875,mainGameOrder14,1.7347,mainGameOrder14,0.0272,over_bundle,0,0.0272,0.0272,1,,,
p001,5,mainGameScenario5,Berkeley,mainGameOrder17,Sprouts Farmers Market,Oakland,14,7.5,4,12,mainGameOrder18,Safeway,Piedmont,20,12.5,5,14,mainGameOrder19,Sprouts Farmers Market,Oakland,17,8.25,4,12,mainGameOrder20,Safeway,Piedmont,13,8.1,4,14,mainGameOrder18+mainGameOrder20,0.782,mainGameOrder17+mainGameOrder19,0.8671,mainGameOrder17+mainGameOrder19,0.0982,bundle_correct,0,0.0982,0.3431,1,,,
p001,6,mainGameScenario6,Piedmont,mainGameOrder21,Sprouts Farmers Market,Oakland,19,12,2,8,mainGameOrder22,Sprouts Farmers Market,Oakland,22,8.25,2,8,mainGameOrder23,Sprouts Farmers Market,Oakland,24,8.25,6,8,mainGameOrder24,Sprouts Farmers Market,Oakland,18,9.75,2,8,mainGameOrder22+mainGameOrder23+mainGameOrder21,1.3978,mainGameOrder22+mainGameOrder23+mainGameOrder24,1.4463,mainGameOrder22,0.0335,over_bundle,1,0,0.1838,1,,,
p001,7,mainGameScenario7,Oakland,mainGameOrder25,Sprouts Farmers Market,Oakland,12,13.5,4,0,mainGameOrder26,Target,Emeryville,17,13.5,2,8,mainGameOrder27,Sprouts Farmers Market,Oakland,21,9,4,0,mainGameOrder28,Sprouts Farmers Market,Oakland,21,8.25,3,0,mainGameOrder28+mainGameOrder27+mainGameOrder25,1.2934,mainGameOrder28,1.8667,mainGameOrder28,0.3071,over_bundle,0,0.3071,0.1742,1,,,
p001,8,mainGameScenario8,Oakland,mainGameOrder29,Sprouts Farmers Market,Oakland,17,8.25,3,0,mainGameOrder30,Sprouts Farmers Market,Oakland,15,13.5,6,0,mainGameOrder31,Sprouts Farmers Market,Oakland,15,12.75,5,0,mainGameOrder32,Sprouts Farmers Market,Oakland,14,8.25,3,0,mainGameOrder29+mainGameOrder30+mainGameOrder32,1.0952,mainGameOrder29,1.5111,mainGameOrder29,0.2752,over_bundle,0,0.2752,0.2232,1,,,
p001,9,mainGameScenario9,Oakland,mainGameOrder33,Safeway,Piedmont,12,8.1,3,8,mainGameOrder34,Target,Emeryville,17,15.3,6,8,mainGameOrder35,Safeway,Piedmont,12,11.1,5,8,mainGameOrder36,Safeway,Piedmont,13,11.1,5,8,mainGameOrder33+mainGameOrder35+mainGameOrder36,0.7856,mainGameOrder33+mainGameOrder35+mainGameOrder36,0.7856,mainGameOrder33+mainGameOrder35+mainGameOrder36,0,bundle_correct,0,0,0.1247,1,,,
p001,10,mainGameScenario10,Piedmont,mainGameOrder37,Safeway,Piedmont,14,8.1,5,0,mainGameOrder38,Safeway,Piedmont,20,8.1,6,0,mainGameOrder39,Safeway,Piedmont,19,7.4,6,0,mainGameOrder40,Safeway,Piedmont,23,11.8,2,0,mainGameOrder38+mainGameOrder40+mainGameOrder39,1.6712,mainGameOrder39+mainGameOrder40,1.6733,mainGameOrder39+mainGameOrder40,0.0013,bundle_correct,0,0.0013,0.0013,0,,,
p001,11,mainGameScenario11,Piedmont,mainGameOrder41,Berkeley Bowl,Berkeley,13,7.8,2,14,mainGameOrder42,Target,Emeryville,19,7.8,2,10,mainGameOrder43,Target,Emeryville,18,8.7,5,10,mainGameOrder44,Target,Emeryville,15,13.5,3,10,mainGameOrder42+mainGameOrder44+mainGameOrder43,1.1659,mainGameOrder42+mainGameOrder43,1.1672,mainGameOrder42+mainGameOrder43,0.0011,bundle_correct,0,0.0011,0.2237,1,,,
p001,12,mainGameScenario12,Emeryville,mainGameOrder45,Target,Emeryville,16,13.5,3,0,mainGameOrder46,Target,Emeryville,14,9.6,5,0,mainGameOrder47,Target,Emeryville,22,13.5,6,0,mainGameOrder48,Target,Emeryville,14,13.5,2,0,mainGameOrder45+mainGameOrder47+mainGameOrder46,1.1504,mainGameOrder45+mainGameOrder46+mainGameOrder47,1.1504,mainGameOrder45+mainGameOrder46+mainGameOrder47,0,bundle_correct,0,0,0,0,,,
p001,13,mainGameScenario13,Emeryville,mainGameOrder49,Target,Emeryville,24,11.7,2,0,mainGameOrder50,Berkeley Bowl,Berkeley,17,8.4,6,8,mainGameOrder51,Berkeley Bowl,Berkeley,14,7.8,5,8,mainGameOrder52,Target,Emeryville,12,9.6,5,0,mainGameOrder49+mainGameOrder52,1.3139,mainGameOrder49,1.7518,mainGameOrder49,0.25,over_bundle,0,0.25,0.2005,1,,,
p001,14,mainGameScenario14,Emeryville,mainGameOrder53,Target,Emeryville,21,13.5,6,0,mainGameOrder54,Target,Emeryville,14,13.5,5,0,mainGameOrder55,Target,Emeryville,22,13.5,6,0,mainGameOrder56,Target,Emeryville,18,7.8,6,0,mainGameOrder55+mainGameOrder53+mainGameOrder56,1.2869,mainGameOrder56,1.3043,mainGameOrder56,0.0134,over_bundle,0,0.0134,0.0134,1,,,
p001,15,mainGameScenario15,Emeryville,mainGameOrder57,Safeway,Piedmont,22,7.4,4,10,mainGameOrder58,Sprouts Farmers Market,Oakland,18,13.5,2,8,mainGameOrder59,Safeway,Piedmont,17,7.4,4,10,mainGameOrder60,Safeway,Piedmont,22,11.8,5,10,mainGameOrder57+mainGameOrder59+mainGameOrder60,1.3436,mainGameOrder57+mainGameOrder59+mainGameOrder60,1.3436,mainGameOrder57+mainGameOrder59+mainGameOrder60,0,bundle_correct,0,0,0.1071,1,,,
p001,16,mainGameScenario16,Piedmont,mainGameOrder61,Safeway,Piedmont,24,12.5,3,0,mainGameOrder62,Safeway,Piedmont,24,8.1,2,0,mainGameOrder63,Safeway,Piedmont,18,12.5,4,0,mainGameOrder64,Safeway,Piedmont,22,11.1,2,0,mainGameOrder61+mainGameOrder62+mainGameOrder64,2.029,mainGameOrder62,2.3762,mainGameOrder62,0.1461,over_bundle,0,0.1461,0.1461,1,,,
p001,17,mainGameScenario17,Piedmont,mainGameOrder65,Safeway,Piedmont,19,7.4,6,0,mainGameOrder66,Sprouts Farmers Market,Oakland,22,7.5,3,8,mainGameOrder67,Sprouts Farmers Market,Oakland,17,12.75,6,8,mainGameOrder68,Sprouts Farmers Market,Oakland,13,12.75,6,8,mainGameOrder66+mainGameOrder68+mainGameOrder67,0.9286,mainGameOrder65,1.4179,mainGameOrder66,0.3451,over_bundle,1,0.2192,0.3693,1,,,
p001,18,mainGameScenario18,Oakland,mainGameOrder69,Sprouts Farmers Market,Oakland,14,8.25,5,0,mainGameOrder70,Sprouts Farmers Market,Oakland,13,8.25,3,0,mainGameOrder71,Sprouts Farmers Market,Oakland,22,14.25,3,0,mainGameOrder72,Sprouts Farmers Market,Oakland,19,9,4,0,mainGameOrder71+mainGameOrder72+mainGameOrder69,1.2644,mainGameOrder72,1.4615,mainGameOrder71+mainGameOrder72,0.1349,bundle_correct,1,0.0671,0.1167,1,,,
p001,19,mainGameScenario19,Oakland,mainGameOrder73,Sprouts Farmers Market,Oakland,12,12.75,5,0,mainGameOrder74,Safeway,Piedmont,17,7.4,5,8,mainGameOrder75,Sprouts Farmers Market,Oakland,18,9,3,0,mainGameOrder76,Sprouts Farmers Market,Oakland,24,14.25,2,0,mainGameOrder75+mainGameOrder76+mainGameOrder73,1.1739,mainGameOrder75,1.5,mainGameOrder75,0.2174,over_bundle,0,0.2174,0.1628,1,,,
p001,20,mainGameScenario20,Oakland,mainGameOrder77,Sprouts Farmers Market,Oakland,24,14.25,6,0,mainGameOrder78,Sprouts Farmers Market,Oakland,23,8.25,4,0,mainGameOrder79,Sprouts Farmers Market,Oakland,17,14.25,4,0,mainGameOrder80,Sprouts Farmers Market,Oakland,20,11.25,5,0,mainGameOrder77+mainGameOrder78+mainGameOrder80,1.3744,mainGameOrder78,1.8776,mainGameOrder78,0.268,over_bundle,0,0.268,0.268,1,,,
p002,1,mainGameScenario1,Berkeley,mainGameOrder1,Berkeley Bowl,Berkeley,22,7.8,3,0,mainGameOrder2,Berkeley Bowl,Berkeley,22,8.4,6,0,mainGameOrder3,Berkeley Bowl,Berkeley,15,9,4,0,mainGameOrder4,Sprouts Farmers Market,Oakland,18,9.75,2,12,mainGameOrder1,2.037,mainGameOrder1,2.037,mainGameOrder1,0,over_bundle,0,0,0.3701,1,Emeryville,mainGameOrder1,0
p002,2,mainGameScenario2,Berkeley,mainGameOrder5,Berkeley Bowl,Berkeley,24,12,5,0,mainGameOrder6,Berkeley Bowl,Berkeley,15,11.4,4,0,mainGameOrder7,Berkeley Bowl,Berkeley,15,12,2,0,mainGameOrder8,Berkeley Bowl,Berkeley,20,7.8,3,0,mainGameOrder5,1.4118,mainGameOrder8,1.8519,mainGameOrder8,0.2376,over_bundle,0,0.2376,0.0695,1,Berkeley,mainGameOrder8,0.2376
p002,3,mainGameScenario3,Berkeley,mainGameOrder9,Berkeley Bowl,Berkeley,15,13.2,3,0,mainGameOrder10,Sprouts Farmers Market,Oakland,23,12.75,3,12,mainGameOrder11,Berkeley Bowl,Berkeley,23,12,6,0,mainGameOrder12,Berkeley Bowl,Berkeley,16,7.8,6,0,mainGameOrder10,0.8288,mainGameOrder11,1.2778,mainGameOrder11,0.3514,over_bundle,0,0.3514,0.3514,1,Berkeley,mainGameOrder11,0.301
p002,4,mainGameScenario4,Oakland,mainGameOrder13,Berkeley Bowl,Berkeley,17,7.2,4,12,mainGameOrder14,Berkeley Bowl,Berkeley,17,7.8,2,12,mainGameOrder15,Berkeley Bowl,Berkeley,20,12,2,12,mainGameOrder16,Berkeley Bowl,Berkeley,16,11.4,6,12,mainGameOrder13+mainGameOrder15,1.0452,mainGameOrder13+mainGameOrder14+mainGameOrder15,1.2273,mainGameOrder14,0.1484,over_bundle,1,0,0.0688,1,Oakland,mainGameOrder14,0
p002,5,mainGameScenario5,Berkeley,mainGameOrder17,Sprouts Farmers Market,Oakland,14,7.5,4,12,mainGameOrder18,Safeway,Piedmont,20,12.5,5,14,mainGameOrder19,Sprouts Farmers Market,Oakland,17,8.25,4,12,mainGameOrder20,Safeway,Piedmont,13,8.1,4,14,mainGameOrder18+mainGameOrder20,0.782,mainGameOrder17+mainGameOrder19,0.8671,mainGameOrder17+mainGameOrder19,0.0982,bundle_correct,0,0.0982,0.3431,1,Berkeley,mainGameOrder17+mainGameOrder19,0.0835
p002,6,mainGameScenario6,Piedmont,mainGameOrder21,Sprouts Farmers Market,Oakland,19,12,2,8,mainGameOrder22,Sprouts Farmers Market,Oakland,22,8.25,2,8,mainGameOrder23,Sprouts Farmers Market,Oakland,24,8.25,6,8,mainGameOrder24,Sprouts Farmers Market,Oakland,18,9.75,2,8,mainGameOrder22+mainGameOrder21+mainGameOrder23,1.3978,mainGameOrder22+mainGameOrder23+mainGameOrder24,1.4463,mainGameOrder22,0.0335,over_bundle,1,0,0.1838,1,Piedmont,mainGameOrder22,0
p002,7,mainGameScenario7,Oakland,mainGameOrder25,Sprouts Farmers Market,Oakland,12,13.5,4,0,mainGameOrder26,Target,Emeryville,17,13.5,2,8,mainGameOrder27,Sprouts Farmers Market,Oakland,21,9,4,0,mainGameOrder28,Sprouts Farmers Market,Oakland,21,8.25,3,0,mainGameOrder28+mainGameOrder27+mainGameOrder25,1.2934,mainGameOrder28,1.8667,mainGameOrder28,0.3071,over_bundle,0,0.3071,0.1742,1,Oakland,mainGameOrder28,0.2676
p002,8,mainGameScenario8,Oakland,mainGameOrder29,Sprouts Farmers Market,Oakland,17,8.25,3,0,mainGameOrder30,Sprouts Farmers Market,Oakland,15,13.5,6,0,mainGameOrder31,Sprouts Farmers Market,Oakland,15,12.75,5,0,mainGameOrder32,Sprouts Farmers Market,Oakland,14,8.25,3,0,mainGameOrder29+mainGameOrder30+mainGameOrder31,0.9691,mainGameOrder29,1.5111,mainGameOrder29,0.3587,over_bundle,0,0.3587,0.2233,1,Oakland,mainGameOrder29,0.3275
p003,1,mainGameScenario1,Berkeley,mainGameOrder1,Berkeley Bowl,Berkeley,22,7.8,3,0,mainGameOrder2,Berkeley Bowl,Berkeley,22,8.4,6,0,mainGameOrder3,Berkeley Bowl,Berkeley,15,9,4,0,mainGameOrder4,Sprouts Farmers Market,Oakland,18,9.75,2,12,mainGameOrder4,0.7579,mainGameOrder1,2.037,mainGameOrder1,0.6279,over_bundle,0,0.6279,0.6279,1,,,
p003,2,mainGameScenario2,Oakland,mainGameOrder5,Berkeley Bowl,Berkeley,24,12,5,12,mainGameOrder6,Berkeley Bowl,Berkeley,15,11.4,4,12,mainGameOrder7,Berkeley Bowl,Berkeley,15,12,2,12,mainGameOrder8,Berkeley Bowl,Berkeley,20,7.8,3,12,mainGameOrder5+mainGameOrder6+mainGameOrder7,1.0189,mainGameOrder5+mainGameOrder7+mainGameOrder8,1.1614,mainGameOrder8,0.1227,over_bundle,1,0,0.166,1,,,
p004,1,mainGameScenario1,Berkeley,mainGameOrder1,Berkeley Bowl,Berkeley,22,7.8,3,0,mainGameOrder2,Berkeley Bowl,Berkeley,22,8.4,6,0,mainGameOrder3,Berkeley Bowl,Berkeley,15,9,4,0,mainGameOrder4,Sprouts Farmers Market,Oakland,18,9.75,2,12,mainGameOrder1+mainGameOrder2+mainGameOrder3,1.6761,mainGameOrder1,2.037,mainGameOrder1,0.1772,over_bundle,0,0.1772,0.184,1,Berkeley,mainGameOrder1,0.1772
p004,2,mainGameScenario2,Berkeley,mainGameOrder5,Berkeley Bowl,Berkeley,24,12,5,0,mainGameOrder6,Berkeley Bowl,Berkeley,15,11.4,4,0,mainGameOrder7,Berkeley Bowl,Berkeley,15,12,2,0,mainGameOrder8,Berkeley Bowl,Berkeley,20,7.8,3,0,mainGameOrder8+mainGameOrder7+mainGameOrder5,1.5206,mainGameOrder8,1.8519,mainGameOrder8,0.1789,over_bundle,0,0.1789,0.1789,1,Berkeley,mainGameOrder8,0.1789
p004,3,mainGameScenario3,Berkeley,mainGameOrder9,Berkeley Bowl,Berkeley,15,13.2,3,0,mainGameOrder10,Sprouts Farmers Market,Oakland,23,12.75,3,12,mainGameOrder11,Berkeley Bowl,Berkeley,23,12,6,0,mainGameOrder12,Berkeley Bowl,Berkeley,16,7.8,6,0,mainGameOrder12+mainGameOrder11+mainGameOrder9,1.2162,mainGameOrder11,1.2778,mainGameOrder11,0.0482,over_bundle,0,0.0482,0.3444,1,Berkeley,mainGameOrder11,0.0482
p004,4,mainGameScenario4,Berkeley,mainGameOrder13,Berkeley Bowl,Berkeley,17,7.2,4,0,mainGameOrder14,Berkeley Bowl,Berkeley,17,7.8,2,0,mainGameOrder15,Berkeley Bowl,Berkeley,20,12,2,0,mainGameOrder16,Berkeley Bowl,Berkeley,16,11.4,6,0,mainGameOrder14+mainGameOrder13+mainGameOrder15,1.6875,mainGameOrder14,1.7347,mainGameOrder14,0.0272,over_bundle,0,0.0272,0.0272,1,Berkeley,mainGameOrder14,0.0272
p004,5,mainGameScenario5,Berkeley,mainGameOrder17,Sprouts Farmers Market,Oakland,14,7.5,4,12,mainGameOrder18,Safeway,Piedmont,20,12.5,5,14,mainGameOrder19,Sprouts Farmers Market,Oakland,17,8.25,4,12,mainGameOrder20,Safeway,Piedmont,13,8.1,4,14,mainGameOrder19,0.701,mainGameOrder17+mainGameOrder19,0.8671,mainGameOrder17+mainGameOrder19,0.1916,bundle_correct,0,0.1916,0.2826,1,Berkeley,mainGameOrder17+mainGameOrder19,0.1682
p004,6,mainGameScenario6,Oakland,mainGameOrder21,Sprouts Farmers Market,Oakland,19,12,2,0,mainGameOrder22,Sprouts Farmers Market,Oakland,22,8.25,2,0,mainGameOrder23,Sprouts Farmers Market,Oakland,24,8.25,6,0,mainGameOrder24,Sprouts Farmers Market,Oakland,18,9.75,2,0,mainGameOrder24,1.5319,mainGameOrder22,2.1463,mainGameOrder22,0.2863,over_bundle,0,0.2863,0.1424,1,Oakland,mainGameOrder22,0.2863
p004,7,mainGameScenario7,Oakland,mainGameOrder25,Sprouts Farmers Market,Oakland,12,13.5,4,0,mainGameOrder26,Target,Emeryville,17,13.5,2,8,mainGameOrder27,Sprouts Farmers Market,Oakland,21,9,4,0,mainGameOrder28,Sprouts Farmers Market,Oakland,21,8.25,3,0,mainGameOrder27+mainGameOrder28,1.732,mainGameOrder28,1.8667,mainGameOrder28,0.0722,over_bundle,0,0.0722,0.0722,1,Oakland,mainGameOrder28,0.0426
p004,8,mainGameScenario8,Oakland,mainGameOrder29,Sprouts Farmers Market,Oakland,17,8.25,3,0,mainGameOrder30,Sprouts Farmers Market,Oakland,15,13.5,6,0,mainGameOrder31,Sprouts Farmers Market,Oakland,15,12.75,5,0,mainGameOrder32,Sprouts Farmers Market,Oakland,14,8.25,3,0,mainGameOrder32+mainGameOrder29,1.3778,mainGameOrder29,1.5111,mainGameOrder29,0.0882,over_bundle,0,0.0882,0.0882,1,Oakland,mainGameOrder29,0.0231
p004,9,mainGameScenario9,Oakland,mainGameOrder33,Safeway,Piedmont,12,8.1,3,8,mainGameOrder34,Target,Emeryville,17,15.3,6,8,mainGameOrder35,Safeway,Piedmont,12,11.1,5,8,mainGameOrder36,Safeway,Piedmont,13,11.1,5,8,mainGameOrder33+mainGameOrder36+mainGameOrder35,0.7856,mainGameOrder33+mainGameOrder35+mainGameOrder36,0.7856,mainGameOrder33+mainGameOrder35+mainGameOrder36,0,bundle_correct,0,0,0.1247,1,Piedmont,mainGameOrder33+mainGameOrder35+mainGameOrder36,0
p004,10,mainGameScenario10,Piedmont,mainGameOrder37,Safeway,Piedmont,14,8.1,5,0,mainGameOrder38,Safeway,Piedmont,20,8.1,6,0,mainGameOrder39,Safeway,Piedmont,19,7.4,6,0,mainGameOrder40,Safeway,Piedmont,23,11.8,2,0,mainGameOrder40+mainGameOrder38+mainGameOrder37,1.52,mainGameOrder39+mainGameOrder40,1.6733,mainGameOrder39+mainGameOrder40,0.0916,bundle_correct,0,0.0916,0.0038,0,Piedmont,mainGameOrder39+mainGameOrder40,0.0916
p004,11,mainGameScenario11,Piedmont,mainGameOrder41,Berkeley Bowl,Berkeley,13,7.8,2,14,mainGameOrder42,Target,Emeryville,19,7.8,2,10,mainGameOrder43,Target,Emeryville,18,8.7,5,10,mainGameOrder44,Target,Emeryville,15,13.5,3,10,mainGameOrder43+mainGameOrder44+mainGameOrder42,1.1659,mainGameOrder42+mainGameOrder43,1.1672,mainGameOrder42+mainGameOrder43,0.0011,bundle_correct,0,0.0011,0.2237,1,Piedmont,mainGameOrder42+mainGameOrder43,0.0114
p004,12,mainGameScenario12,Emeryville,mainGameOrder45,Target,Emeryville,16,13.5,3,0,mainGameOrder46,Target,Emeryville,14,9.6,5,0,mainGameOrder47,Target,Emeryville,22,13.5,6,0,mainGameOrder48,Target,Emeryville,14,13.5,2,0,mainGameOrder47+mainGameOrder45+mainGameOrder46,1.1504,mainGameOrder45+mainGameOrder46+mainGameOrder47,1.1504,mainGameOrder45+mainGameOrder46+mainGameOrder47,0,bundle_correct,0,0,0,0,Emeryville,mainGameOrder45+mainGameOrder46+mainGameOrder47,0
p004,13,mainGameScenario13,Emeryville,mainGameOrder49,Target,Emeryville,24,11.7,2,0,mainGameOrder50,Berkeley Bowl,Berkeley,17,8.4,6,8,mainGameOrder51,Berkeley Bowl,Berkeley,14,7.8,5,8,mainGameOrder52,Target,Emeryville,12,9.6,5,0,mainGameOrder49+mainGameOrder52,1.3139,mainGameOrder49,1.7518,mainGameOrder49,0.25,over_bundle,0,0.25,0.2005,1,Emeryville,mainGameOrder49,0.2245
p004,14,mainGameScenario14,Emeryville,mainGameOrder53,Target,Emeryville,21,13.5,6,0,mainGameOrder54,Target,Emeryville,14,13.5,5,0,mainGameOrder55,Target,Emeryville,22,13.5,6,0,mainGameOrder56,Target,Emeryville,18,7.8,6,0,mainGameOrder53+mainGameOrder55+mainGameOrder56,1.2869,mainGameOrder56,1.3043,mainGameOrder56,0.0134,over_bundle,0,0.0134,0.0134,1,Emeryville,mainGameOrder56,0.0317
p004,15,mainGameScenario15,Emeryville,mainGameOrder57,Safeway,Piedmont,22,7.4,4,10,mainGameOrder58,Sprouts Farmers Market,Oakland,18,13.5,2,8,mainGameOrder59,Safeway,Piedmont,17,7.4,4,10,mainGameOrder60,Safeway,Piedmont,22,11.8,5,10,mainGameOrder57+mainGameOrder59+mainGameOrder60,1.3436,mainGameOrder57+mainGameOrder59+mainGameOrder60,1.3436,mainGameOrder57+mainGameOrder59+mainGameOrder60,0,bundle_correct,0,0,0.1071,1,Emeryville,mainGameOrder57+mainGameOrder59+mainGameOrder60,0
p005,1,mainGameScenario1,Berkeley,mainGameOrder1,Berkeley Bowl,Berkeley,22,7.8,3,0,mainGameOrder2,Berkeley Bowl,Berkeley,22,8.4,6,0,mainGameOrder3,Berkeley Bowl,Berkeley,15,9,4,0,mainGameOrder4,Sprouts Farmers Market,Oakland,18,9.75,2,12,mainGameOrder1,2.037,mainGameOrder1,2.037,mainGameOrder1,0,over_bundle,0,0,0.3701,1,,,
p005,2,mainGameScenario2,Berkeley,mainGameOrder5,Berkeley Bowl,Berkeley,24,12,5,0,mainGameOrder6,Berkeley Bowl,Berkeley,15,11.4,4,0,mainGameOrder7,Berkeley Bowl,Berkeley,15,12,2,0,mainGameOrder8,Berkeley Bowl,Berkeley,20,7.8,3,0,mainGameOrder8+mainGameOrder5,1.6541,mainGameOrder8,1.8519,mainGameOrder8,0.1068,over_bundle,0,0.1068,0.1068,1,,,
p005,3,mainGameScenario3,Berkeley,mainGameOrder9,Berkeley Bowl,Berkeley,15,13.2,3,0,mainGameOrder10,Sprouts Farmers Market,Oakland,23,12.75,3,12,mainGameOrder11,Berkeley Bowl,Berkeley,23,12,6,0,mainGameOrder12,Berkeley Bowl,Berkeley,16,7.8,6,0,mainGameOrder11+mainGameOrder12,1.25,mainGameOrder11,1.2778,mainGameOrder11,0.0217,over_bundle,0,0.0217,0.3601,1,,,
p005,4,mainGameScenario4,Berkeley,mainGameOrder13,Berkeley Bowl,Berkeley,17,7.2,4,0,mainGameOrder14,Berkeley Bowl,Berkeley,17,7.8,2,0,mainGameOrder15,Berkeley Bowl,Berkeley,20,12,2,0,mainGameOrder16,Berkeley Bowl,Berkeley,16,11.4,6,0,mainGameOrder13+mainGameOrder15+mainGameOrder16,1.359,mainGameOrder14,1.7347,mainGameOrder14,0.2166,over_bundle,0,0.2166,0.0684,1,,,
p005,5,mainGameScenario5,Berkeley,mainGameOrder17,Sprouts Farmers Market,Oakland,14,7.5,4,12,mainGameOrder18,Safeway,Piedmont,20,12.5,5,14,mainGameOrder19,Sprouts Farmers Market,Oakland,17,8.25,4,12,mainGameOrder20,Safeway,Piedmont,13,8.1,4,14,mainGameOrder19+mainGameOrder17,0.8671,mainGameOrder17+mainGameOrder19,0.8671,mainGameOrder17+mainGameOrder19,0,bundle_correct,0,0,0.1656,1,,,
p005,6,mainGameScenario6,Oakland,mainGameOrder21,Sprouts Farmers Market,Oakland,19,12,2,0,mainGameOrder22,Sprouts Farmers Market,Oakland,22,8.25,2,0,mainGameOrder23,Sprouts Farmers Market,Oakland,24,8.25,6,0,mainGameOrder24,Sprouts Farmers Market,Oakland,18,9.75,2,0,mainGameOrder23+mainGameOrder21+mainGameOrder22,1.6883,mainGameOrder22,2.1463,mainGameOrder22,0.2134,over_bundle,0,0.2134,0.1838,1,,,
p005,7,mainGameScenario7,Oakland,mainGameOrder25,Sprouts Farmers Market,Oakland,12,13.5,4,0,mainGameOrder26,Target,Emeryville,17,13.5,2,8,mainGameOrder27,Sprouts Farmers Market,Oakland,21,9,4,0,mainGameOrder28,Sprouts Farmers Market,Oakland,21,8.25,3,0,mainGameOrder27+mainGameOrder28+mainGameOrder25,1.2934,mainGameOrder28,1.8667,mainGameOrder28,0.3071,over_bundle,0,0.3071,0.1742,1,,,
p005,8,mainGameScenario8,Oakland,mainGameOrder29,Sprouts Farmers Market,Oakland,17,8.25,3,0,mainGameOrder30,Sprouts Farmers Market,Oakland,15,13.5,6,0,mainGameOrder31,Sprouts Farmers Market,Oakland,15,12.75,5,0,mainGameOrder32,Sprouts Farmers Market,Oakland,14,8.25,3,0,mainGameOrder29+mainGameOrder30+mainGameOrder31,0.9691,mainGameOrder29,1.5111,mainGameOrder29,0.3587,over_bundle,0,0.3587,0.2233,1,,,
p005,9,mainGameScenario9,Oakland,mainGameOrder33,Safeway,Piedmont,12,8.1,3,8,mainGameOrder34,Target,Emeryville,17,15.3,6,8,mainGameOrder35,Safeway,Piedmont,12,11.1,5,8,mainGameOrder36,Safeway,Piedmont,13,11.1,5,8,mainGameOrder33+mainGameOrder35+mainGameOrder36,0.7856,mainGameOrder33+mainGameOrder35+mainGameOrder36,0.7856,mainGameOrder33+mainGameOrder35+mainGameOrder36,0,bundle_correct,0,0,0.1247,1,,,
p005,10,mainGameScenario10,Piedmont,mainGameOrder37,Safeway,Piedmont,14,8.1,5,0,mainGameOrder38,Safeway,Piedmont,20,8.1,6,0,mainGameOrder39,Safeway,Piedmont,19,7.4,6,0,mainGameOrder40,Safeway,Piedmont,23,11.8,2,0,mainGameOrder39+mainGameOrder40+mainGameOrder38,1.6712,mainGameOrder39+mainGameOrder40,1.6733,mainGameOrder39+mainGameOrder40,0.0013,bundle_correct,0,0.0013,0.0013,0,,,
p005,11,mainGameScenario11,Piedmont,mainGameOrder41,Berkeley Bowl,Berkeley,13,7.8,2,14,mainGameOrder42,Target,Emeryville,19,7.8,2,10,mainGameOrder43,Target,Emeryville,18,8.7,5,10,mainGameOrder44,Target,Emeryville,15,13.5,3,10,mainGameOrder43+mainGameOrder44+mainGameOrder42,1.1659,mainGameOrder42+mainGameOrder43,1.1672,mainGameOrder42+mainGameOrder43,0.0011,bundle_correct,0,0.0011,0.2237,1,,,
p005,12,mainGameScenario12,Emeryville,mainGameOrder45,Target,Emeryville,16,13.5,3,0,mainGameOrder46,Target,Emeryville,14,9.6,5,0,mainGameOrder47,Target,Emeryville,22,13.5,6,0,mainGameOrder48,Target,Emeryville,14,13.5,2,0,mainGameOrder47+mainGameOrder48+mainGameOrder45,1.128,mainGameOrder45+mainGameOrder46+mainGameOrder47,1.1504,mainGameOrder45+mainGameOrder46+mainGameOrder47,0.0195,bundle_correct,0,0.0195,0.0035,0,,,
p005,13,mainGameScenario13,Emeryville,mainGameOrder49,Target,Emeryville,24,11.7,2,0,mainGameOrder50,Berkeley Bowl,Berkeley,17,8.4,6,8,mainGameOrder51,Berkeley Bowl,Berkeley,14,7.8,5,8,mainGameOrder52,Target,Emeryville,12,9.6,5,0,mainGameOrder51+mainGameOrder50,0.9118,mainGameOrder49,1.7518,mainGameOrder49,0.4795,over_bundle,0,0.4795,0.4795,1,,,
p005,14,mainGameScenario14,Berkeley,mainGameOrder53,Target,Emeryville,21,13.5,6,8,mainGameOrder54,Target,Emeryville,14,13.5,5,8,mainGameOrder55,Target,Emeryville,22,13.5,6,8,mainGameOrder56,Target,Emeryville,18,7.8,6,8,mainGameOrder55+mainGameOrder53+mainGameOrder56,1.1011,mainGameOrder53+mainGameOrder55+mainGameOrder56,1.1011,mainGameOrder56,0,over_bundle,1,0,0.0134,1,,,
p005,15,mainGameScenario15,Emeryville,mainGameOrder57,Safeway,Piedmont,22,7.4,4,10,mainGameOrder58,Sprouts Farmers Market,Oakland,18,13.5,2,8,mainGameOrder59,Safeway,Piedmont,17,7.4,4,10,mainGameOrder60,Safeway,Piedmont,22,11.8,5,10,mainGameOrder59+mainGameOrder57+mainGameOrder60,1.3436,mainGameOrder57+mainGameOrder59+mainGameOrder60,1.3436,mainGameOrder57+mainGameOrder59+mainGameOrder60,0,bundle_correct,0,0,0.1071,1,,,
p005,16,mainGameScenario16,Piedmont,mainGameOrder61,Safeway,Piedmont,24,12.5,3,0,mainGameOrder62,Safeway,Piedmont,24,8.1,2,0,mainGameOrder63,Safeway,Piedmont,18,12.5,4,0,mainGameOrder64,Safeway,Piedmont,22,11.1,2,0,mainGameOrder64+mainGameOrder61+mainGameOrder62,2.029,mainGameOrder62,2.3762,mainGameOrder62,0.1461,over_bundle,0,0.1461,0.1461,1,,,
p005,17,mainGameScenario17,Piedmont,mainGameOrder65,Safeway,Piedmont,19,7.4,6,0,mainGameOrder66,Sprouts Farmers Market,Oakland,22,7.5,3,8,mainGameOrder67,Sprouts Farmers Market,Oakland,17,12.75,6,8,mainGameOrder68,Sprouts Farmers Market,Oakland,13,12.75,6,8,mainGameOrder65,1.4179,mainGameOrder65,1.4179,mainGameOrder66,0,over_bundle,1,0,0.5763,1,,,
p005,18,mainGameScenario18,Piedmont,mainGameOrder69,Sprouts Farmers Market,Oakland,14,8.25,5,8,mainGameOrder70,Sprouts Farmers Market,Oakland,13,8.25,3,8,mainGameOrder71,Sprouts Farmers Market,Oakland,22,14.25,3,8,mainGameOrder72,Sprouts Farmers Market,Oakland,19,9,4,8,mainGameOrder71+mainGameOrder72+mainGameOrder69,1.068,mainGameOrder70+mainGameOrder71+mainGameOrder72,1.0909,mainGameOrder71+mainGameOrder72,0.021,bundle_correct,1,0.0037,0.1167,1,,,
p005,19,mainGameScenario19,Oakland,mainGameOrder73,Sprouts Farmers Market,Oakland,12,12.75,5,0,mainGameOrder74,Safeway,Piedmont,17,7.4,5,8,mainGameOrder75,Sprouts Farmers Market,Oakland,18,9,3,0,mainGameOrder76,Sprouts Farmers Market,Oakland,24,14.25,2,0,mainGameOrder74,0.8333,mainGameOrder75,1.5,mainGameOrder75,0.4444,over_bundle,0,0.4444,0.4444,1,,,
p005,20,mainGameScenario20,Piedmont,mainGameOrder77,Sprouts Farmers Market,Oakland,24,14.25,6,8,mainGameOrder78,Sprouts Farmers Market,Oakland,23,8.25,4,8,mainGameOrder79,Sprouts Farmers Market,Oakland,17,14.25,4,8,mainGameOrder80,Sprouts Farmers Market,Oakland,20,11.25,5,8,mainGameOrder78+mainGameOrder80+mainGameOrder77,1.1806,mainGameOrder77+mainGameOrder78+mainGameOrder80,1.1806,mainGameOrder78,0,over_bundle,1,0,0.268,1,,,
p005,21,mainGameScenario21,Oakland,mainGameOrder81,Safeway,Piedmont,20,8.1,4,8,mainGameOrder82,Safeway,Piedmont,17,12.5,2,8,mainGameOrder83,Berkeley Bowl,Berkeley,24,7.8,3,12,mainGameOrder84,Safeway,Piedmont,21,7.4,3,8,mainGameOrder84+mainGameOrder82+mainGameOrder81,1.4216,mainGameOrder81+mainGameOrder82+mainGameOrder84,1.4216,mainGameOrder81+mainGameOrder84,0,bundle_correct,1,0,0.4423,1,,,
p005,22,mainGameScenario22,Piedmont,mainGameOrder85,Safeway,Piedmont,17,8.1,2,0,mainGameOrder86,Safeway,Piedmont,22,8.1,3,0,mainGameOrder87,Safeway,Piedmont,19,11.1,2,0,mainGameOrder88,Safeway,Piedmont,16,7.4,2,0,mainGameOrder88+mainGameOrder87+mainGameOrder86,1.9388,mainGameOrder86+mainGameOrder88,2.0652,mainGameOrder86+mainGameOrder88,0.0612,bundle_correct,0,0.0612,0.0594,1,,,
p006,1,mainGameScenario1,Berkeley,mainGameOrder1,Berkeley Bowl,Berkeley,22,7.8,3,0,mainGameOrder2,Berkeley Bowl,Berkeley,22,8.4,6,0,mainGameOrder3,Berkeley Bowl,Berkeley,15,9,4,0,mainGameOrder4,Sprouts Farmers Market,Oakland,18,9.75,2,12,mainGameOrder2+mainGameOrder1+mainGameOrder3,1.6761,mainGameOrder1,2.037,mainGameOrder1,0.1772,over_bundle,0,0.1772,0.184,1,,,
p006,2,mainGameScenario2,Berkeley,mainGameOrder5,Berkeley Bowl,Berkeley,24,12,5,0,mainGameOrder6,Berkeley Bowl,Berkeley,15,11.4,4,0,mainGameOrder7,Berkeley Bowl,Berkeley,15,12,2,0,mainGameOrder8,Berkeley Bowl,Berkeley,20,7.8,3,0,mainGameOrder8+mainGameOrder5+mainGameOrder7,1.5206,mainGameOrder8,1.8519,mainGameOrder8,0.1789,over_bundle,0,0.1789,0.1789,1,,,
p006,3,mainGameScenario3,Berkeley,mainGameOrder9,Berkeley Bowl,Berkeley,15,13.2,3,0,mainGameOrder10,Sprouts Farmers Market,Oakland,23,12.75,3,12,mainGameOrder11,Berkeley Bowl,Berkeley,23,12,6,0,mainGameOrder12,Berkeley Bowl,Berkeley,16,7.8,6,0,mainGameOrder9+mainGameOrder11+mainGameOrder12,1.2162,mainGameOrder11,1.2778,mainGameOrder11,0.0482,over_bundle,0,0.0482,0.3444,1,,,
p006,4,mainGameScenario4,Berkeley,mainGameOrder13,Berkeley Bowl,Berkeley,17,7.2,4,0,mainGameOrder14,Berkeley Bowl,Berkeley,17,7.8,2,0,mainGameOrder15,Berkeley Bowl,Berkeley,20,12,2,0,mainGameOrder16,Berkeley Bowl,Berkeley,16,11.4,6,0,mainGameOrder15+mainGameOrder13+mainGameOrder14,1.6875,mainGameOrder14,1.7347,mainGameOrder14,0.0272,over_bundle,0,0.0272,0.0272,1,,,
p006,5,mainGameScenario5,Berkeley,mainGameOrder17,Sprouts Farmers Market,Oakland,14,7.5,4,12,mainGameOrder18,Safeway,Piedmont,20,12.5,5,14,mainGameOrder19,Sprouts Farmers Market,Oakland,17,8.25,4,12,mainGameOrder20,Safeway,Piedmont,13,8.1,4,14,mainGameOrder18+mainGameOrder20,0.782,mainGameOrder17+mainGameOrder19,0.8671,mainGameOrder17+mainGameOrder19,0.0982,bundle_correct,0,0.0982,0.3431,1,,,
p006,6,mainGameScenario6,Piedmont,mainGameOrder21,Sprouts Farmers Market,Oakland,19,12,2,8,mainGameOrder22,Sprouts Farmers Market,Oakland,22,8.25,2,8,mainGameOrder23,Sprouts Farmers Market,Oakland,24,8.25,6,8,mainGameOrder24,Sprouts Farmers Market,Oakland,18,9.75,2,8,mainGameOrder23+mainGameOrder21+mainGameOrder22,1.3978,mainGameOrder22+mainGameOrder23+mainGameOrder24,1.4463,mainGameOrder22,0.0335,over_bundle,1,0,0.1838,1,,,
p006,7,mainGameScenario7,Oakland,mainGameOrder25,Sprouts Farmers Market,Oakland,12,13.5,4,0,mainGameOrder26,Target,Emeryville,17,13.5,2,8,mainGameOrder27,Sprouts Farmers Market,Oakland,21,9,4,0,mainGameOrder28,Sprouts Farmers Market,Oakland,21,8.25,3,0,mainGameOrder25+mainGameOrder27+mainGameOrder28,1.2934,mainGameOrder28,1.8667,mainGameOrder28,0.3071,over_bundle,0,0.3071,0.1742,1,,,
p006,8,mainGameScenario8,Oakland,mainGameOrder29,Sprouts Farmers Market,Oakland,17,8.25,3,0,mainGameOrder30,Sprouts Farmers Market,Oakland,15,13.5,6,0,mainGameOrder31,Sprouts Farmers Market,Oakland,15,12.75,5,0,mainGameOrder32,Sprouts Farmers Market,Oakland,14,8.25,3,0,mainGameOrder29+mainGameOrder31+mainGameOrder30,0.9691,mainGameOrder29,1.5111,mainGameOrder29,0.3587,over_bundle,0,0.3587,0.2233,1,,,
p006,9,mainGameScenario9,Oakland,mainGameOrder33,Safeway,Piedmont,12,8.1,3,8,mainGameOrder34,Target,Emeryville,17,15.3,6,8,mainGameOrder35,Safeway,Piedmont,12,11.1,5,8,mainGameOrder36,Safeway,Piedmont,13,11.1,5,8,mainGameOrder33+mainGameOrder35+mainGameOrder36,0.7856,mainGameOrder33+mainGameOrder35+mainGameOrder36,0.7856,mainGameOrder33+mainGameOrder35+mainGameOrder36,0,bundle_correct,0,0,0.1247,1,,,
p006,10,mainGameScenario10,Piedmont,mainGameOrder37,Safeway,Piedmont,14,8.1,5,0,mainGameOrder38,Safeway,Piedmont,20,8.1,6,0,mainGameOrder39,Safeway,Piedmont,19,7.4,6,0,mainGameOrder40,Safeway,Piedmont,23,11.8,2,0,mainGameOrder40+mainGameOrder38+mainGameOrder39,1.6712,mainGameOrder39+mainGameOrder40,1.6733,mainGameOrder39+mainGameOrder40,0.0013,bundle_correct,0,0.0013,0.0013,0,,,
p006,11,mainGameScenario11,Piedmont,mainGameOrder41,Berkeley Bowl,Berkeley,13,7.8,2,14,mainGameOrder42,Target,Emeryville,19,7.8,2,10,mainGameOrder43,Target,Emeryville,18,8.7,5,10,mainGameOrder44,Target,Emeryville,15,13.5,3,10,mainGameOrder42+mainGameOrder43+mainGameOrder44,1.1659,mainGameOrder42+mainGameOrder43,1.1672,mainGameOrder42+mainGameOrder43,0.0011,bundle_correct,0,0.0011,0.2237,1,,,
p006,12,mainGameScenario12,Emeryville,mainGameOrder45,Target,Emeryville,16,13.5,3,0,mainGameOrder46,Target,Emeryville,14,9.6,5,0,mainGameOrder47,Target,Emeryville,22,13.5,6,0,mainGameOrder48,Target,Emeryville,14,13.5,2,0,mainGameOrder45+mainGameOrder47+mainGameOrder46,1.1504,mainGameOrder45+mainGameOrder46+mainGameOrder47,1.1504,mainGameOrder45+mainGameOrder46+mainGameOrder47,0,bundle_correct,0,0,0,0,,,
p007,1,mainGameScenario1,Berkeley,mainGameOrder1,Berkeley Bowl,Berkeley,22,7.8,3,0,mainGameOrder2,Berkeley Bowl,Berkeley,22,8.4,6,0,mainGameOrder3,Berkeley Bowl,Berkeley,15,9,4,0,mainGameOrder4,Sprouts Farmers Market,Oakland,18,9.75,2,12,mainGameOrder1+mainGameOrder2+mainGameOrder3,1.6761,mainGameOrder1,2.037,mainGameOrder1,0.1772,over_bundle,0,0.1772,0.184,1,,,
p007,2,mainGameScenario2,Berkeley,mainGameOrder5,Berkeley Bowl,Berkeley,24,12,5,0,mainGameOrder6,Berkeley Bowl,Berkeley,15,11.4,4,0,mainGameOrder7,Berkeley Bowl,Berkeley,15,12,2,0,mainGameOrder8,Berkeley Bowl,Berkeley,20,7.8,3,0,mainGameOrder8+mainGameOrder7+mainGameOrder5,1.5206,mainGameOrder8,1.8519,mainGameOrder8,0.1789,over_bundle,0,0.1789,0.1789,1,,,
p007,3,mainGameScenario3,Berkeley,mainGameOrder9,Berkeley Bowl,Berkeley,15,13.2,3,0,mainGameOrder10,Sprouts Farmers Market,Oakland,23,12.75,3,12,mainGameOrder11,Berkeley Bowl,Berkeley,23,12,6,0,mainGameOrder12,Berkeley Bowl,Berkeley,16,7.8,6,0,mainGameOrder12+mainGameOrder11+mainGameOrder9,1.2162,mainGameOrder11,1.2778,mainGameOrder11,0.0482,over_bundle,0,0.0482,0.3444,1,,,
p007,4,mainGameScenario4,Berkeley,mainGameOrder13,Berkeley Bowl,Berkeley,17,7.2,4,0,mainGameOrder14,Berkeley Bowl,Berkeley,17,7.8,2,0,mainGameOrder15,Berkeley Bowl,Berkeley,20,12,2,0,mainGameOrder16,Berkeley Bowl,Berkeley,16,11.4,6,0,mainGameOrder15+mainGameOrder14+mainGameOrder13,1.6875,mainGameOrder14,1.7347,mainGameOrder14,0.0272,over_bundle,0,0.0272,0.0272,1,,,
p007,5,mainGameScenario5,Berkeley,mainGameOrder17,Sprouts Farmers Market,Oakland,14,7.5,4,12,mainGameOrder18,Safeway,Piedmont,20,12.5,5,14,mainGameOrder19,Sprouts Farmers Market,Oakland,17,8.25,4,12,mainGameOrder20,Safeway,Piedmont,13,8.1,4,14,mainGameOrder17+mainGameOrder19,0.8671,mainGameOrder17+mainGameOrder19,0.8671,mainGameOrder17+mainGameOrder19,0,bundle_correct,0,0,0.1656,1,,,
p007,6,mainGameScenario6,Oakland,mainGameOrder21,Sprouts Farmers Market,Oakland,19,12,2,0,mainGameOrder22,Sprouts Farmers Market,Oakland,22,8.25,2,0,mainGameOrder23,Sprouts Farmers Market,Oakland,24,8.25,6,0,mainGameOrder24,Sprouts Farmers Market,Oakland,18,9.75,2,0,mainGameOrder23+mainGameOrder24+mainGameOrder22,1.7655,mainGameOrder22,2.1463,mainGameOrder22,0.1774,over_bundle,0,0.1774,0.1774,1,,,
p007,7,mainGameScenario7,Oakland,mainGameOrder25,Sprouts Farmers Market,Oakland,12,13.5,4,0,mainGameOrder26,Target,Emeryville,17,13.5,2,8,mainGameOrder27,Sprouts Farmers Market,Oakland,21,9,4,0,mainGameOrder28,Sprouts Farmers Market,Oakland,21,8.25,3,0,mainGameOrder28+mainGameOrder27+mainGameOrder25,1.2934,mainGameOrder28,1.8667,mainGameOrder28,0.3071,over_bundle,0,0.3071,0.1742,1,,,
p007,8,mainGameScenario8,Oakland,mainGameOrder29,Sprouts Farmers Market,Oakland,17,8.25,3,0,mainGameOrder30,Sprouts Farmers Market,Oakland,15,13.5,6,0,mainGameOrder31,Sprouts Farmers Market,Oakland,15,12.75,5,0,mainGameOrder32,Sprouts Farmers Market,Oakland,14,8.25,3,0,mainGameOrder29+mainGameOrder32+mainGameOrder31,1.1429,mainGameOrder29,1.5111,mainGameOrder29,0.2437,over_bundle,0,0.2437,0.2235,1,,,
p007,9,mainGameScenario9,Oakland,mainGameOrder33,Safeway,Piedmont,12,8.1,3,8,mainGameOrder34,Target,Emeryville,17,15.3,6,8,mainGameOrder35,Safeway,Piedmont,12,11.1,5,8,mainGameOrder36,Safeway,Piedmont,13,11.1,5,8,mainGameOrder33+mainGameOrder35+mainGameOrder36,0.7856,mainGameOrder33+mainGameOrder35+mainGameOrder36,0.7856,mainGameOrder33+mainGameOrder35+mainGameOrder36,0,bundle_correct,0,0,0.1247,1,,,
p007,10,mainGameScenario10,Piedmont,mainGameOrder37,Safeway,Piedmont,14,8.1,5,0,mainGameOrder38,Safeway,Piedmont,20,8.1,6,0,mainGameOrder39,Safeway,Piedmont,19,7.4,6,0,mainGameOrder40,Safeway,Piedmont,23,11.8,2,0,mainGameOrder38+mainGameOrder40+mainGameOrder39,1.6712,mainGameOrder39+mainGameOrder40,1.6733,mainGameOrder39+mainGameOrder40,0.0013,bundle_correct,0,0.0013,0.0013,0,,,
p007,11,mainGameScenario11,Piedmont,mainGameOrder41,Berkeley Bowl,Berkeley,13,7.8,2,14,mainGameOrder42,Target,Emeryville,19,7.8,2,10,mainGameOrder43,Target,Emeryville,18,8.7,5,10,mainGameOrder44,Target,Emeryville,15,13.5,3,10,mainGameOrder42+mainGameOrder44+mainGameOrder43,1.1659,mainGameOrder42+mainGameOrder43,1.1672,mainGameOrder42+mainGameOrder43,0.0011,bundle_correct,0,0.0011,0.2237,1,,,
p007,12,mainGameScenario12,Emeryville,mainGameOrder45,Target,Emeryville,16,13.5,3,0,mainGameOrder46,Target,Emeryville,14,9.6,5,0,mainGameOrder47,Target,Emeryville,22,13.5,6,0,mainGameOrder48,Target,Emeryville,14,13.5,2,0,mainGameOrder47+mainGameOrder45+mainGameOrder46,1.1504,mainGameOrder45+mainGameOrder46+mainGameOrder47,1.1504,mainGameOrder45+mainGameOrder46+mainGameOrder47,0,bundle_correct,0,0,0,0,,,
p007,13,mainGameScenario13,Emeryville,mainGameOrder49,Target,Emeryville,24,11.7,2,0,mainGameOrder50,Berkeley Bowl,Berkeley,17,8.4,6,8,mainGameOrder51,Berkeley Bowl,Berkeley,14,7.8,5,8,mainGameOrder52,Target,Emeryville,12,9.6,5,0,mainGameOrder49+mainGameOrder52,1.3139,mainGameOrder49,1.7518,mainGameOrder49,0.25,over_bundle,0,0.25,0.2005,1,,,
p007,14,mainGameScenario14,Emeryville,mainGameOrder53,Target,Emeryville,21,13.5,6,0,mainGameOrder54,Target,Emeryville,14,13.5,5,0,mainGameOrder55,Target,Emeryville,22,13.5,6,0,mainGameOrder56,Target,Emeryville,18,7.8,6,0,mainGameOrder53+mainGameOrder55+mainGameOrder56,1.2869,mainGameOrder56,1.3043,mainGameOrder56,0.0134,over_bundle,0,0.0134,0.0134,1,,,
p007,15,mainGameScenario15,Emeryville,mainGameOrder57,Safeway,Piedmont,22,7.4,4,10,mainGameOrder58,Sprouts Farmers Market,Oakland,18,13.5,2,8,mainGameOrder59,Safeway,Piedmont,17,7.4,4,10,mainGameOrder60,Safeway,Piedmont,22,11.8,5,10,mainGameOrder60+mainGameOrder59+mainGameOrder57,1.3436,mainGameOrder57+mainGameOrder59+mainGameOrder60,1.3436,mainGameOrder57+mainGameOrder59+mainGameOrder60,0,bundle_correct,0,0,0.1071,1,,,
p007,16,mainGameScenario16,Piedmont,mainGameOrder61,Safeway,Piedmont,24,12.5,3,0,mainGameOrder62,Safeway,Piedmont,24,8.1,2,0,mainGameOrder63,Safeway,Piedmont,18,12.5,4,0,mainGameOrder64,Safeway,Piedmont,22,11.1,2,0,mainGameOrder61+mainGameOrder62+mainGameOrder64,2.029,mainGameOrder62,2.3762,mainGameOrder62,0.1461,over_bundle,0,0.1461,0.1461,1,,,
p007,17,mainGameScenario17,Piedmont,mainGameOrder65,Safeway,Piedmont,19,7.4,6,0,mainGameOrder66,Sprouts Farmers Market,Oakland,22,7.5,3,8,mainGameOrder67,Sprouts Farmers Market,Oakland,17,12.75,6,8,mainGameOrder68,Sprouts Farmers Market,Oakland,13,12.75,6,8,mainGameOrder66+mainGameOrder67+mainGameOrder68,0.9286,mainGameOrder65,1.4179,mainGameOrder66,0.3451,over_bundle,1,0.2192,0.3693,1,,,
p007,18,mainGameScenario18,Oakland,mainGameOrder69,Sprouts Farmers Market,Oakland,14,8.25,5,0,mainGameOrder70,Sprouts Farmers Market,Oakland,13,8.25,3,0,mainGameOrder71,Sprouts Farmers Market,Oakland,22,14.25,3,0,mainGameOrder72,Sprouts Farmers Market,Oakland,19,9,4,0,mainGameOrder71+mainGameOrder72+mainGameOrder69,1.2644,mainGameOrder72,1.4615,mainGameOrder71+mainGameOrder72,0.1349,bundle_correct,1,0.0671,0.1167,1,,,
p007,19,mainGameScenario19,Oakland,mainGameOrder73,Sprouts Farmers Market,Oakland,12,12.75,5,0,mainGameOrder74,Safeway,Piedmont,17,7.4,5,8,mainGameOrder75,Sprouts Farmers Market,Oakland,18,9,3,0,mainGameOrder76,Sprouts Farmers Market,Oakland,24,14.25,2,0,mainGameOrder73+mainGameOrder75+mainGameOrder76,1.1739,mainGameOrder75,1.5,mainGameOrder75,0.2174,over_bundle,0,0.2174,0.1628,1,,,
p008,1,mainGameScenario1,Berkeley,mainGameOrder1,Berkeley Bowl,Berkeley,22,7.8,3,0,mainGameOrder2,Berkeley Bowl,Berkeley,22,8.4,6,0,mainGameOrder3,Berkeley Bowl,Berkeley,15,9,4,0,mainGameOrder4,Sprouts Farmers Market,Oakland,18,9.75,2,12,mainGameOrder2+mainGameOrder1,1.7886,mainGameOrder1,2.037,mainGameOrder1,0.122,over_bundle,0,0.122,0.2035,1,Berkeley,mainGameOrder1,
p008,2,mainGameScenario2,Berkeley,mainGameOrder5,Berkeley Bowl,Berkeley,24,12,5,0,mainGameOrder6,Berkeley Bowl,Berkeley,15,11.4,4,0,mainGameOrder7,Berkeley Bowl,Berkeley,15,12,2,0,mainGameOrder8,Berkeley Bowl,Berkeley,20,7.8,3,0,mainGameOrder5+mainGameOrder8,1.6541,mainGameOrder8,1.8519,mainGameOrder8,0.1068,over_bundle,0,0.1068,0.1068,1,Berkeley,mainGameOrder8,
p008,3,mainGameScenario3,Berkeley,mainGameOrder9,Berkeley Bowl,Berkeley,15,13.2,3,0,mainGameOrder10,Sprouts Farmers Market,Oakland,23,12.75,3,12,mainGameOrder11,Berkeley Bowl,Berkeley,23,12,6,0,mainGameOrder12,Berkeley Bowl,Berkeley,16,7.8,6,0,mainGameOrder11+mainGameOrder12,1.25,mainGameOrder11,1.2778,mainGameOrder11,0.0217,over_bundle,0,0.0217,0.3601,1,Berkeley,mainGameOrder11,
p008,4,mainGameScenario4,Berkeley,mainGameOrder13,Berkeley Bowl,Berkeley,17,7.2,4,0,mainGameOrder14,Berkeley Bowl,Berkeley,17,7.8,2,0,mainGameOrder15,Berkeley Bowl,Berkeley,20,12,2,0,mainGameOrder16,Berkeley Bowl,Berkeley,16,11.4,6,0,mainGameOrder16+mainGameOrder15+mainGameOrder14,1.3874,mainGameOrder14,1.7347,mainGameOrder14,0.2002,over_bundle,0,0.2002,0.0651,1,Berkeley,mainGameOrder14,
p008,5,mainGameScenario5,Berkeley,mainGameOrder17,Sprouts Farmers Market,Oakland,14,7.5,4,12,mainGameOrder18,Safeway,Piedmont,20,12.5,5,14,mainGameOrder19,Sprouts Farmers Market,Oakland,17,8.25,4,12,mainGameOrder20,Safeway,Piedmont,13,8.1,4,14,mainGameOrder19+mainGameOrder17,0.8671,mainGameOrder17+mainGameOrder19,0.8671,mainGameOrder17+mainGameOrder19,0,bundle_correct,0,0,0.1656,1,Berkeley,mainGameOrder17+mainGameOrder19,
p008,6,mainGameScenario6,Oakland,mainGameOrder21,Sprouts Farmers Market,Oakland,19,12,2,0,mainGameOrder22,Sprouts Farmers Market,Oakland,22,8.25,2,0,mainGameOrder23,Sprouts Farmers Market,Oakland,24,8.25,6,0,mainGameOrder24,Sprouts Farmers Market,Oakland,18,9.75,2,0,mainGameOrder22+mainGameOrder23,1.8776,mainGameOrder22,2.1463,mainGameOrder22,0.1252,over_bundle,0,0.1252,0.1038,1,Oakland,mainGameOrder22,
p008,7,mainGameScenario7,Oakland,mainGameOrder25,Sprouts Farmers Market,Oakland,12,13.5,4,0,mainGameOrder26,Target,Emeryville,17,13.5,2,8,mainGameOrder27,Sprouts Farmers Market,Oakland,21,9,4,0,mainGameOrder28,Sprouts Farmers Market,Oakland,21,8.25,3,0,mainGameOrder28+mainGameOrder27,1.732,mainGameOrder28,1.8667,mainGameOrder28,0.0722,over_bundle,0,0.0722,0.0722,1,Oakland,mainGameOrder28,
p008,8,mainGameScenario8,Oakland,mainGameOrder29,Sprouts Farmers Market,Oakland,17,8.25,3,0,mainGameOrder30,Sprouts Farmers Market,Oakland,15,13.5,6,0,mainGameOrder31,Sprouts Farmers Market,Oakland,15,12.75,5,0,mainGameOrder32,Sprouts Farmers Market,Oakland,14,8.25,3,0,mainGameOrder31+mainGameOrder29,1.1034,mainGameOrder29,1.5111,mainGameOrder29,0.2698,over_bundle,0,0.2698,0.1384,1,Oakland,mainGameOrder29,
p008,9,mainGameScenario9,Oakland,mainGameOrder33,Safeway,Piedmont,12,8.1,3,8,mainGameOrder34,Target,Emeryville,17,15.3,6,8,mainGameOrder35,Safeway,Piedmont,12,11.1,5,8,mainGameOrder36,Safeway,Piedmont,13,11.1,5,8,mainGameOrder34,0.5802,mainGameOrder33+mainGameOrder35+mainGameOrder36,0.7856,mainGameOrder33+mainGameOrder35+mainGameOrder36,0.2614,bundle_correct,0,0.2614,0.4976,1,Oakland,mainGameOrder33+mainGameOrder35+mainGameOrder36,
p008,10,mainGameScenario10,Emeryville,mainGameOrder37,Safeway,Piedmont,14,8.1,5,10,mainGameOrder38,Safeway,Piedmont,20,8.1,6,10,mainGameOrder39,Safeway,Piedmont,19,7.4,6,10,mainGameOrder40,Safeway,Piedmont,23,11.8,2,10,mainGameOrder38+mainGameOrder40,1.2011,mainGameOrder38+mainGameOrder39+mainGameOrder40,1.3163,mainGameOrder39+mainGameOrder40,0.0875,bundle_correct,1,0,0.1056,1,Emeryville,mainGameOrder39+mainGameOrder40,
p008,11,mainGameScenario11,Piedmont,mainGameOrder41,Berkeley Bowl,Berkeley,13,7.8,2,14,mainGameOrder42,Target,Emeryville,19,7.8,2,10,mainGameOrder43,Target,Emeryville,18,8.7,5,10,mainGameOrder44,Target,Emeryville,15,13.5,3,10,mainGameOrder42+mainGameOrder43,1.1672,mainGameOrder42+mainGameOrder43,1.1672,mainGameOrder42+mainGameOrder43,0,bundle_correct,0,0,0.1205,1,Piedmont,mainGameOrder42+mainGameOrder43,
p008,12,mainGameScenario12,Emeryville,mainGameOrder45,Target,Emeryville,16,13.5,3,0,mainGameOrder46,Target,Emeryville,14,9.6,5,0,mainGameOrder47,Target,Emeryville,22,13.5,6,0,mainGameOrder48,Target,Emeryville,14,13.5,2,0,mainGameOrder48+mainGameOrder47+mainGameOrder45,1.128,mainGameOrder45+mainGameOrder46+mainGameOrder47,1.1504,mainGameOrder45+mainGameOrder46+mainGameOrder47,0.0195,bundle_correct,0,0.0195,0.0035,0,Emeryville,mainGameOrder45+mainGameOrder46+mainGameOrder47,
p008,13,mainGameScenario13,Emeryville,mainGameOrder49,Target,Emeryville,24,11.7,2,0,mainGameOrder50,Berkeley Bowl,Berkeley,17,8.4,6,8,mainGameOrder51,Berkeley Bowl,Berkeley,14,7.8,5,8,mainGameOrder52,Target,Emeryville,12,9.6,5,0,mainGameOrder50+mainGameOrder51,0.9118,mainGameOrder49,1.7518,mainGameOrder49,0.4795,over_bundle,0,0.4795,0.4795,1,Emeryville,mainGameOrder49,
p009,1,mainGameScenario1,Berkeley,mainGameOrder1,Berkeley Bowl,Berkeley,22,7.8,3,0,mainGameOrder2,Berkeley Bowl,Berkeley,22,8.4,6,0,mainGameOrder3,Berkeley Bowl,Berkeley,15,9,4,0,mainGameOrder4,Sprouts Farmers Market,Oakland,18,9.75,2,12,mainGameOrder1+mainGameOrder2+mainGameOrder3,1.6761,mainGameOrder1,2.037,mainGameOrder1,0.1772,over_bundle,0,0.1772,0.184,1,,,
p009,2,mainGameScenario2,Berkeley,mainGameOrder5,Berkeley Bowl,Berkeley,24,12,5,0,mainGameOrder6,Berkeley Bowl,Berkeley,15,11.4,4,0,mainGameOrder7,Berkeley Bowl,Berkeley,15,12,2,0,mainGameOrder8,Berkeley Bowl,Berkeley,20,7.8,3,0,mainGameOrder5+mainGameOrder8+mainGameOrder7,1.5206,mainGameOrder8,1.8519,mainGameOrder8,0.1789,over_bundle,0,0.1789,0.1789,1,,,
p009,3,mainGameScenario3,Berkeley,mainGameOrder9,Berkeley Bowl,Berkeley,15,13.2,3,0,mainGameOrder10,Sprouts Farmers Market,Oakland,23,12.75,3,12,mainGameOrder11,Berkeley Bowl,Berkeley,23,12,6,0,mainGameOrder12,Berkeley Bowl,Berkeley,16,7.8,6,0,mainGameOrder9+mainGameOrder11+mainGameOrder12,1.2162,mainGameOrder11,1.2778,mainGameOrder11,0.0482,over_bundle,0,0.0482,0.3444,1,,,
p009,4,mainGameScenario4,Berkeley,mainGameOrder13,Berkeley Bowl,Berkeley,17,7.2,4,0,mainGameOrder14,Berkeley Bowl,Berkeley,17,7.8,2,0,mainGameOrder15,Berkeley Bowl,Berkeley,20,12,2,0,mainGameOrder16,Berkeley Bowl,Berkeley,16,11.4,6,0,mainGameOrder15+mainGameOrder13+mainGameOrder14,1.6875,mainGameOrder14,1.7347,mainGameOrder14,0.0272,over_bundle,0,0.0272,0.0272,1,,,
p009,5,mainGameScenario5,Berkeley,mainGameOrder17,Sprouts Farmers Market,Oakland,14,7.5,4,12,mainGameOrder18,Safeway,Piedmont,20,12.5,5,14,mainGameOrder19,Sprouts Farmers Market,Oakland,17,8.25,4,12,mainGameOrder20,Safeway,Piedmont,13,8.1,4,14,mainGameOrder18+mainGameOrder20,0.782,mainGameOrder17+mainGameOrder19,0.8671,mainGameOrder17+mainGameOrder19,0.0982,bundle_correct,0,0.0982,0.3431,1,,,
p009,6,mainGameScenario6,Piedmont,mainGameOrder21,Sprouts Farmers Market,Oakland,19,12,2,8,mainGameOrder22,Sprouts Farmers Market,Oakland,22,8.25,2,8,mainGameOrder23,Sprouts Farmers Market,Oakland,24,8.25,6,8,mainGameOrder24,Sprouts Farmers Market,Oakland,18,9.75,2,8,mainGameOrder22+mainGameOrder21+mainGameOrder23,1.3978,mainGameOrder22+mainGameOrder23+mainGameOrder24,1.4463,mainGameOrder22,0.0335,over_bundle,1,0,0.1838,1,,,
p009,7,mainGameScenario7,Oakland,mainGameOrder25,Sprouts Farmers Market,Oakland,12,13.5,4,0,mainGameOrder26,Target,Emeryville,17,13.5,2,8,mainGameOrder27,Sprouts Farmers Market,Oakland,21,9,4,0,mainGameOrder28,Sprouts Farmers Market,Oakland,21,8.25,3,0,mainGameOrder25+mainGameOrder27+mainGameOrder28,1.2934,mainGameOrder28,1.8667,mainGameOrder28,0.3071,over_bundle,0,0.3071,0.1742,1,,,
p009,8,mainGameScenario8,Oakland,mainGameOrder29,Sprouts Farmers Market,Oakland,17,8.25,3,0,mainGameOrder30,Sprouts Farmers Market,Oakland,15,13.5,6,0,mainGameOrder31,Sprouts Farmers Market,Oakland,15,12.75,5,0,mainGameOrder32,Sprouts Farmers Market,Oakland,14,8.25,3,0,mainGameOrder29+mainGameOrder30+mainGameOrder31,0.9691,mainGameOrder29,1.5111,mainGameOrder29,0.3587,over_bundle,0,0.3587,0.2233,1,,,
p009,9,mainGameScenario9,Oakland,mainGameOrder33,Safeway,Piedmont,12,8.1,3,8,mainGameOrder34,Target,Emeryville,17,15.3,6,8,mainGameOrder35,Safeway,Piedmont,12,11.1,5,8,mainGameOrder36,Safeway,Piedmont,13,11.1,5,8,mainGameOrder33+mainGameOrder35+mainGameOrder36,0.7856,mainGameOrder33+mainGameOrder35+mainGameOrder36,0.7856,mainGameOrder33+mainGameOrder35+mainGameOrder36,0,bundle_correct,0,0,0.1247,1,,,
p009,10,mainGameScenario10,Piedmont,mainGameOrder37,Safeway,Piedmont,14,8.1,5,0,mainGameOrder38,Safeway,Piedmont,20,8.1,6,0,mainGameOrder39,Safeway,Piedmont,19,7.4,6,0,mainGameOrder40,Safeway,Piedmont,23,11.8,2,0,mainGameOrder38+mainGameOrder40+mainGameOrder39,1.6712,mainGameOrder39+mainGameOrder40,1.6733,mainGameOrder39+mainGameOrder40,0.0013,bundle_correct,0,0.0013,0.0013,0,,,
p009,11,mainGameScenario11,Piedmont,mainGameOrder41,Berkeley Bowl,Berkeley,13,7.8,2,14,mainGameOrder42,Target,Emeryville,19,7.8,2,10,mainGameOrder43,Target,Emeryville,18,8.7,5,10,mainGameOrder44,Target,Emeryville,15,13.5,3,10,mainGameOrder42+mainGameOrder44+mainGameOrder43,1.1659,mainGameOrder42+mainGameOrder43,1.1672,mainGameOrder42+mainGameOrder43,0.0011,bundle_correct,0,0.0011,0.2237,1,,,
p009,12,mainGameScenario12,Emeryville,mainGameOrder45,Target,Emeryville,16,13.5,3,0,mainGameOrder46,Target,Emeryville,14,9.6,5,0,mainGameOrder47,Target,Emeryville,22,13.5,6,0,mainGameOrder48,Target,Emeryville,14,13.5,2,0,mainGameOrder45+mainGameOrder47+mainGameOrder46,1.1504,mainGameOrder45+mainGameOrder46+mainGameOrder47,1.1504,mainGameOrder45+mainGameOrder46+mainGameOrder47,0,bundle_correct,0,0,0,0,,,
p009,13,mainGameScenario13,Emeryville,mainGameOrder49,Target,Emeryville,24,11.7,2,0,mainGameOrder50,Berkeley Bowl,Berkeley,17,8.4,6,8,mainGameOrder51,Berkeley Bowl,Berkeley,14,7.8,5,8,mainGameOrder52,Target,Emeryville,12,9.6,5,0,mainGameOrder49+mainGameOrder52,1.3139,mainGameOrder49,1.7518,mainGameOrder49,0.25,over_bundle,0,0.25,0.2005,1,,,
p009,14,mainGameScenario14,Emeryville,mainGameOrder53,Target,Emeryville,21,13.5,6,0,mainGameOrder54,Target,Emeryville,14,13.5,5,0,mainGameOrder55,Target,Emeryville,22,13.5,6,0,mainGameOrder56,Target,Emeryville,18,7.8,6,0,mainGameOrder53+mainGameOrder55+mainGameOrder56,1.2869,mainGameOrder56,1.3043,mainGameOrder56,0.0134,over_bundle,0,0.0134,0.0134,1,,,
p010,1,mainGameScenario1,Berkeley,mainGameOrder1,Berkeley Bowl,Berkeley,22,7.8,3,0,mainGameOrder2,Berkeley Bowl,Berkeley,22,8.4,6,0,mainGameOrder3,Berkeley Bowl,Berkeley,15,9,4,0,mainGameOrder4,Sprouts Farmers Market,Oakland,18,9.75,2,12,mainGameOrder3+mainGameOrder1+mainGameOrder2,1.6761,mainGameOrder1,2.037,mainGameOrder1,0.1772,over_bundle,0,0.1772,0.184,1,,,
p010,2,mainGameScenario2,Berkeley,mainGameOrder5,Berkeley Bowl,Berkeley,24,12,5,0,mainGameOrder6,Berkeley Bowl,Berkeley,15,11.4,4,0,mainGameOrder7,Berkeley Bowl,Berkeley,15,12,2,0,mainGameOrder8,Berkeley Bowl,Berkeley,20,7.8,3,0,mainGameOrder8+mainGameOrder7+mainGameOrder5,1.5206,mainGameOrder8,1.8519,mainGameOrder8,0.1789,over_bundle,0,0.1789,0.1789,1,,,
p010,3,mainGameScenario3,Berkeley,mainGameOrder9,Berkeley Bowl,Berkeley,15,13.2,3,0,mainGameOrder10,Sprouts Farmers Market,Oakland,23,12.75,3,12,mainGameOrder11,Berkeley Bowl,Berkeley,23,12,6,0,mainGameOrder12,Berkeley Bowl,Berkeley,16,7.8,6,0,mainGameOrder12+mainGameOrder11+mainGameOrder9,1.2162,mainGameOrder11,1.2778,mainGameOrder11,0.0482,over_bundle,0,0.0482,0.3444,1,,,
p010,4,mainGameScenario4,Berkeley,mainGameOrder13,Berkeley Bowl,Berkeley,17,7.2,4,0,mainGameOrder14,Berkeley Bowl,Berkeley,17,7.8,2,0,mainGameOrder15,Berkeley Bowl,Berkeley,20,12,2,0,mainGameOrder16,Berkeley Bowl,Berkeley,16,11.4,6,0,mainGameOrder14+mainGameOrder15+mainGameOrder13,1.6875,mainGameOrder14,1.7347,mainGameOrder14,0.0272,over_bundle,0,0.0272,0.0272,1,,,
p010,5,mainGameScenario5,Berkeley,mainGameOrder17,Sprouts Farmers Market,Oakland,14,7.5,4,12,mainGameOrder18,Safeway,Piedmont,20,12.5,5,14,mainGameOrder19,Sprouts Farmers Market,Oakland,17,8.25,4,12,mainGameOrder20,Safeway,Piedmont,13,8.1,4,14,mainGameOrder18+mainGameOrder20,0.782,mainGameOrder17+mainGameOrder19,0.8671,mainGameOrder17+mainGameOrder19,0.0982,bundle_correct,0,0.0982,0.3431,1,,,
p010,6,mainGameScenario6,Piedmont,mainGameOrder21,Sprouts Farmers Market,Oakland,19,12,2,8,mainGameOrder22,Sprouts Farmers Market,Oakland,22,8.25,2,8,mainGameOrder23,Sprouts Farmers Market,Oakland,24,8.25,6,8,mainGameOrder24,Sprouts Farmers Market,Oakland,18,9.75,2,8,mainGameOrder22+mainGameOrder23+mainGameOrder21,1.3978,mainGameOrder22+mainGameOrder23+mainGameOrder24,1.4463,mainGameOrder22,0.0335,over_bundle,1,0,0.1838,1,,,
p010,7,mainGameScenario7,Oakland,mainGameOrder25,Sprouts Farmers Market,Oakland,12,13.5,4,0,mainGameOrder26,Target,Emeryville,17,13.5,2,8,mainGameOrder27,Sprouts Farmers Market,Oakland,21,9,4,0,mainGameOrder28,Sprouts Farmers Market,Oakland,21,8.25,3,0,mainGameOrder28+mainGameOrder27,1.732,mainGameOrder28,1.8667,mainGameOrder28,0.0722,over_bundle,0,0.0722,0.0722,1,,,
p010,8,mainGameScenario8,Oakland,mainGameOrder29,Sprouts Farmers Market,Oakland,17,8.25,3,0,mainGameOrder30,Sprouts Farmers Market,Oakland,15,13.5,6,0,mainGameOrder31,Sprouts Farmers Market,Oakland,15,12.75,5,0,mainGameOrder32,Sprouts Farmers Market,Oakland,14,8.25,3,0,mainGameOrder29+mainGameOrder32+mainGameOrder31,1.1429,mainGameOrder29,1.5111,mainGameOrder29,0.2437,over_bundle,0,0.2437,0.2235,1,,,
p010,9,mainGameScenario9,Oakland,mainGameOrder33,Safeway,Piedmont,12,8.1,3,8,mainGameOrder34,Target,Emeryville,17,15.3,6,8,mainGameOrder35,Safeway,Piedmont,12,11.1,5,8,mainGameOrder36,Safeway,Piedmont,13,11.1,5,8,mainGameOrder36+mainGameOrder35+mainGameOrder33,0.7856,mainGameOrder33+mainGameOrder35+mainGameOrder36,0.7856,mainGameOrder33+mainGameOrder35+mainGameOrder36,0,bundle_correct,0,0,0.1247,1,,,
p010,10,mainGameScenario10,Piedmont,mainGameOrder37,Safeway,Piedmont,14,8.1,5,0,mainGameOrder38,Safeway,Piedmont,20,8.1,6,0,mainGameOrder39,Safeway,Piedmont,19,7.4,6,0,mainGameOrder40,Safeway,Piedmont,23,11.8,2,0,mainGameOrder40,1.6667,mainGameOrder39+mainGameOrder40,1.6733,mainGameOrder39+mainGameOrder40,0.004,bundle_correct,0,0.004,0.3141,1,,,
p010,11,mainGameScenario11,Piedmont,mainGameOrder41,Berkeley Bowl,Berkeley,13,7.8,2,14,mainGameOrder42,Target,Emeryville,19,7.8,2,10,mainGameOrder43,Target,Emeryville,18,8.7,5,10,mainGameOrder44,Target,Emeryville,15,13.5,3,10,mainGameOrder42,0.9596,mainGameOrder42+mainGameOrder43,1.1672,mainGameOrder42+mainGameOrder43,0.1779,bundle_correct,0,0.1779,0.1953,1,,,
p010,12,mainGameScenario12,Emeryville,mainGameOrder45,Target,Emeryville,16,13.5,3,0,mainGameOrder46,Target,Emeryville,14,9.6,5,0,mainGameOrder47,Target,Emeryville,22,13.5,6,0,mainGameOrder48,Target,Emeryville,14,13.5,2,0,mainGameOrder47+mainGameOrder48+mainGameOrder45,1.128,mainGameOrder45+mainGameOrder46+mainGameOrder47,1.1504,mainGameOrder45+mainGameOrder46+mainGameOrder47,0.0195,bundle_correct,0,0.0195,0.0035,0,,,
p010,13,mainGameScenario13,Emeryville,mainGameOrder49,Target,Emeryville,24,11.7,2,0,mainGameOrder50,Berkeley Bowl,Berkeley,17,8.4,6,8,mainGameOrder51,Berkeley Bowl,Berkeley,14,7.8,5,8,mainGameOrder52,Target,Emeryville,12,9.6,5,0,mainGameOrder49,1.7518,mainGameOrder49,1.7518,mainGameOrder49,0,over_bundle,0,0,0.0724,1,,,
p010,14,mainGameScenario14,Emeryville,mainGameOrder53,Target,Emeryville,21,13.5,6,0,mainGameOrder54,Target,Emeryville,14,13.5,5,0,mainGameOrder55,Target,Emeryville,22,13.5,6,0,mainGameOrder56,Target,Emeryville,18,7.8,6,0,mainGameOrder55+mainGameOrder56+mainGameOrder53,1.2869,mainGameOrder56,1.3043,mainGameOrder56,0.0134,over_bundle,0,0.0134,0.0134,1,,,
p010,15,mainGameScenario15,Emeryville,mainGameOrder57,Safeway,Piedmont,22,7.4,4,10,mainGameOrder58,Sprouts Farmers Market,Oakland,18,13.5,2,8,mainGameOrder59,Safeway,Piedmont,17,7.4,4,10,mainGameOrder60,Safeway,Piedmont,22,11.8,5,10,mainGameOrder60+mainGameOrder57+mainGameOrder59,1.3436,mainGameOrder57+mainGameOrder59+mainGameOrder60,1.3436,mainGameOrder57+mainGameOrder59+mainGameOrder60,0,bundle_correct,0,0,0.1071,1,,,
p010,16,mainGameScenario16,Piedmont,mainGameOrder61,Safeway,Piedmont,24,12.5,3,0,mainGameOrder62,Safeway,Piedmont,24,8.1,2,0,mainGameOrder63,Safeway,Piedmont,18,12.5,4,0,mainGameOrder64,Safeway,Piedmont,22,11.1,2,0,mainGameOrder62+mainGameOrder64,2.1101,mainGameOrder62,2.3762,mainGameOrder62,0.112,over_bundle,0,0.112,0.0492,1,,,
p010,17,mainGameScenario17,Piedmont,mainGameOrder65,Safeway,Piedmont,19,7.4,6,0,mainGameOrder66,Sprouts Farmers Market,Oakland,22,7.5,3,8,mainGameOrder67,Sprouts Farmers Market,Oakland,17,12.75,6,8,mainGameOrder68,Sprouts Farmers Market,Oakland,13,12.75,6,8,mainGameOrder66+mainGameOrder68+mainGameOrder67,0.9286,mainGameOrder65,1.4179,mainGameOrder66,0.3451,over_bundle,1,0.2192,0.3693,1,,,
p010,18,mainGameScenario18,Oakland,mainGameOrder69,Sprouts Farmers Market,Oakland,14,8.25,5,0,mainGameOrder70,Sprouts Farmers Market,Oakland,13,8.25,3,0,mainGameOrder71,Sprouts Farmers Market,Oakland,22,14.25,3,0,mainGameOrder72,Sprouts Farmers Market,Oakland,19,9,4,0,mainGameOrder72,1.4615,mainGameOrder72,1.4615,mainGameOrder71+mainGameOrder72,0,bundle_correct,1,0,0.247,1,,,
p011,1,mainGameScenario1,Berkeley,mainGameOrder1,Berkeley Bowl,Berkeley,22,7.8,3,0,mainGameOrder2,Berkeley Bowl,Berkeley,22,8.4,6,0,mainGameOrder3,Berkeley Bowl,Berkeley,15,9,4,0,mainGameOrder4,Sprouts Farmers Market,Oakland,18,9.75,2,12,mainGameOrder2+mainGameOrder1+mainGameOrder3,1.6761,mainGameOrder1,2.037,mainGameOrder1,0.1772,over_bundle,0,0.1772,0.184,1,,,
p011,2,mainGameScenario2,Berkeley,mainGameOrder5,Berkeley Bowl,Berkeley,24,12,5,0,mainGameOrder6,Berkeley Bowl,Berkeley,15,11.4,4,0,mainGameOrder7,Berkeley Bowl,Berkeley,15,12,2,0,mainGameOrder8,Berkeley Bowl,Berkeley,20,7.8,3,0,mainGameOrder5+mainGameOrder8+mainGameOrder7,1.5206,mainGameOrder8,1.8519,mainGameOrder8,0.1789,over_bundle,0,0.1789,0.1789,1,,,
p011,3,mainGameScenario3,Berkeley,mainGameOrder9,Berkeley Bowl,Berkeley,15,13.2,3,0,mainGameOrder10,Sprouts Farmers Market,Oakland,23,12.75,3,12,mainGameOrder11,Berkeley Bowl,Berkeley,23,12,6,0,mainGameOrder12,Berkeley Bowl,Berkeley,16,7.8,6,0,mainGameOrder12+mainGameOrder11+mainGameOrder9,1.2162,mainGameOrder11,1.2778,mainGameOrder11,0.0482,over_bundle,0,0.0482,0.3444,1,,,
p011,4,mainGameScenario4,Berkeley,mainGameOrder13,Berkeley Bowl,Berkeley,17,7.2,4,0,mainGameOrder14,Berkeley Bowl,Berkeley,17,7.8,2,0,mainGameOrder15,Berkeley Bowl,Berkeley,20,12,2,0,mainGameOrder16,Berkeley Bowl,Berkeley,16,11.4,6,0,mainGameOrder15+mainGameOrder14+mainGameOrder13,1.6875,mainGameOrder14,1.7347,mainGameOrder14,0.0272,over_bundle,0,0.0272,0.0272,1,,,
p011,5,mainGameScenario5,Berkeley,mainGameOrder17,Sprouts Farmers Market,Oakland,14,7.5,4,12,mainGameOrder18,Safeway,Piedmont,20,12.5,5,14,mainGameOrder19,Sprouts Farmers Market,Oakland,17,8.25,4,12,mainGameOrder20,Safeway,Piedmont,13,8.1,4,14,mainGameOrder18+mainGameOrder20,0.782,mainGameOrder17+mainGameOrder19,0.8671,mainGameOrder17+mainGameOrder19,0.0982,bundle_correct,0,0.0982,0.3431,1,,,
p011,6,mainGameScenario6,Piedmont,mainGameOrder21,Sprouts Farmers Market,Oakland,19,12,2,8,mainGameOrder22,Sprouts Farmers Market,Oakland,22,8.25,2,8,mainGameOrder23,Sprouts Farmers Market,Oakland,24,8.25,6,8,mainGameOrder24,Sprouts Farmers Market,Oakland,18,9.75,2,8,mainGameOrder23+mainGameOrder22+mainGameOrder21,1.3978,mainGameOrder22+mainGameOrder23+mainGameOrder24,1.4463,mainGameOrder22,0.0335,over_bundle,1,0,0.1838,1,,,
p011,7,mainGameScenario7,Oakland,mainGameOrder25,Sprouts Farmers Market,Oakland,12,13.5,4,0,mainGameOrder26,Target,Emeryville,17,13.5,2,8,mainGameOrder27,Sprouts Farmers Market,Oakland,21,9,4,0,mainGameOrder28,Sprouts Farmers Market,Oakland,21,8.25,3,0,mainGameOrder28+mainGameOrder27+mainGameOrder25,1.2934,mainGameOrder28,1.8667,mainGameOrder28,0.3071,over_bundle,0,0.3071,0.1742,1,,,
p011,8,mainGameScenario8,Oakland,mainGameOrder29,Sprouts Farmers Market,Oakland,17,8.25,3,0,mainGameOrder30,Sprouts Farmers Market,Oakland,15,13.5,6,0,mainGameOrder31,Sprouts Farmers Market,Oakland,15,12.75,5,0,mainGameOrder32,Sprouts Farmers Market,Oakland,14,8.25,3,0,mainGameOrder30+mainGameOrder29+mainGameOrder31,0.9691,mainGameOrder29,1.5111,mainGameOrder29,0.3587,over_bundle,0,0.3587,0.2233,1,,,
p011,9,mainGameScenario9,Oakland,mainGameOrder33,Safeway,Piedmont,12,8.1,3,8,mainGameOrder34,Target,Emeryville,17,15.3,6,8,mainGameOrder35,Safeway,Piedmont,12,11.1,5,8,mainGameOrder36,Safeway,Piedmont,13,11.1,5,8,mainGameOrder33+mainGameOrder36+mainGameOrder35,0.7856,mainGameOrder33+mainGameOrder35+mainGameOrder36,0.7856,mainGameOrder33+mainGameOrder35+mainGameOrder36,0,bundle_correct,0,0,0.1247,1,,,
p011,10,mainGameScenario10,Piedmont,mainGameOrder37,Safeway,Piedmont,14,8.1,5,0,mainGameOrder38,Safeway,Piedmont,20,8.1,6,0,mainGameOrder39,Safeway,Piedmont,19,7.4,6,0,mainGameOrder40,Safeway,Piedmont,23,11.8,2,0,mainGameOrder38+mainGameOrder39+mainGameOrder40,1.6712,mainGameOrder39+mainGameOrder40,1.6733,mainGameOrder39+mainGameOrder40,0.0013,bundle_correct,0,0.0013,0.0013,0,,,
p011,11,mainGameScenario11,Piedmont,mainGameOrder41,Berkeley Bowl,Berkeley,13,7.8,2,14,mainGameOrder42,Target,Emeryville,19,7.8,2,10,mainGameOrder43,Target,Emeryville,18,8.7,5,10,mainGameOrder44,Target,Emeryville,15,13.5,3,10,mainGameOrder44+mainGameOrder43+mainGameOrder42,1.1659,mainGameOrder42+mainGameOrder43,1.1672,mainGameOrder42+mainGameOrder43,0.0011,bundle_correct,0,0.0011,0.2237,1,,,
p011,12,mainGameScenario12,Emeryville,mainGameOrder45,Target,Emeryville,16,13.5,3,0,mainGameOrder46,Target,Emeryville,14,9.6,5,0,mainGameOrder47,Target,Emeryville,22,13.5,6,0,mainGameOrder48,Target,Emeryville,14,13.5,2,0,mainGameOrder47+mainGameOrder45+mainGameOrder46,1.1504,mainGameOrder45+mainGameOrder46+mainGameOrder47,1.1504,mainGameOrder45+mainGameOrder46+mainGameOrder47,0,bundle_correct,0,0,0,0,,,
p011,13,mainGameScenario13,Emeryville,mainGameOrder49,Target,Emeryville,24,11.7,2,0,mainGameOrder50,Berkeley Bowl,Berkeley,17,8.4,6,8,mainGameOrder51,Berkeley Bowl,Berkeley,14,7.8,5,8,mainGameOrder52,Target,Emeryville,12,9.6,5,0,mainGameOrder52+mainGameOrder49,1.3139,mainGameOrder49,1.7518,mainGameOrder49,0.25,over_bundle,0,0.25,0.2005,1,,,
p011,14,mainGameScenario14,Emeryville,mainGameOrder53,Target,Emeryville,21,13.5,6,0,mainGameOrder54,Target,Emeryville,14,13.5,5,0,mainGameOrder55,Target,Emeryville,22,13.5,6,0,mainGameOrder56,Target,Emeryville,18,7.8,6,0,mainGameOrder55+mainGameOrder56+mainGameOrder53,1.2869,mainGameOrder56,1.3043,mainGameOrder56,0.0134,over_bundle,0,0.0134,0.0134,1,,,
p011,15,mainGameScenario15,Emeryville,mainGameOrder57,Safeway,Piedmont,22,7.4,4,10,mainGameOrder58,Sprouts Farmers Market,Oakland,18,13.5,2,8,mainGameOrder59,Safeway,Piedmont,17,7.4,4,10,mainGameOrder60,Safeway,Piedmont,22,11.8,5,10,mainGameOrder57+mainGameOrder59+mainGameOrder60,1.3436,mainGameOrder57+mainGameOrder59+mainGameOrder60,1.3436,mainGameOrder57+mainGameOrder59+mainGameOrder60,0,bundle_correct,0,0,0.1071,1,,,
p011,16,mainGameScenario16,Piedmont,mainGameOrder61,Safeway,Piedmont,24,12.5,3,0,mainGameOrder62,Safeway,Piedmont,24,8.1,2,0,mainGameOrder63,Safeway,Piedmont,18,12.5,4,0,mainGameOrder64,Safeway,Piedmont,22,11.1,2,0,mainGameOrder61+mainGameOrder62+mainGameOrder64,2.029,mainGameOrder62,2.3762,mainGameOrder62,0.1461,over_bundle,0,0.1461,0.1461,1,,,
p012,1,mainGameScenario1,Berkeley,mainGameOrder1,Berkeley Bowl,Berkeley,22,7.8,3,0,mainGameOrder2,Berkeley Bowl,Berkeley,22,8.4,6,0,mainGameOrder3,Berkeley Bowl,Berkeley,15,9,4,0,mainGameOrder4,Sprouts Farmers Market,Oakland,18,9.75,2,12,mainGameOrder1+mainGameOrder2+mainGameOrder3,1.6761,mainGameOrder1,2.037,mainGameOrder1,0.1772,over_bundle,0,0.1772,0.184,1,,,
p012,2,mainGameScenario2,Berkeley,mainGameOrder5,Berkeley Bowl,Berkeley,24,12,5,0,mainGameOrder6,Berkeley Bowl,Berkeley,15,11.4,4,0,mainGameOrder7,Berkeley Bowl,Berkeley,15,12,2,0,mainGameOrder8,Berkeley Bowl,Berkeley,20,7.8,3,0,mainGameOrder5+mainGameOrder7+mainGameOrder8,1.5206,mainGameOrder8,1.8519,mainGameOrder8,0.1789,over_bundle,0,0.1789,0.1789,1,,,
p012,3,mainGameScenario3,Berkeley,mainGameOrder9,Berkeley Bowl,Berkeley,15,13.2,3,0,mainGameOrder10,Sprouts Farmers Market,Oakland,23,12.75,3,12,mainGameOrder11,Berkeley Bowl,Berkeley,23,12,6,0,mainGameOrder12,Berkeley Bowl,Berkeley,16,7.8,6,0,mainGameOrder9+mainGameOrder11+mainGameOrder12,1.2162,mainGameOrder11,1.2778,mainGameOrder11,0.0482,over_bundle,0,0.0482,0.3444,1,,,
p012,4,mainGameScenario4,Berkeley,mainGameOrder13,Berkeley Bowl,Berkeley,17,7.2,4,0,mainGameOrder14,Berkeley Bowl,Berkeley,17,7.8,2,0,mainGameOrder15,Berkeley Bowl,Berkeley,20,12,2,0,mainGameOrder16,Berkeley Bowl,Berkeley,16,11.4,6,0,mainGameOrder14+mainGameOrder13+mainGameOrder15,1.6875,mainGameOrder14,1.7347,mainGameOrder14,0.0272,over_bundle,0,0.0272,0.0272,1,,,
p012,5,mainGameScenario5,Berkeley,mainGameOrder17,Sprouts Farmers Market,Oakland,14,7.5,4,12,mainGameOrder18,Safeway,Piedmont,20,12.5,5,14,mainGameOrder19,Sprouts Farmers Market,Oakland,17,8.25,4,12,mainGameOrder20,Safeway,Piedmont,13,8.1,4,14,mainGameOrder17+mainGameOrder19,0.8671,mainGameOrder17+mainGameOrder19,0.8671,mainGameOrder17+mainGameOrder19,0,bundle_correct,0,0,0.1656,1,,,
p012,6,mainGameScenario6,Oakland,mainGameOrder21,Sprouts Farmers Market,Oakland,19,12,2,0,mainGameOrder22,Sprouts Farmers Market,Oakland,22,8.25,2,0,mainGameOrder23,Sprouts Farmers Market,Oakland,24,8.25,6,0,mainGameOrder24,Sprouts Farmers Market,Oakland,18,9.75,2,0,mainGameOrder22+mainGameOrder23+mainGameOrder21,1.6883,mainGameOrder22,2.1463,mainGameOrder22,0.2134,over_bundle,0,0.2134,0.1838,1,,,
p012,7,mainGameScenario7,Oakland,mainGameOrder25,Sprouts Farmers Market,Oakland,12,13.5,4,0,mainGameOrder26,Target,Emeryville,17,13.5,2,8,mainGameOrder27,Sprouts Farmers Market,Oakland,21,9,4,0,mainGameOrder28,Sprouts Farmers Market,Oakland,21,8.25,3,0,mainGameOrder27+mainGameOrder25+mainGameOrder28,1.2934,mainGameOrder28,1.8667,mainGameOrder28,0.3071,over_bundle,0,0.3071,0.1742,1,,,
p012,8,mainGameScenario8,Oakland,mainGameOrder29,Sprouts Farmers Market,Oakland,17,8.25,3,0,mainGameOrder30,Sprouts Farmers Market,Oakland,15,13.5,6,0,mainGameOrder31,Sprouts Farmers Market,Oakland,15,12.75,5,0,mainGameOrder32,Sprouts Farmers Market,Oakland,14,8.25,3,0,mainGameOrder32+mainGameOrder29+mainGameOrder31,1.1429,mainGameOrder29,1.5111,mainGameOrder29,0.2437,over_bundle,0,0.2437,0.2235,1,,,
p012,9,mainGameScenario9,Oakland,mainGameOrder33,Safeway,Piedmont,12,8.1,3,8,mainGameOrder34,Target,Emeryville,17,15.3,6,8,mainGameOrder35,Safeway,Piedmont,12,11.1,5,8,mainGameOrder36,Safeway,Piedmont,13,11.1,5,8,mainGameOrder33+mainGameOrder35+mainGameOrder36,0.7856,mainGameOrder33+mainGameOrder35+mainGameOrder36,0.7856,mainGameOrder33+mainGameOrder35+mainGameOrder36,0,bundle_correct,0,0,0.1247,1,,,
p012,10,mainGameScenario10,Piedmont,mainGameOrder37,Safeway,Piedmont,14,8.1,5,0,mainGameOrder38,Safeway,Piedmont,20,8.1,6,0,mainGameOrder39,Safeway,Piedmont,19,7.4,6,0,mainGameOrder40,Safeway,Piedmont,23,11.8,2,0,mainGameOrder38+mainGameOrder39+mainGameOrder40,1.6712,mainGameOrder39+mainGameOrder40,1.6733,mainGameOrder39+mainGameOrder40,0.0013,bundle_correct,0,0.0013,0.0013,0,,,
p012,11,mainGameScenario11,Piedmont,mainGameOrder41,Berkeley Bowl,Berkeley,13,7.8,2,14,mainGameOrder42,Target,Emeryville,19,7.8,2,10,mainGameOrder43,Target,Emeryville,18,8.7,5,10,mainGameOrder44,Target,Emeryville,15,13.5,3,10,mainGameOrder44+mainGameOrder43+mainGameOrder42,1.1659,mainGameOrder42+mainGameOrder43,1.1672,mainGameOrder42+mainGameOrder43,0.0011,bundle_correct,0,0.0011,0.2237,1,,,
p012,12,mainGameScenario12,Emeryville,mainGameOrder45,Target,Emeryville,16,13.5,3,0,mainGameOrder46,Target,Emeryville,14,9.6,5,0,mainGameOrder47,Target,Emeryville,22,13.5,6,0,mainGameOrder48,Target,Emeryville,14,13.5,2,0,mainGameOrder47+mainGameOrder45+mainGameOrder46,1.1504,mainGameOrder45+mainGameOrder46+mainGameOrder47,1.1504,mainGameOrder45+mainGameOrder46+mainGameOrder47,0,bundle_correct,0,0,0,0,,,
p012,13,mainGameScenario13,Emeryville,mainGameOrder49,Target,Emeryville,24,11.7,2,0,mainGameOrder50,Berkeley Bowl,Berkeley,17,8.4,6,8,mainGameOrder51,Berkeley Bowl,Berkeley,14,7.8,5,8,mainGameOrder52,Target,Emeryville,12,9.6,5,0,mainGameOrder49+mainGameOrder52,1.3139,mainGameOrder49,1.7518,mainGameOrder49,0.25,over_bundle,0,0.25,0.2005,1,,,
p012,14,mainGameScenario14,Emeryville,mainGameOrder53,Target,Emeryville,21,13.5,6,0,mainGameOrder54,Target,Emeryville,14,13.5,5,0,mainGameOrder55,Target,Emeryville,22,13.5,6,0,mainGameOrder56,Target,Emeryville,18,7.8,6,0,mainGameOrder55+mainGameOrder53+mainGameOrder56,1.2869,mainGameOrder56,1.3043,mainGameOrder56,0.0134,over_bundle,0,0.0134,0.0134,1,,,
p013,1,mainGameScenario1,Berkeley,mainGameOrder1,Berkeley Bowl,Berkeley,22,7.8,3,0,mainGameOrder2,Berkeley Bowl,Berkeley,22,8.4,6,0,mainGameOrder3,Berkeley Bowl,Berkeley,15,9,4,0,mainGameOrder4,Sprouts Farmers Market,Oakland,18,9.75,2,12,mainGameOrder2+mainGameOrder1+mainGameOrder3,1.6761,mainGameOrder1,2.037,mainGameOrder1,0.1772,over_bundle,0,0.1772,0.184,1,,,
p013,2,mainGameScenario2,Berkeley,mainGameOrder5,Berkeley Bowl,Berkeley,24,12,5,0,mainGameOrder6,Berkeley Bowl,Berkeley,15,11.4,4,0,mainGameOrder7,Berkeley Bowl,Berkeley,15,12,2,0,mainGameOrder8,Berkeley Bowl,Berkeley,20,7.8,3,0,mainGameOrder6+mainGameOrder5+mainGameOrder7,1.3171,mainGameOrder8,1.8519,mainGameOrder8,0.2888,over_bundle,0,0.2888,0.1674,1,,,
p013,3,mainGameScenario3,Berkeley,mainGameOrder9,Berkeley Bowl,Berkeley,15,13.2,3,0,mainGameOrder10,Sprouts Farmers Market,Oakland,23,12.75,3,12,mainGameOrder11,Berkeley Bowl,Berkeley,23,12,6,0,mainGameOrder12,Berkeley Bowl,Berkeley,16,7.8,6,0,mainGameOrder9+mainGameOrder11+mainGameOrder12,1.2162,mainGameOrder11,1.2778,mainGameOrder11,0.0482,over_bundle,0,0.0482,0.3444,1,,,
p013,4,mainGameScenario4,Berkeley,mainGameOrder13,Berkeley Bowl,Berkeley,17,7.2,4,0,mainGameOrder14,Berkeley Bowl,Berkeley,17,7.8,2,0,mainGameOrder15,Berkeley Bowl,Berkeley,20,12,2,0,mainGameOrder16,Berkeley Bowl,Berkeley,16,11.4,6,0,mainGameOrder14+mainGameOrder13+mainGameOrder15,1.6875,mainGameOrder14,1.7347,mainGameOrder14,0.0272,over_bundle,0,0.0272,0.0272,1,,,
p013,5,mainGameScenario5,Berkeley,mainGameOrder17,Sprouts Farmers Market,Oakland,14,7.5,4,12,mainGameOrder18,Safeway,Piedmont,20,12.5,5,14,mainGameOrder19,Sprouts Farmers Market,Oakland,17,8.25,4,12,mainGameOrder20,Safeway,Piedmont,13,8.1,4,14,mainGameOrder17+mainGameOrder19,0.8671,mainGameOrder17+mainGameOrder19,0.8671,mainGameOrder17+mainGameOrder19,0,bundle_correct,0,0,0.1656,1,,,
p013,6,mainGameScenario6,Oakland,mainGameOrder21,Sprouts Farmers Market,Oakland,19,12,2,0,mainGameOrder22,Sprouts Farmers Market,Oakland,22,8.25,2,0,mainGameOrder23,Sprouts Farmers Market,Oakland,24,8.25,6,0,mainGameOrder24,Sprouts Farmers Market,Oakland,18,9.75,2,0,mainGameOrder22+mainGameOrder23+mainGameOrder21,1.6883,mainGameOrder22,2.1463,mainGameOrder22,0.2134,over_bundle,0,0.2134,0.1838,1,,,
p013,7,mainGameScenario7,Oakland,mainGameOrder25,Sprouts Farmers Market,Oakland,12,13.5,4,0,mainGameOrder26,Target,Emeryville,17,13.5,2,8,mainGameOrder27,Sprouts Farmers Market,Oakland,21,9,4,0,mainGameOrder28,Sprouts Farmers Market,Oakland,21,8.25,3,0,mainGameOrder28+mainGameOrder27+mainGameOrder25,1.2934,mainGameOrder28,1.8667,mainGameOrder28,0.3071,over_bundle,0,0.3071,0.1742,1,,,
p013,8,mainGameScenario8,Oakland,mainGameOrder29,Sprouts Farmers Market,Oakland,17,8.25,3,0,mainGameOrder30,Sprouts Farmers Market,Oakland,15,13.5,6,0,mainGameOrder31,Sprouts Farmers Market,Oakland,15,12.75,5,0,mainGameOrder32,Sprouts Farmers Market,Oakland,14,8.25,3,0,mainGameOrder29+mainGameOrder31+mainGameOrder32,1.1429,mainGameOrder29,1.5111,mainGameOrder29,0.2437,over_bundle,0,0.2437,0.2235,1,,,
p013,9,mainGameScenario9,Oakland,mainGameOrder33,Safeway,Piedmont,12,8.1,3,8,mainGameOrder34,Target,Emeryville,17,15.3,6,8,mainGameOrder35,Safeway,Piedmont,12,11.1,5,8,mainGameOrder36,Safeway,Piedmont,13,11.1,5,8,mainGameOrder33+mainGameOrder35+mainGameOrder36,0.7856,mainGameOrder33+mainGameOrder35+mainGameOrder36,0.7856,mainGameOrder33+mainGameOrder35+mainGameOrder36,0,bundle_correct,0,0,0.1247,1,,,
p013,10,mainGameScenario10,Piedmont,mainGameOrder37,Safeway,Piedmont,14,8.1,5,0,mainGameOrder38,Safeway,Piedmont,20,8.1,6,0,mainGameOrder39,Safeway,Piedmont,19,7.4,6,0,mainGameOrder40,Safeway,Piedmont,23,11.8,2,0,mainGameOrder40+mainGameOrder39+mainGameOrder38,1.6712,mainGameOrder39+mainGameOrder40,1.6733,mainGameOrder39+mainGameOrder40,0.0013,bundle_correct,0,0.0013,0.0013,0,,,
p013,11,mainGameScenario11,Piedmont,mainGameOrder41,Berkeley Bowl,Berkeley,13,7.8,2,14,mainGameOrder42,Target,Emeryville,19,7.8,2,10,mainGameOrder43,Target,Emeryville,18,8.7,5,10,mainGameOrder44,Target,Emeryville,15,13.5,3,10,mainGameOrder42+mainGameOrder43+mainGameOrder44,1.1659,mainGameOrder42+mainGameOrder43,1.1672,mainGameOrder42+mainGameOrder43,0.0011,bundle_correct,0,0.0011,0.2237,1,,,
p013,12,mainGameScenario12,Emeryville,mainGameOrder45,Target,Emeryville,16,13.5,3,0,mainGameOrder46,Target,Emeryville,14,9.6,5,0,mainGameOrder47,Target,Emeryville,22,13.5,6,0,mainGameOrder48,Target,Emeryville,14,13.5,2,0,mainGameOrder47+mainGameOrder45+mainGameOrder46,1.1504,mainGameOrder45+mainGameOrder46+mainGameOrder47,1.1504,mainGameOrder45+mainGameOrder46+mainGameOrder47,0,bundle_correct,0,0,0,0,,,
p013,13,mainGameScenario13,Emeryville,mainGameOrder49,Target,Emeryville,24,11.7,2,0,mainGameOrder50,Berkeley Bowl,Berkeley,17,8.4,6,8,mainGameOrder51,Berkeley Bowl,Berkeley,14,7.8,5,8,mainGameOrder52,Target,Emeryville,12,9.6,5,0,mainGameOrder49+mainGameOrder52,1.3139,mainGameOrder49,1.7518,mainGameOrder49,0.25,over_bundle,0,0.25,0.2005,1,,,
p013,14,mainGameScenario14,Emeryville,mainGameOrder53,Target,Emeryville,21,13.5,6,0,mainGameOrder54,Target,Emeryville,14,13.5,5,0,mainGameOrder55,Target,Emeryville,22,13.5,6,0,mainGameOrder56,Target,Emeryville,18,7.8,6,0,mainGameOrder53+mainGameOrder55+mainGameOrder56,1.2869,mainGameOrder56,1.3043,mainGameOrder56,0.0134,over_bundle,0,0.0134,0.0134,1,,,
p013,15,mainGameScenario15,Emeryville,mainGameOrder57,Safeway,Piedmont,22,7.4,4,10,mainGameOrder58,Sprouts Farmers Market,Oakland,18,13.5,2,8,mainGameOrder59,Safeway,Piedmont,17,7.4,4,10,mainGameOrder60,Safeway,Piedmont,22,11.8,5,10,mainGameOrder57+mainGameOrder59,1.2704,mainGameOrder57+mainGameOrder59+mainGameOrder60,1.3436,mainGameOrder57+mainGameOrder59+mainGameOrder60,0.0545,bundle_correct,0,0.0545,0.0661,1,,,
p013,16,mainGameScenario16,Piedmont,mainGameOrder61,Safeway,Piedmont,24,12.5,3,0,mainGameOrder62,Safeway,Piedmont,24,8.1,2,0,mainGameOrder63,Safeway,Piedmont,18,12.5,4,0,mainGameOrder64,Safeway,Piedmont,22,11.1,2,0,mainGameOrder62+mainGameOrder61+mainGameOrder64,2.029,mainGameOrder62,2.3762,mainGameOrder62,0.1461,over_bundle,0,0.1461,0.1461,1,,,
p013,17,mainGameScenario17,Piedmont,mainGameOrder65,Safeway,Piedmont,19,7.4,6,0,mainGameOrder66,Sprouts Farmers Market,Oakland,22,7.5,3,8,mainGameOrder67,Sprouts Farmers Market,Oakland,17,12.75,6,8,mainGameOrder68,Sprouts Farmers Market,Oakland,13,12.75,6,8,mainGameOrder66+mainGameOrder67+mainGameOrder68,0.9286,mainGameOrder65,1.4179,mainGameOrder66,0.3451,over_bundle,1,0.2192,0.3693,1,,,
p014,1,mainGameScenario1,Berkeley,mainGameOrder1,Berkeley Bowl,Berkeley,22,7.8,3,0,mainGameOrder2,Berkeley Bowl,Berkeley,22,8.4,6,0,mainGameOrder3,Berkeley Bowl,Berkeley,15,9,4,0,mainGameOrder4,Sprouts Farmers Market,Oakland,18,9.75,2,12,mainGameOrder1+mainGameOrder2+mainGameOrder3,1.6761,mainGameOrder1,2.037,mainGameOrder1,0.1772,over_bundle,0,0.1772,0.184,1,,,
p014,2,mainGameScenario2,Berkeley,mainGameOrder5,Berkeley Bowl,Berkeley,24,12,5,0,mainGameOrder6,Berkeley Bowl,Berkeley,15,11.4,4,0,mainGameOrder7,Berkeley Bowl,Berkeley,15,12,2,0,mainGameOrder8,Berkeley Bowl,Berkeley,20,7.8,3,0,mainGameOrder5+mainGameOrder8+mainGameOrder7,1.5206,mainGameOrder8,1.8519,mainGameOrder8,0.1789,over_bundle,0,0.1789,0.1789,1,,,
p014,3,mainGameScenario3,Berkeley,mainGameOrder9,Berkeley Bowl,Berkeley,15,13.2,3,0,mainGameOrder10,Sprouts Farmers Market,Oakland,23,12.75,3,12,mainGameOrder11,Berkeley Bowl,Berkeley,23,12,6,0,mainGameOrder12,Berkeley Bowl,Berkeley,16,7.8,6,0,mainGameOrder9+mainGameOrder11+mainGameOrder12,1.2162,mainGameOrder11,1.2778,mainGameOrder11,0.0482,over_bundle,0,0.0482,0.3444,1,,,
p014,4,mainGameScenario4,Berkeley,mainGameOrder13,Berkeley Bowl,Berkeley,17,7.2,4,0,mainGameOrder14,Berkeley Bowl,Berkeley,17,7.8,2,0,mainGameOrder15,Berkeley Bowl,Berkeley,20,12,2,0,mainGameOrder16,Berkeley Bowl,Berkeley,16,11.4,6,0,mainGameOrder15+mainGameOrder13+mainGameOrder14,1.6875,mainGameOrder14,1.7347,mainGameOrder14,0.0272,over_bundle,0,0.0272,0.0272,1,,,
p014,5,mainGameScenario5,Berkeley,mainGameOrder17,Sprouts Farmers Market,Oakland,14,7.5,4,12,mainGameOrder18,Safeway,Piedmont,20,12.5,5,14,mainGameOrder19,Sprouts Farmers Market,Oakland,17,8.25,4,12,mainGameOrder20,Safeway,Piedmont,13,8.1,4,14,mainGameOrder18+mainGameOrder20,0.782,mainGameOrder17+mainGameOrder19,0.8671,mainGameOrder17+mainGameOrder19,0.0982,bundle_correct,0,0.0982,0.3431,1,,,
p014,6,mainGameScenario6,Piedmont,mainGameOrder21,Sprouts Farmers Market,Oakland,19,12,2,8,mainGameOrder22,Sprouts Farmers Market,Oakland,22,8.25,2,8,mainGameOrder23,Sprouts Farmers Market,Oakland,24,8.25,6,8,mainGameOrder24,Sprouts Farmers Market,Oakland,18,9.75,2,8,mainGameOrder22+mainGameOrder21+mainGameOrder23,1.3978,mainGameOrder22+mainGameOrder23+mainGameOrder24,1.4463,mainGameOrder22,0.0335,over_bundle,1,0,0.1838,1,,,
p014,7,mainGameScenario7,Oakland,mainGameOrder25,Sprouts Farmers Market,Oakland,12,13.5,4,0,mainGameOrder26,Target,Emeryville,17,13.5,2,8,mainGameOrder27,Sprouts Farmers Market,Oakland,21,9,4,0,mainGameOrder28,Sprouts Farmers Market,Oakland,21,8.25,3,0,mainGameOrder25+mainGameOrder27+mainGameOrder28,1.2934,mainGameOrder28,1.8667,mainGameOrder28,0.3071,over_bundle,0,0.3071,0.1742,1,,,
p014,8,mainGameScenario8,Oakland,mainGameOrder29,Sprouts Farmers Market,Oakland,17,8.25,3,0,mainGameOrder30,Sprouts Farmers Market,Oakland,15,13.5,6,0,mainGameOrder31,Sprouts Farmers Market,Oakland,15,12.75,5,0,mainGameOrder32,Sprouts Farmers Market,Oakland,14,8.25,3,0,mainGameOrder29+mainGameOrder31+mainGameOrder30,0.9691,mainGameOrder29,1.5111,mainGameOrder29,0.3587,over_bundle,0,0.3587,0.2233,1,,,
p014,9,mainGameScenario9,Oakland,mainGameOrder33,Safeway,Piedmont,12,8.1,3,8,mainGameOrder34,Target,Emeryville,17,15.3,6,8,mainGameOrder35,Safeway,Piedmont,12,11.1,5,8,mainGameOrder36,Safeway,Piedmont,13,11.1,5,8,mainGameOrder33+mainGameOrder35+mainGameOrder36,0.7856,mainGameOrder33+mainGameOrder35+mainGameOrder36,0.7856,mainGameOrder33+mainGameOrder35+mainGameOrder36,0,bundle_correct,0,0,0.1247,1,,,
p014,10,mainGameScenario10,Piedmont,mainGameOrder37,Safeway,Piedmont,14,8.1,5,0,mainGameOrder38,Safeway,Piedmont,20,8.1,6,0,mainGameOrder39,Safeway,Piedmont,19,7.4,6,0,mainGameOrder40,Safeway,Piedmont,23,11.8,2,0,mainGameOrder38+mainGameOrder40+mainGameOrder39,1.6712,mainGameOrder39+mainGameOrder40,1.6733,mainGameOrder39+mainGameOrder40,0.0013,bundle_correct,0,0.0013,0.0013,0,,,
p014,11,mainGameScenario11,Piedmont,mainGameOrder41,Berkeley Bowl,Berkeley,13,7.8,2,14,mainGameOrder42,Target,Emeryville,19,7.8,2,10,mainGameOrder43,Target,Emeryville,18,8.7,5,10,mainGameOrder44,Target,Emeryville,15,13.5,3,10,mainGameOrder42+mainGameOrder44+mainGameOrder43,1.1659,mainGameOrder42+mainGameOrder43,1.1672,mainGameOrder42+mainGameOrder43,0.0011,bundle_correct,0,0.0011,0.2237,1,,,
p014,12,mainGameScenario12,Emeryville,mainGameOrder45,Target,Emeryville,16,13.5,3,0,mainGameOrder46,Target,Emeryville,14,9.6,5,0,mainGameOrder47,Target,Emeryville,22,13.5,6,0,mainGameOrder48,Target,Emeryville,14,13.5,2,0,mainGameOrder47+mainGameOrder45+mainGameOrder46,1.1504,mainGameOrder45+mainGameOrder46+mainGameOrder47,1.1504,mainGameOrder45+mainGameOrder46+mainGameOrder47,0,bundle_correct,0,0,0,0,,,
p014,13,mainGameScenario13,Emeryville,mainGameOrder49,Target,Emeryville,24,11.7,2,0,mainGameOrder50,Berkeley Bowl,Berkeley,17,8.4,6,8,mainGameOrder51,Berkeley Bowl,Berkeley,14,7.8,5,8,mainGameOrder52,Target,Emeryville,12,9.6,5,0,mainGameOrder49+mainGameOrder52,1.3139,mainGameOrder49,1.7518,mainGameOrder49,0.25,over_bundle,0,0.25,0.2005,1,,,
p014,14,mainGameScenario14,Emeryville,mainGameOrder53,Target,Emeryville,21,13.5,6,0,mainGameOrder54,Target,Emeryville,14,13.5,5,0,mainGameOrder55,Target,Emeryville,22,13.5,6,0,mainGameOrder56,Target,Emeryville,18,7.8,6,0,mainGameOrder53+mainGameOrder55+mainGameOrder56,1.2869,mainGameOrder56,1.3043,mainGameOrder56,0.0134,over_bundle,0,0.0134,0.0134,1,,,
p014,15,mainGameScenario15,Emeryville,mainGameOrder57,Safeway,Piedmont,22,7.4,4,10,mainGameOrder58,Sprouts Farmers Market,Oakland,18,13.5,2,8,mainGameOrder59,Safeway,Piedmont,17,7.4,4,10,mainGameOrder60,Safeway,Piedmont,22,11.8,5,10,mainGameOrder57+mainGameOrder59+mainGameOrder60,1.3436,mainGameOrder57+mainGameOrder59+mainGameOrder60,1.3436,mainGameOrder57+mainGameOrder59+mainGameOrder60,0,bundle_correct,0,0,0.1071,1,,,
p014,16,mainGameScenario16,Piedmont,mainGameOrder61,Safeway,Piedmont,24,12.5,3,0,mainGameOrder62,Safeway,Piedmont,24,8.1,2,0,mainGameOrder63,Safeway,Piedmont,18,12.5,4,0,mainGameOrder64,Safeway,Piedmont,22,11.1,2,0,mainGameOrder61+mainGameOrder62+mainGameOrder64,2.029,mainGameOrder62,2.3762,mainGameOrder62,0.1461,over_bundle,0,0.1461,0.1461,1,,,
p014,17,mainGameScenario17,Piedmont,mainGameOrder65,Safeway,Piedmont,19,7.4,6,0,mainGameOrder66,Sprouts Farmers Market,Oakland,22,7.5,3,8,mainGameOrder67,Sprouts Farmers Market,Oakland,17,12.75,6,8,mainGameOrder68,Sprouts Farmers Market,Oakland,13,12.75,6,8,mainGameOrder68+mainGameOrder66+mainGameOrder67,0.9286,mainGameOrder65,1.4179,mainGameOrder66,0.3451,over_bundle,1,0.2192,0.3693,1,,,
p015,1,mainGameScenario1,Berkeley,mainGameOrder1,Berkeley Bowl,Berkeley,22,7.8,3,0,mainGameOrder2,Berkeley Bowl,Berkeley,22,8.4,6,0,mainGameOrder3,Berkeley Bowl,Berkeley,15,9,4,0,mainGameOrder4,Sprouts Farmers Market,Oakland,18,9.75,2,12,mainGameOrder1+mainGameOrder3+mainGameOrder2,1.6761,mainGameOrder1,2.037,mainGameOrder1,0.1772,over_bundle,0,0.1772,0.184,1,Berkeley,mainGameOrder1,
p015,2,mainGameScenario2,Berkeley,mainGameOrder5,Berkeley Bowl,Berkeley,24,12,5,0,mainGameOrder6,Berkeley Bowl,Berkeley,15,11.4,4,0,mainGameOrder7,Berkeley Bowl,Berkeley,15,12,2,0,mainGameOrder8,Berkeley Bowl,Berkeley,20,7.8,3,0,mainGameOrder8,1.8519,mainGameOrder8,1.8519,mainGameOrder8,0,over_bundle,0,0,0.2783,1,Berkeley,mainGameOrder8,
p015,3,mainGameScenario3,Berkeley,mainGameOrder9,Berkeley Bowl,Berkeley,15,13.2,3,0,mainGameOrder10,Sprouts Farmers Market,Oakland,23,12.75,3,12,mainGameOrder11,Berkeley Bowl,Berkeley,23,12,6,0,mainGameOrder12,Berkeley Bowl,Berkeley,16,7.8,6,0,mainGameOrder12+mainGameOrder9+mainGameOrder11,1.2162,mainGameOrder11,1.2778,mainGameOrder11,0.0482,over_bundle,0,0.0482,0.2992,1,Berkeley,mainGameOrder11,
p015,4,mainGameScenario4,Berkeley,mainGameOrder13,Berkeley Bowl,Berkeley,17,7.2,4,0,mainGameOrder14,Berkeley Bowl,Berkeley,17,7.8,2,0,mainGameOrder15,Berkeley Bowl,Berkeley,20,12,2,0,mainGameOrder16,Berkeley Bowl,Berkeley,16,11.4,6,0,mainGameOrder13+mainGameOrder15+mainGameOrder16,1.359,mainGameOrder14,1.7347,mainGameOrder14,0.2166,over_bundle,0,0.2166,0.0684,1,Berkeley,mainGameOrder14,
p015,5,mainGameScenario5,Berkeley,mainGameOrder17,Sprouts Farmers Market,Oakland,14,7.5,4,12,mainGameOrder18,Safeway,Piedmont,20,12.5,5,14,mainGameOrder19,Sprouts Farmers Market,Oakland,17,8.25,4,12,mainGameOrder20,Safeway,Piedmont,13,8.1,4,14,mainGameOrder20+mainGameOrder18,0.782,mainGameOrder17+mainGameOrder19,0.8671,mainGameOrder17+mainGameOrder19,0.0982,bundle_correct,0,0.0982,0.3431,1,Berkeley,mainGameOrder17+mainGameOrder19,
p015,6,mainGameScenario6,Piedmont,mainGameOrder21,Sprouts Farmers Market,Oakland,19,12,2,8,mainGameOrder22,Sprouts Farmers Market,Oakland,22,8.25,2,8,mainGameOrder23,Sprouts Farmers Market,Oakland,24,8.25,6,8,mainGameOrder24,Sprouts Farmers Market,Oakland,18,9.75,2,8,mainGameOrder22+mainGameOrder23+mainGameOrder24,1.4463,mainGameOrder22+mainGameOrder23+mainGameOrder24,1.4463,mainGameOrder22,0,over_bundle,1,0,0.1774,1,Piedmont,mainGameOrder22,
p015,7,mainGameScenario7,Oakland,mainGameOrder25,Sprouts Farmers Market,Oakland,12,13.5,4,0,mainGameOrder26,Target,Emeryville,17,13.5,2,8,mainGameOrder27,Sprouts Farmers Market,Oakland,21,9,4,0,mainGameOrder28,Sprouts Farmers Market,Oakland,21,8.25,3,0,mainGameOrder28+mainGameOrder27+mainGameOrder25,1.2934,mainGameOrder28,1.8667,mainGameOrder28,0.3071,over_bundle,0,0.3071,0.1742,1,Oakland,mainGameOrder28,
p015,8,mainGameScenario8,Oakland,mainGameOrder29,Sprouts Farmers Market,Oakland,17,8.25,3,0,mainGameOrder30,Sprouts Farmers Market,Oakland,15,13.5,6,0,mainGameOrder31,Sprouts Farmers Market,Oakland,15,12.75,5,0,mainGameOrder32,Sprouts Farmers Market,Oakland,14,8.25,3,0,mainGameOrder32+mainGameOrder29,1.3778,mainGameOrder29,1.5111,mainGameOrder29,0.0882,over_bundle,0,0.0882,0.0882,1,Oakland,mainGameOrder29,
p015,9,mainGameScenario9,Oakland,mainGameOrder33,Safeway,Piedmont,12,8.1,3,8,mainGameOrder34,Target,Emeryville,17,15.3,6,8,mainGameOrder35,Safeway,Piedmont,12,11.1,5,8,mainGameOrder36,Safeway,Piedmont,13,11.1,5,8,mainGameOrder36+mainGameOrder35+mainGameOrder33,0.7856,mainGameOrder33+mainGameOrder35+mainGameOrder36,0.7856,mainGameOrder33+mainGameOrder35+mainGameOrder36,0,bundle_correct,0,0,0.1247,1,Oakland,mainGameOrder33+mainGameOrder35+mainGameOrder36,
p016,1,mainGameScenario1,Berkeley,mainGameOrder1,Berkeley Bowl,Berkeley,22,7.8,3,0,mainGameOrder2,Berkeley Bowl,Berkeley,22,8.4,6,0,mainGameOrder3,Berkeley Bowl,Berkeley,15,9,4,0,mainGameOrder4,Sprouts Farmers Market,Oakland,18,9.75,2,12,mainGameOrder1+mainGameOrder3+mainGameOrder2,1.6761,mainGameOrder1,2.037,mainGameOrder1,0.1772,over_bundle,0,0.1772,0.184,1,,,
p016,2,mainGameScenario2,Berkeley,mainGameOrder5,Berkeley Bowl,Berkeley,24,12,5,0,mainGameOrder6,Berkeley Bowl,Berkeley,15,11.4,4,0,mainGameOrder7,Berkeley Bowl,Berkeley,15,12,2,0,mainGameOrder8,Berkeley Bowl,Berkeley,20,7.8,3,0,mainGameOrder8+mainGameOrder5+mainGameOrder7,1.5206,mainGameOrder8,1.8519,mainGameOrder8,0.1789,over_bundle,0,0.1789,0.1789,1,,,
p016,3,mainGameScenario3,Berkeley,mainGameOrder9,Berkeley Bowl,Berkeley,15,13.2,3,0,mainGameOrder10,Sprouts Farmers Market,Oakland,23,12.75,3,12,mainGameOrder11,Berkeley Bowl,Berkeley,23,12,6,0,mainGameOrder12,Berkeley Bowl,Berkeley,16,7.8,6,0,mainGameOrder11+mainGameOrder12+mainGameOrder9,1.2162,mainGameOrder11,1.2778,mainGameOrder11,0.0482,over_bundle,0,0.0482,0.3444,1,,,
p016,4,mainGameScenario4,Berkeley,mainGameOrder13,Berkeley Bowl,Berkeley,17,7.2,4,0,mainGameOrder14,Berkeley Bowl,Berkeley,17,7.8,2,0,mainGameOrder15,Berkeley Bowl,Berkeley,20,12,2,0,mainGameOrder16,Berkeley Bowl,Berkeley,16,11.4,6,0,mainGameOrder15+mainGameOrder14+mainGameOrder13,1.6875,mainGameOrder14,1.7347,mainGameOrder14,0.0272,over_bundle,0,0.0272,0.0272,1,,,
p016,5,mainGameScenario5,Berkeley,mainGameOrder17,Sprouts Farmers Market,Oakland,14,7.5,4,12,mainGameOrder18,Safeway,Piedmont,20,12.5,5,14,mainGameOrder19,Sprouts Farmers Market,Oakland,17,8.25,4,12,mainGameOrder20,Safeway,Piedmont,13,8.1,4,14,mainGameOrder17+mainGameOrder19,0.8671,mainGameOrder17+mainGameOrder19,0.8671,mainGameOrder17+mainGameOrder19,0,bundle_correct,0,0,0.1656,1,,,
p016,6,mainGameScenario6,Oakland,mainGameOrder21,Sprouts Farmers Market,Oakland,19,12,2,0,mainGameOrder22,Sprouts Farmers Market,Oakland,22,8.25,2,0,mainGameOrder23,Sprouts Farmers Market,Oakland,24,8.25,6,0,mainGameOrder24,Sprouts Farmers Market,Oakland,18,9.75,2,0,mainGameOrder22+mainGameOrder23+mainGameOrder24,1.7655,mainGameOrder22,2.1463,mainGameOrder22,0.1774,over_bundle,0,0.1774,0.1774,1,,,
p016,7,mainGameScenario7,Oakland,mainGameOrder25,Sprouts Farmers Market,Oakland,12,13.5,4,0,mainGameOrder26,Target,Emeryville,17,13.5,2,8,mainGameOrder27,Sprouts Farmers Market,Oakland,21,9,4,0,mainGameOrder28,Sprouts Farmers Market,Oakland,21,8.25,3,0,mainGameOrder28+mainGameOrder27,1.732,mainGameOrder28,1.8667,mainGameOrder28,0.0722,over_bundle,0,0.0722,0.0722,1,,,
p016,8,mainGameScenario8,Oakland,mainGameOrder29,Sprouts Farmers Market,Oakland,17,8.25,3,0,mainGameOrder30,Sprouts Farmers Market,Oakland,15,13.5,6,0,mainGameOrder31,Sprouts Farmers Market,Oakland,15,12.75,5,0,mainGameOrder32,Sprouts Farmers Market,Oakland,14,8.25,3,0,mainGameOrder29+mainGameOrder31+mainGameOrder32,1.1429,mainGameOrder29,1.5111,mainGameOrder29,0.2437,over_bundle,0,0.2437,0.2235,1,,,
p016,9,mainGameScenario9,Oakland,mainGameOrder33,Safeway,Piedmont,12,8.1,3,8,mainGameOrder34,Target,Emeryville,17,15.3,6,8,mainGameOrder35,Safeway,Piedmont,12,11.1,5,8,mainGameOrder36,Safeway,Piedmont,13,11.1,5,8,mainGameOrder36+mainGameOrder35+mainGameOrder33,0.7856,mainGameOrder33+mainGameOrder35+mainGameOrder36,0.7856,mainGameOrder33+mainGameOrder35+mainGameOrder36,0,bundle_correct,0,0,0.1247,1,,,
p016,10,mainGameScenario10,Piedmont,mainGameOrder37,Safeway,Piedmont,14,8.1,5,0,mainGameOrder38,Safeway,Piedmont,20,8.1,6,0,mainGameOrder39,Safeway,Piedmont,19,7.4,6,0,mainGameOrder40,Safeway,Piedmont,23,11.8,2,0,mainGameOrder38+mainGameOrder40+mainGameOrder39,1.6712,mainGameOrder39+mainGameOrder40,1.6733,mainGameOrder39+mainGameOrder40,0.0013,bundle_correct,0,0.0013,0.0013,0,,,
p016,11,mainGameScenario11,Piedmont,mainGameOrder41,Berkeley Bowl,Berkeley,13,7.8,2,14,mainGameOrder42,Target,Emeryville,19,7.8,2,10,mainGameOrder43,Target,Emeryville,18,8.7,5,10,mainGameOrder44,Target,Emeryville,15,13.5,3,10,mainGameOrder42+mainGameOrder44+mainGameOrder43,1.1659,mainGameOrder42+mainGameOrder43,1.1672,mainGameOrder42+mainGameOrder43,0.0011,bundle_correct,0,0.0011,0.2237,1,,,
p016,12,mainGameScenario12,Emeryville,mainGameOrder45,Target,Emeryville,16,13.5,3,0,mainGameOrder46,Target,Emeryville,14,9.6,5,0,mainGameOrder47,Target,Emeryville,22,13.5,6,0,mainGameOrder48,Target,Emeryville,14,13.5,2,0,mainGameOrder47+mainGameOrder45+mainGameOrder46,1.1504,mainGameOrder45+mainGameOrder46+mainGameOrder47,1.1504,mainGameOrder45+mainGameOrder46+mainGameOrder47,0,bundle_correct,0,0,0,0,,,
p016,13,mainGameScenario13,Emeryville,mainGameOrder49,Target,Emeryville,24,11.7,2,0,mainGameOrder50,Berkeley Bowl,Berkeley,17,8.4,6,8,mainGameOrder51,Berkeley Bowl,Berkeley,14,7.8,5,8,mainGameOrder52,Target,Emeryville,12,9.6,5,0,mainGameOrder49+mainGameOrder52,1.3139,mainGameOrder49,1.7518,mainGameOrder49,0.25,over_bundle,0,0.25,0.2005,1,,,
p016,14,mainGameScenario14,Emeryville,mainGameOrder53,Target,Emeryville,21,13.5,6,0,mainGameOrder54,Target,Emeryville,14,13.5,5,0,mainGameOrder55,Target,Emeryville,22,13.5,6,0,mainGameOrder56,Target,Emeryville,18,7.8,6,0,mainGameOrder55+mainGameOrder53+mainGameOrder56,1.2869,mainGameOrder56,1.3043,mainGameOrder56,0.0134,over_bundle,0,0.0134,0.0134,1,,,
p016,15,mainGameScenario15,Emeryville,mainGameOrder57,Safeway,Piedmont,22,7.4,4,10,mainGameOrder58,Sprouts Farmers Market,Oakland,18,13.5,2,8,mainGameOrder59,Safeway,Piedmont,17,7.4,4,10,mainGameOrder60,Safeway,Piedmont,22,11.8,5,10,mainGameOrder60+mainGameOrder57+mainGameOrder59,1.3436,mainGameOrder57+mainGameOrder59+mainGameOrder60,1.3436,mainGameOrder57+mainGameOrder59+mainGameOrder60,0,bundle_correct,0,0,0.1071,1,,,
p016,16,mainGameScenario16,Piedmont,mainGameOrder61,Safeway,Piedmont,24,12.5,3,0,mainGameOrder62,Safeway,Piedmont,24,8.1,2,0,mainGameOrder63,Safeway,Piedmont,18,12.5,4,0,mainGameOrder64,Safeway,Piedmont,22,11.1,2,0,mainGameOrder64+mainGameOrder61+mainGameOrder62,2.029,mainGameOrder62,2.3762,mainGameOrder62,0.1461,over_bundle,0,0.1461,0.1461,1,,,
p016,17,mainGameScenario17,Piedmont,mainGameOrder65,Safeway,Piedmont,19,7.4,6,0,mainGameOrder66,Sprouts Farmers Market,Oakland,22,7.5,3,8,mainGameOrder67,Sprouts Farmers Market,Oakland,17,12.75,6,8,mainGameOrder68,Sprouts Farmers Market,Oakland,13,12.75,6,8,mainGameOrder66+mainGameOrder67+mainGameOrder68,0.9286,mainGameOrder65,1.4179,mainGameOrder66,0.3451,over_bundle,1,0.2192,0.3693,1,,,
p017,1,mainGameScenario1,Berkeley,mainGameOrder1,Berkeley Bowl,Berkeley,22,7.8,3,0,mainGameOrder2,Berkeley Bowl,Berkeley,22,8.4,6,0,mainGameOrder3,Berkeley Bowl,Berkeley,15,9,4,0,mainGameOrder4,Sprouts Farmers Market,Oakland,18,9.75,2,12,mainGameOrder1+mainGameOrder2,1.7886,mainGameOrder1,2.037,mainGameOrder1,0.122,over_bundle,0,0.122,0.2035,1,,,
p017,2,mainGameScenario2,Berkeley,mainGameOrder5,Berkeley Bowl,Berkeley,24,12,5,0,mainGameOrder6,Berkeley Bowl,Berkeley,15,11.4,4,0,mainGameOrder7,Berkeley Bowl,Berkeley,15,12,2,0,mainGameOrder8,Berkeley Bowl,Berkeley,20,7.8,3,0,mainGameOrder5+mainGameOrder8,1.6541,mainGameOrder8,1.8519,mainGameOrder8,0.1068,over_bundle,0,0.1068,0.1068,1,,,
p017,3,mainGameScenario3,Berkeley,mainGameOrder9,Berkeley Bowl,Berkeley,15,13.2,3,0,mainGameOrder10,Sprouts Farmers Market,Oakland,23,12.75,3,12,mainGameOrder11,Berkeley Bowl,Berkeley,23,12,6,0,mainGameOrder12,Berkeley Bowl,Berkeley,16,7.8,6,0,mainGameOrder9+mainGameOrder11+mainGameOrder12,1.2162,mainGameOrder11,1.2778,mainGameOrder11,0.0482,over_bundle,0,0.0482,0.3444,1,,,
p017,4,mainGameScenario4,Berkeley,mainGameOrder13,Berkeley Bowl,Berkeley,17,7.2,4,0,mainGameOrder14,Berkeley Bowl,Berkeley,17,7.8,2,0,mainGameOrder15,Berkeley Bowl,Berkeley,20,12,2,0,mainGameOrder16,Berkeley Bowl,Berkeley,16,11.4,6,0,mainGameOrder15+mainGameOrder14+mainGameOrder13,1.6875,mainGameOrder14,1.7347,mainGameOrder14,0.0272,over_bundle,0,0.0272,0.0272,1,,,
p017,5,mainGameScenario5,Berkeley,mainGameOrder17,Sprouts Farmers Market,Oakland,14,7.5,4,12,mainGameOrder18,Safeway,Piedmont,20,12.5,5,14,mainGameOrder19,Sprouts Farmers Market,Oakland,17,8.25,4,12,mainGameOrder20,Safeway,Piedmont,13,8.1,4,14,mainGameOrder17+mainGameOrder19,0.8671,mainGameOrder17+mainGameOrder19,0.8671,mainGameOrder17+mainGameOrder19,0,bundle_correct,0,0,0.1656,1,,,
p017,6,mainGameScenario6,Oakland,mainGameOrder21,Sprouts Farmers Market,Oakland,19,12,2,0,mainGameOrder22,Sprouts Farmers Market,Oakland,22,8.25,2,0,mainGameOrder23,Sprouts Farmers Market,Oakland,24,8.25,6,0,mainGameOrder24,Sprouts Farmers Market,Oakland,18,9.75,2,0,mainGameOrder23+mainGameOrder24+mainGameOrder22,1.7655,mainGameOrder22,2.1463,mainGameOrder22,0.1774,over_bundle,0,0.1774,0.1774,1,,,
p017,7,mainGameScenario7,Oakland,mainGameOrder25,Sprouts Farmers Market,Oakland,12,13.5,4,0,mainGameOrder26,Target,Emeryville,17,13.5,2,8,mainGameOrder27,Sprouts Farmers Market,Oakland,21,9,4,0,mainGameOrder28,Sprouts Farmers Market,Oakland,21,8.25,3,0,mainGameOrder28+mainGameOrder27,1.732,mainGameOrder28,1.8667,mainGameOrder28,0.0722,over_bundle,0,0.0722,0.0722,1,,,
p017,8,mainGameScenario8,Oakland,mainGameOrder29,Sprouts Farmers Market,Oakland,17,8.25,3,0,mainGameOrder30,Sprouts Farmers Market,Oakland,15,13.5,6,0,mainGameOrder31,Sprouts Farmers Market,Oakland,15,12.75,5,0,mainGameOrder32,Sprouts Farmers Market,Oakland,14,8.25,3,0,mainGameOrder32+mainGameOrder29,1.3778,mainGameOrder29,1.5111,mainGameOrder29,0.0882,over_bundle,0,0.0882,0.0882,1,,,
p017,9,mainGameScenario9,Oakland,mainGameOrder33,Safeway,Piedmont,12,8.1,3,8,mainGameOrder34,Target,Emeryville,17,15.3,6,8,mainGameOrder35,Safeway,Piedmont,12,11.1,5,8,mainGameOrder36,Safeway,Piedmont,13,11.1,5,8,mainGameOrder33+mainGameOrder36+mainGameOrder35,0.7856,mainGameOrder33+mainGameOrder35+mainGameOrder36,0.7856,mainGameOrder33+mainGameOrder35+mainGameOrder36,0,bundle_correct,0,0,0.1247,1,,,
p017,10,mainGameScenario10,Piedmont,mainGameOrder37,Safeway,Piedmont,14,8.1,5,0,mainGameOrder38,Safeway,Piedmont,20,8.1,6,0,mainGameOrder39,Safeway,Piedmont,19,7.4,6,0,mainGameOrder40,Safeway,Piedmont,23,11.8,2,0,mainGameOrder40+mainGameOrder38+mainGameOrder39,1.6712,mainGameOrder39+mainGameOrder40,1.6733,mainGameOrder39+mainGameOrder40,0.0013,bundle_correct,0,0.0013,0.0013,0,,,
p017,11,mainGameScenario11,Piedmont,mainGameOrder41,Berkeley Bowl,Berkeley,13,7.8,2,14,mainGameOrder42,Target,Emeryville,19,7.8,2,10,mainGameOrder43,Target,Emeryville,18,8.7,5,10,mainGameOrder44,Target,Emeryville,15,13.5,3,10,mainGameOrder42+mainGameOrder43,1.1672,mainGameOrder42+mainGameOrder43,1.1672,mainGameOrder42+mainGameOrder43,0,bundle_correct,0,0,0.1205,1,,,
p017,12,mainGameScenario12,Emeryville,mainGameOrder45,Target,Emeryville,16,13.5,3,0,mainGameOrder46,Target,Emeryville,14,9.6,5,0,mainGameOrder47,Target,Emeryville,22,13.5,6,0,mainGameOrder48,Target,Emeryville,14,13.5,2,0,mainGameOrder47+mainGameOrder45+mainGameOrder46,1.1504,mainGameOrder45+mainGameOrder46+mainGameOrder47,1.1504,mainGameOrder45+mainGameOrder46+mainGameOrder47,0,bundle_correct,0,0,0,0,,,
p017,13,mainGameScenario13,Emeryville,mainGameOrder49,Target,Emeryville,24,11.7,2,0,mainGameOrder50,Berkeley Bowl,Berkeley,17,8.4,6,8,mainGameOrder51,Berkeley Bowl,Berkeley,14,7.8,5,8,mainGameOrder52,Target,Emeryville,12,9.6,5,0,mainGameOrder49+mainGameOrder52,1.3139,mainGameOrder49,1.7518,mainGameOrder49,0.25,over_bundle,0,0.25,0.2005,1,,,
p017,14,mainGameScenario14,Emeryville,mainGameOrder53,Target,Emeryville,21,13.5,6,0,mainGameOrder54,Target,Emeryville,14,13.5,5,0,mainGameOrder55,Target,Emeryville,22,13.5,6,0,mainGameOrder56,Target,Emeryville,18,7.8,6,0,mainGameOrder53+mainGameOrder55+mainGameOrder56,1.2869,mainGameOrder56,1.3043,mainGameOrder56,0.0134,over_bundle,0,0.0134,0.0134,1,,,
p017,15,mainGameScenario15,Emeryville,mainGameOrder57,Safeway,Piedmont,22,7.4,4,10,mainGameOrder58,Sprouts Farmers Market,Oakland,18,13.5,2,8,mainGameOrder59,Safeway,Piedmont,17,7.4,4,10,mainGameOrder60,Safeway,Piedmont,22,11.8,5,10,mainGameOrder59+mainGameOrder57+mainGameOrder60,1.3436,mainGameOrder57+mainGameOrder59+mainGameOrder60,1.3436,mainGameOrder57+mainGameOrder59+mainGameOrder60,0,bundle_correct,0,0,0.1071,1,,,
p017,16,mainGameScenario16,Piedmont,mainGameOrder61,Safeway,Piedmont,24,12.5,3,0,mainGameOrder62,Safeway,Piedmont,24,8.1,2,0,mainGameOrder63,Safeway,Piedmont,18,12.5,4,0,mainGameOrder64,Safeway,Piedmont,22,11.1,2,0,mainGameOrder61+mainGameOrder62+mainGameOrder64,2.029,mainGameOrder62,2.3762,mainGameOrder62,0.1461,over_bundle,0,0.1461,0.1461,1,,,
p017,17,mainGameScenario17,Piedmont,mainGameOrder65,Safeway,Piedmont,19,7.4,6,0,mainGameOrder66,Sprouts Farmers Market,Oakland,22,7.5,3,8,mainGameOrder67,Sprouts Farmers Market,Oakland,17,12.75,6,8,mainGameOrder68,Sprouts Farmers Market,Oakland,13,12.75,6,8,mainGameOrder65,1.4179,mainGameOrder65,1.4179,mainGameOrder66,0,over_bundle,1,0,0.5763,1,,,
p017,18,mainGameScenario18,Piedmont,mainGameOrder69,Sprouts Farmers Market,Oakland,14,8.25,5,8,mainGameOrder70,Sprouts Farmers Market,Oakland,13,8.25,3,8,mainGameOrder71,Sprouts Farmers Market,Oakland,22,14.25,3,8,mainGameOrder72,Sprouts Farmers Market,Oakland,19,9,4,8,mainGameOrder70+mainGameOrder72+mainGameOrder69,1.011,mainGameOrder70+mainGameOrder71+mainGameOrder72,1.0909,mainGameOrder71+mainGameOrder72,0.0733,bundle_correct,1,0.0568,0.0874,1,,,
p017,19,mainGameScenario19,Oakland,mainGameOrder73,Sprouts Farmers Market,Oakland,12,12.75,5,0,mainGameOrder74,Safeway,Piedmont,17,7.4,5,8,mainGameOrder75,Sprouts Farmers Market,Oakland,18,9,3,0,mainGameOrder76,Sprouts Farmers Market,Oakland,24,14.25,2,0,mainGameOrder75+mainGameOrder76,1.4867,mainGameOrder75,1.5,mainGameOrder75,0.0088,over_bundle,0,0.0088,0.1549,1,,,
p018,1,mainGameScenario1,Berkeley,mainGameOrder1,Berkeley Bowl,Berkeley,22,7.8,3,0,mainGameOrder2,Berkeley Bowl,Berkeley,22,8.4,6,0,mainGameOrder3,Berkeley Bowl,Berkeley,15,9,4,0,mainGameOrder4,Sprouts Farmers Market,Oakland,18,9.75,2,12,mainGameOrder1,2.037,mainGameOrder1,2.037,mainGameOrder1,0,over_bundle,0,0,0.3701,1,,,
p018,2,mainGameScenario2,Berkeley,mainGameOrder5,Berkeley Bowl,Berkeley,24,12,5,0,mainGameOrder6,Berkeley Bowl,Berkeley,15,11.4,4,0,mainGameOrder7,Berkeley Bowl,Berkeley,15,12,2,0,mainGameOrder8,Berkeley Bowl,Berkeley,20,7.8,3,0,mainGameOrder5+mainGameOrder6+mainGameOrder8,1.4899,mainGameOrder8,1.8519,mainGameOrder8,0.1955,over_bundle,0,0.1955,0.1805,1,,,
p018,3,mainGameScenario3,Berkeley,mainGameOrder9,Berkeley Bowl,Berkeley,15,13.2,3,0,mainGameOrder10,Sprouts Farmers Market,Oakland,23,12.75,3,12,mainGameOrder11,Berkeley Bowl,Berkeley,23,12,6,0,mainGameOrder12,Berkeley Bowl,Berkeley,16,7.8,6,0,mainGameOrder9+mainGameOrder11+mainGameOrder12,1.2162,mainGameOrder11,1.2778,mainGameOrder11,0.0482,over_bundle,0,0.0482,0.3444,1,,,
p018,4,mainGameScenario4,Berkeley,mainGameOrder13,Berkeley Bowl,Berkeley,17,7.2,4,0,mainGameOrder14,Berkeley Bowl,Berkeley,17,7.8,2,0,mainGameOrder15,Berkeley Bowl,Berkeley,20,12,2,0,mainGameOrder16,Berkeley Bowl,Berkeley,16,11.4,6,0,mainGameOrder15+mainGameOrder13+mainGameOrder14,1.6875,mainGameOrder14,1.7347,mainGameOrder14,0.0272,over_bundle,0,0.0272,0.0272,1,,,
p018,5,mainGameScenario5,Berkeley,mainGameOrder17,Sprouts Farmers Market,Oakland,14,7.5,4,12,mainGameOrder18,Safeway,Piedmont,20,12.5,5,14,mainGameOrder19,Sprouts Farmers Market,Oakland,17,8.25,4,12,mainGameOrder20,Safeway,Piedmont,13,8.1,4,14,mainGameOrder18+mainGameOrder20,0.782,mainGameOrder17+mainGameOrder19,0.8671,mainGameOrder17+mainGameOrder19,0.0982,bundle_correct,0,0.0982,0.3431,1,,,
p018,6,mainGameScenario6,Piedmont,mainGameOrder21,Sprouts Farmers Market,Oakland,19,12,2,8,mainGameOrder22,Sprouts Farmers Market,Oakland,22,8.25,2,8,mainGameOrder23,Sprouts Farmers Market,Oakland,24,8.25,6,8,mainGameOrder24,Sprouts Farmers Market,Oakland,18,9.75,2,8,mainGameOrder23+mainGameOrder22+mainGameOrder21,1.3978,mainGameOrder22+mainGameOrder23+mainGameOrder24,1.4463,mainGameOrder22,0.0335,over_bundle,1,0,0.1838,1,,,
p018,7,mainGameScenario7,Oakland,mainGameOrder25,Sprouts Farmers Market,Oakland,12,13.5,4,0,mainGameOrder26,Target,Emeryville,17,13.5,2,8,mainGameOrder27,Sprouts Farmers Market,Oakland,21,9,4,0,mainGameOrder28,Sprouts Farmers Market,Oakland,21,8.25,3,0,mainGameOrder25+mainGameOrder27+mainGameOrder28,1.2934,mainGameOrder28,1.8667,mainGameOrder28,0.3071,over_bundle,0,0.3071,0.1742,1,,,
p018,8,mainGameScenario8,Oakland,mainGameOrder29,Sprouts Farmers Market,Oakland,17,8.25,3,0,mainGameOrder30,Sprouts Farmers Market,Oakland,15,13.5,6,0,mainGameOrder31,Sprouts Farmers Market,Oakland,15,12.75,5,0,mainGameOrder32,Sprouts Farmers Market,Oakland,14,8.25,3,0,mainGameOrder29+mainGameOrder31+mainGameOrder30,0.9691,mainGameOrder29,1.5111,mainGameOrder29,0.3587,over_bundle,0,0.3587,0.2233,1,,,
p018,9,mainGameScenario9,Oakland,mainGameOrder33,Safeway,Piedmont,12,8.1,3,8,mainGameOrder34,Target,Emeryville,17,15.3,6,8,mainGameOrder35,Safeway,Piedmont,12,11.1,5,8,mainGameOrder36,Safeway,Piedmont,13,11.1,5,8,mainGameOrder33+mainGameOrder35+mainGameOrder36,0.7856,mainGameOrder33+mainGameOrder35+mainGameOrder36,0.7856,mainGameOrder33+mainGameOrder35+mainGameOrder36,0,bundle_correct,0,0,0.1247,1,,,
p018,10,mainGameScenario10,Piedmont,mainGameOrder37,Safeway,Piedmont,14,8.1,5,0,mainGameOrder38,Safeway,Piedmont,20,8.1,6,0,mainGameOrder39,Safeway,Piedmont,19,7.4,6,0,mainGameOrder40,Safeway,Piedmont,23,11.8,2,0,mainGameOrder40+mainGameOrder38+mainGameOrder39,1.6712,mainGameOrder39+mainGameOrder40,1.6733,mainGameOrder39+mainGameOrder40,0.0013,bundle_correct,0,0.0013,0.0013,0,,,
p018,11,mainGameScenario11,Piedmont,mainGameOrder41,Berkeley Bowl,Berkeley,13,7.8,2,14,mainGameOrder42,Target,Emeryville,19,7.8,2,10,mainGameOrder43,Target,Emeryville,18,8.7,5,10,mainGameOrder44,Target,Emeryville,15,13.5,3,10,mainGameOrder42+mainGameOrder43+mainGameOrder44,1.1659,mainGameOrder42+mainGameOrder43,1.1672,mainGameOrder42+mainGameOrder43,0.0011,bundle_correct,0,0.0011,0.2237,1,,,
p018,12,mainGameScenario12,Emeryville,mainGameOrder45,Target,Emeryville,16,13.5,3,0,mainGameOrder46,Target,Emeryville,14,9.6,5,0,mainGameOrder47,Target,Emeryville,22,13.5,6,0,mainGameOrder48,Target,Emeryville,14,13.5,2,0,mainGameOrder47+mainGameOrder45+mainGameOrder46,1.1504,mainGameOrder45+mainGameOrder46+mainGameOrder47,1.1504,mainGameOrder45+mainGameOrder46+mainGameOrder47,0,bundle_correct,0,0,0,0,,,
p018,13,mainGameScenario13,Emeryville,mainGameOrder49,Target,Emeryville,24,11.7,2,0,mainGameOrder50,Berkeley Bowl,Berkeley,17,8.4,6,8,mainGameOrder51,Berkeley Bowl,Berkeley,14,7.8,5,8,mainGameOrder52,Target,Emeryville,12,9.6,5,0,mainGameOrder49+mainGameOrder52,1.3139,mainGameOrder49,1.7518,mainGameOrder49,0.25,over_bundle,0,0.25,0.2005,1,,,
p018,14,mainGameScenario14,Emeryville,mainGameOrder53,Target,Emeryville,21,13.5,6,0,mainGameOrder54,Target,Emeryville,14,13.5,5,0,mainGameOrder55,Target,Emeryville,22,13.5,6,0,mainGameOrder56,Target,Emeryville,18,7.8,6,0,mainGameOrder55+mainGameOrder53+mainGameOrder56,1.2869,mainGameOrder56,1.3043,mainGameOrder56,0.0134,over_bundle,0,0.0134,0.0134,1,,,
p018,15,mainGameScenario15,Emeryville,mainGameOrder57,Safeway,Piedmont,22,7.4,4,10,mainGameOrder58,Sprouts Farmers Market,Oakland,18,13.5,2,8,mainGameOrder59,Safeway,Piedmont,17,7.4,4,10,mainGameOrder60,Safeway,Piedmont,22,11.8,5,10,mainGameOrder57+mainGameOrder60,1.2188,mainGameOrder57+mainGameOrder59+mainGameOrder60,1.3436,mainGameOrder57+mainGameOrder59+mainGameOrder60,0.0929,bundle_correct,0,0.0929,0.0445,1,,,
p018,16,mainGameScenario16,Piedmont,mainGameOrder61,Safeway,Piedmont,24,12.5,3,0,mainGameOrder62,Safeway,Piedmont,24,8.1,2,0,mainGameOrder63,Safeway,Piedmont,18,12.5,4,0,mainGameOrder64,Safeway,Piedmont,22,11.1,2,0,mainGameOrder61,1.5484,mainGameOrder62,2.3762,mainGameOrder62,0.3484,over_bundle,0,0.3484,0.0879,1,,,
p019,1,mainGameScenario1,Berkeley,mainGameOrder1,Berkeley Bowl,Berkeley,22,7.8,3,0,mainGameOrder2,Berkeley Bowl,Berkeley,22,8.4,6,0,mainGameOrder3,Berkeley Bowl,Berkeley,15,9,4,0,mainGameOrder4,Sprouts Farmers Market,Oakland,18,9.75,2,12,mainGameOrder1+mainGameOrder2+mainGameOrder3,1.6761,mainGameOrder1,2.037,mainGameOrder1,0.1772,over_bundle,0,0.1772,0.184,1,,,
p019,2,mainGameScenario2,Berkeley,mainGameOrder5,Berkeley Bowl,Berkeley,24,12,5,0,mainGameOrder6,Berkeley Bowl,Berkeley,15,11.4,4,0,mainGameOrder7,Berkeley Bowl,Berkeley,15,12,2,0,mainGameOrder8,Berkeley Bowl,Berkeley,20,7.8,3,0,mainGameOrder5+mainGameOrder6+mainGameOrder8,1.4899,mainGameOrder8,1.8519,mainGameOrder8,0.1955,over_bundle,0,0.1955,0.1805,1,,,
p019,3,mainGameScenario3,Berkeley,mainGameOrder9,Berkeley Bowl,Berkeley,15,13.2,3,0,mainGameOrder10,Sprouts Farmers Market,Oakland,23,12.75,3,12,mainGameOrder11,Berkeley Bowl,Berkeley,23,12,6,0,mainGameOrder12,Berkeley Bowl,Berkeley,16,7.8,6,0,mainGameOrder9+mainGameOrder11+mainGameOrder12,1.2162,mainGameOrder11,1.2778,mainGameOrder11,0.0482,over_bundle,0,0.0482,0.3444,1,,,
p019,4,mainGameScenario4,Berkeley,mainGameOrder13,Berkeley Bowl,Berkeley,17,7.2,4,0,mainGameOrder14,Berkeley Bowl,Berkeley,17,7.8,2,0,mainGameOrder15,Berkeley Bowl,Berkeley,20,12,2,0,mainGameOrder16,Berkeley Bowl,Berkeley,16,11.4,6,0,mainGameOrder14+mainGameOrder13+mainGameOrder15,1.6875,mainGameOrder14,1.7347,mainGameOrder14,0.0272,over_bundle,0,0.0272,0.0272,1,,,
p019,5,mainGameScenario5,Berkeley,mainGameOrder17,Sprouts Farmers Market,Oakland,14,7.5,4,12,mainGameOrder18,Safeway,Piedmont,20,12.5,5,14,mainGameOrder19,Sprouts Farmers Market,Oakland,17,8.25,4,12,mainGameOrder20,Safeway,Piedmont,13,8.1,4,14,mainGameOrder19+mainGameOrder17,0.8671,mainGameOrder17+mainGameOrder19,0.8671,mainGameOrder17+mainGameOrder19,0,bundle_correct,0,0,0.1656,1,,,
p019,6,mainGameScenario6,Oakland,mainGameOrder21,Sprouts Farmers Market,Oakland,19,12,2,0,mainGameOrder22,Sprouts Farmers Market,Oakland,22,8.25,2,0,mainGameOrder23,Sprouts Farmers Market,Oakland,24,8.25,6,0,mainGameOrder24,Sprouts Farmers Market,Oakland,18,9.75,2,0,mainGameOrder21+mainGameOrder23+mainGameOrder22,1.6883,mainGameOrder22,2.1463,mainGameOrder22,0.2134,over_bundle,0,0.2134,0.1838,1,,,
p019,7,mainGameScenario7,Oakland,mainGameOrder25,Sprouts Farmers Market,Oakland,12,13.5,4,0,mainGameOrder26,Target,Emeryville,17,13.5,2,8,mainGameOrder27,Sprouts Farmers Market,Oakland,21,9,4,0,mainGameOrder28,Sprouts Farmers Market,Oakland,21,8.25,3,0,mainGameOrder25+mainGameOrder27+mainGameOrder28,1.2934,mainGameOrder28,1.8667,mainGameOrder28,0.3071,over_bundle,0,0.3071,0.1742,1,,,
p019,8,mainGameScenario8,Oakland,mainGameOrder29,Sprouts Farmers Market,Oakland,17,8.25,3,0,mainGameOrder30,Sprouts Farmers Market,Oakland,15,13.5,6,0,mainGameOrder31,Sprouts Farmers Market,Oakland,15,12.75,5,0,mainGameOrder32,Sprouts Farmers Market,Oakland,14,8.25,3,0,mainGameOrder29+mainGameOrder31+mainGameOrder32,1.1429,mainGameOrder29,1.5111,mainGameOrder29,0.2437,over_bundle,0,0.2437,0.2235,1,,,
p019,9,mainGameScenario9,Oakland,mainGameOrder33,Safeway,Piedmont,12,8.1,3,8,mainGameOrder34,Target,Emeryville,17,15.3,6,8,mainGameOrder35,Safeway,Piedmont,12,11.1,5,8,mainGameOrder36,Safeway,Piedmont,13,11.1,5,8,mainGameOrder36+mainGameOrder35+mainGameOrder33,0.7856,mainGameOrder33+mainGameOrder35+mainGameOrder36,0.7856,mainGameOrder33+mainGameOrder35+mainGameOrder36,0,bundle_correct,0,0,0.1247,1,,,
p019,10,mainGameScenario10,Piedmont,mainGameOrder37,Safeway,Piedmont,14,8.1,5,0,mainGameOrder38,Safeway,Piedmont,20,8.1,6,0,mainGameOrder39,Safeway,Piedmont,19,7.4,6,0,mainGameOrder40,Safeway,Piedmont,23,11.8,2,0,mainGameOrder38+mainGameOrder39+mainGameOrder40,1.6712,mainGameOrder39+mainGameOrder40,1.6733,mainGameOrder39+mainGameOrder40,0.0013,bundle_correct,0,0.0013,0.0013,0,,,
p019,11,mainGameScenario11,Piedmont,mainGameOrder41,Berkeley Bowl,Berkeley,13,7.8,2,14,mainGameOrder42,Target,Emeryville,19,7.8,2,10,mainGameOrder43,Target,Emeryville,18,8.7,5,10,mainGameOrder44,Target,Emeryville,15,13.5,3,10,mainGameOrder42+mainGameOrder43+mainGameOrder44,1.1659,mainGameOrder42+mainGameOrder43,1.1672,mainGameOrder42+mainGameOrder43,0.0011,bundle_correct,0,0.0011,0.2237,1,,,
p019,12,mainGameScenario12,Emeryville,mainGameOrder45,Target,Emeryville,16,13.5,3,0,mainGameOrder46,Target,Emeryville,14,9.6,5,0,mainGameOrder47,Target,Emeryville,22,13.5,6,0,mainGameOrder48,Target,Emeryville,14,13.5,2,0,mainGameOrder46+mainGameOrder45+mainGameOrder47,1.1504,mainGameOrder45+mainGameOrder46+mainGameOrder47,1.1504,mainGameOrder45+mainGameOrder46+mainGameOrder47,0,bundle_correct,0,0,0,0,,,
p019,13,mainGameScenario13,Emeryville,mainGameOrder49,Target,Emeryville,24,11.7,2,0,mainGameOrder50,Berkeley Bowl,Berkeley,17,8.4,6,8,mainGameOrder51,Berkeley Bowl,Berkeley,14,7.8,5,8,mainGameOrder52,Target,Emeryville,12,9.6,5,0,mainGameOrder49+mainGameOrder52,1.3139,mainGameOrder49,1.7518,mainGameOrder49,0.25,over_bundle,0,0.25,0.2005,1,,,
p019,14,mainGameScenario14,Emeryville,mainGameOrder53,Target,Emeryville,21,13.5,6,0,mainGameOrder54,Target,Emeryville,14,13.5,5,0,mainGameOrder55,Target,Emeryville,22,13.5,6,0,mainGameOrder56,Target,Emeryville,18,7.8,6,0,mainGameOrder53+mainGameOrder55+mainGameOrder56,1.2869,mainGameOrder56,1.3043,mainGameOrder56,0.0134,over_bundle,0,0.0134,0.0134,1,,,
p019,15,mainGameScenario15,Emeryville,mainGameOrder57,Safeway,Piedmont,22,7.4,4,10,mainGameOrder58,Sprouts Farmers Market,Oakland,18,13.5,2,8,mainGameOrder59,Safeway,Piedmont,17,7.4,4,10,mainGameOrder60,Safeway,Piedmont,22,11.8,5,10,mainGameOrder57+mainGameOrder59+mainGameOrder60,1.3436,mainGameOrder57+mainGameOrder59+mainGameOrder60,1.3436,mainGameOrder57+mainGameOrder59+mainGameOrder60,0,bundle_correct,0,0,0.1071,1,,,
p019,16,mainGameScenario16,Piedmont,mainGameOrder61,Safeway,Piedmont,24,12.5,3,0,mainGameOrder62,Safeway,Piedmont,24,8.1,2,0,mainGameOrder63,Safeway,Piedmont,18,12.5,4,0,mainGameOrder64,Safeway,Piedmont,22,11.1,2,0,mainGameOrder62+mainGameOrder61+mainGameOrder64,2.029,mainGameOrder62,2.3762,mainGameOrder62,0.1461,over_bundle,0,0.1461,0.1461,1,,,
p019,17,mainGameScenario17,Piedmont,mainGameOrder65,Safeway,Piedmont,19,7.4,6,0,mainGameOrder66,Sprouts Farmers Market,Oakland,22,7.5,3,8,mainGameOrder67,Sprouts Farmers Market,Oakland,17,12.75,6,8,mainGameOrder68,Sprouts Farmers Market,Oakland,13,12.75,6,8,mainGameOrder65,1.4179,mainGameOrder65,1.4179,mainGameOrder66,0,over_bundle,1,0,0.5763,1,,,
p020,1,mainGameScenario1,Berkeley,mainGameOrder1,Berkeley Bowl,Berkeley,22,7.8,3,0,mainGameOrder2,Berkeley Bowl,Berkeley,22,8.4,6,0,mainGameOrder3,Berkeley Bowl,Berkeley,15,9,4,0,mainGameOrder4,Sprouts Farmers Market,Oakland,18,9.75,2,12,mainGameOrder1+mainGameOrder3+mainGameOrder2,1.6761,mainGameOrder1,2.037,mainGameOrder1,0.1772,over_bundle,0,0.1772,0.184,1,,,
p020,2,mainGameScenario2,Berkeley,mainGameOrder5,Berkeley Bowl,Berkeley,24,12,5,0,mainGameOrder6,Berkeley Bowl,Berkeley,15,11.4,4,0,mainGameOrder7,Berkeley Bowl,Berkeley,15,12,2,0,mainGameOrder8,Berkeley Bowl,Berkeley,20,7.8,3,0,mainGameOrder8+mainGameOrder5+mainGameOrder6,1.4899,mainGameOrder8,1.8519,mainGameOrder8,0.1955,over_bundle,0,0.1955,0.1805,1,,,
p020,3,mainGameScenario3,Berkeley,mainGameOrder9,Berkeley Bowl,Berkeley,15,13.2,3,0,mainGameOrder10,Sprouts Farmers Market,Oakland,23,12.75,3,12,mainGameOrder11,Berkeley Bowl,Berkeley,23,12,6,0,mainGameOrder12,Berkeley Bowl,Berkeley,16,7.8,6,0,mainGameOrder9+mainGameOrder11+mainGameOrder12,1.2162,mainGameOrder11,1.2778,mainGameOrder11,0.0482,over_bundle,0,0.0482,0.3444,1,,,
p020,4,mainGameScenario4,Berkeley,mainGameOrder13,Berkeley Bowl,Berkeley,17,7.2,4,0,mainGameOrder14,Berkeley Bowl,Berkeley,17,7.8,2,0,mainGameOrder15,Berkeley Bowl,Berkeley,20,12,2,0,mainGameOrder16,Berkeley Bowl,Berkeley,16,11.4,6,0,mainGameOrder14+mainGameOrder13+mainGameOrder15,1.6875,mainGameOrder14,1.7347,mainGameOrder14,0.0272,over_bundle,0,0.0272,0.0272,1,,,
p020,5,mainGameScenario5,Berkeley,mainGameOrder17,Sprouts Farmers Market,Oakland,14,7.5,4,12,mainGameOrder18,Safeway,Piedmont,20,12.5,5,14,mainGameOrder19,Sprouts Farmers Market,Oakland,17,8.25,4,12,mainGameOrder20,Safeway,Piedmont,13,8.1,4,14,mainGameOrder17+mainGameOrder19,0.8671,mainGameOrder17+mainGameOrder19,0.8671,mainGameOrder17+mainGameOrder19,0,bundle_correct,0,0,0.1656,1,,,
p020,6,mainGameScenario6,Oakland,mainGameOrder21,Sprouts Farmers Market,Oakland,19,12,2,0,mainGameOrder22,Sprouts Farmers Market,Oakland,22,8.25,2,0,mainGameOrder23,Sprouts Farmers Market,Oakland,24,8.25,6,0,mainGameOrder24,Sprouts Farmers Market,Oakland,18,9.75,2,0,mainGameOrder23+mainGameOrder22+mainGameOrder21,1.6883,mainGameOrder22,2.1463,mainGameOrder22,0.2134,over_bundle,0,0.2134,0.1838,1,,,
p020,7,mainGameScenario7,Oakland,mainGameOrder25,Sprouts Farmers Market,Oakland,12,13.5,4,0,mainGameOrder26,Target,Emeryville,17,13.5,2,8,mainGameOrder27,Sprouts Farmers Market,Oakland,21,9,4,0,mainGameOrder28,Sprouts Farmers Market,Oakland,21,8.25,3,0,mainGameOrder25+mainGameOrder27+mainGameOrder28,1.2934,mainGameOrder28,1.8667,mainGameOrder28,0.3071,over_bundle,0,0.3071,0.1742,1,,,
p020,8,mainGameScenario8,Oakland,mainGameOrder29,Sprouts Farmers Market,Oakland,17,8.25,3,0,mainGameOrder30,Sprouts Farmers Market,Oakland,15,13.5,6,0,mainGameOrder31,Sprouts Farmers Market,Oakland,15,12.75,5,0,mainGameOrder32,Sprouts Farmers Market,Oakland,14,8.25,3,0,mainGameOrder29+mainGameOrder31+mainGameOrder32,1.1429,mainGameOrder29,1.5111,mainGameOrder29,0.2437,over_bundle,0,0.2437,0.2235,1,,,
p020,9,mainGameScenario9,Oakland,mainGameOrder33,Safeway,Piedmont,12,8.1,3,8,mainGameOrder34,Target,Emeryville,17,15.3,6,8,mainGameOrder35,Safeway,Piedmont,12,11.1,5,8,mainGameOrder36,Safeway,Piedmont,13,11.1,5,8,mainGameOrder35+mainGameOrder36+mainGameOrder33,0.7856,mainGameOrder33+mainGameOrder35+mainGameOrder36,0.7856,mainGameOrder33+mainGameOrder35+mainGameOrder36,0,bundle_correct,0,0,0.1247,1,,,
p020,10,mainGameScenario10,Piedmont,mainGameOrder37,Safeway,Piedmont,14,8.1,5,0,mainGameOrder38,Safeway,Piedmont,20,8.1,6,0,mainGameOrder39,Safeway,Piedmont,19,7.4,6,0,mainGameOrder40,Safeway,Piedmont,23,11.8,2,0,mainGameOrder37+mainGameOrder38+mainGameOrder39,1.4021,mainGameOrder39+mainGameOrder40,1.6733,mainGameOrder39+mainGameOrder40,0.1621,bundle_correct,0,0.1621,0.0054,0,,,
p020,11,mainGameScenario11,Piedmont,mainGameOrder41,Berkeley Bowl,Berkeley,13,7.8,2,14,mainGameOrder42,Target,Emeryville,19,7.8,2,10,mainGameOrder43,Target,Emeryville,18,8.7,5,10,mainGameOrder44,Target,Emeryville,15,13.5,3,10,mainGameOrder42+mainGameOrder44+mainGameOrder43,1.1659,mainGameOrder42+mainGameOrder43,1.1672,mainGameOrder42+mainGameOrder43,0.0011,bundle_correct,0,0.0011,0.2237,1,,,
p020,12,mainGameScenario12,Emeryville,mainGameOrder45,Target,Emeryville,16,13.5,3,0,mainGameOrder46,Target,Emeryville,14,9.6,5,0,mainGameOrder47,Target,Emeryville,22,13.5,6,0,mainGameOrder48,Target,Emeryville,14,13.5,2,0,mainGameOrder47+mainGameOrder46+mainGameOrder45,1.1504,mainGameOrder45+mainGameOrder46+mainGameOrder47,1.1504,mainGameOrder45+mainGameOrder46+mainGameOrder47,0,bundle_correct,0,0,0,0,,,
p020,13,mainGameScenario13,Emeryville,mainGameOrder49,Target,Emeryville,24,11.7,2,0,mainGameOrder50,Berkeley Bowl,Berkeley,17,8.4,6,8,mainGameOrder51,Berkeley Bowl,Berkeley,14,7.8,5,8,mainGameOrder52,Target,Emeryville,12,9.6,5,0,mainGameOrder52+mainGameOrder49,1.3139,mainGameOrder49,1.7518,mainGameOrder49,0.25,over_bundle,0,0.25,0.2005,1,,,
p021,1,mainGameScenario1,Berkeley,mainGameOrder1,Berkeley Bowl,Berkeley,22,7.8,3,0,mainGameOrder2,Berkeley Bowl,Berkeley,22,8.4,6,0,mainGameOrder3,Berkeley Bowl,Berkeley,15,9,4,0,mainGameOrder4,Sprouts Farmers Market,Oakland,18,9.75,2,12,mainGameOrder2+mainGameOrder1+mainGameOrder3,1.6761,mainGameOrder1,2.037,mainGameOrder1,0.1772,over_bundle,0,0.1772,0.184,1,,,
p021,2,mainGameScenario2,Berkeley,mainGameOrder5,Berkeley Bowl,Berkeley,24,12,5,0,mainGameOrder6,Berkeley Bowl,Berkeley,15,11.4,4,0,mainGameOrder7,Berkeley Bowl,Berkeley,15,12,2,0,mainGameOrder8,Berkeley Bowl,Berkeley,20,7.8,3,0,mainGameOrder6+mainGameOrder5+mainGameOrder8,1.4899,mainGameOrder8,1.8519,mainGameOrder8,0.1955,over_bundle,0,0.1955,0.1805,1,,,
p021,3,mainGameScenario3,Berkeley,mainGameOrder9,Berkeley Bowl,Berkeley,15,13.2,3,0,mainGameOrder10,Sprouts Farmers Market,Oakland,23,12.75,3,12,mainGameOrder11,Berkeley Bowl,Berkeley,23,12,6,0,mainGameOrder12,Berkeley Bowl,Berkeley,16,7.8,6,0,mainGameOrder9+mainGameOrder11+mainGameOrder12,1.2162,mainGameOrder11,1.2778,mainGameOrder11,0.0482,over_bundle,0,0.0482,0.3444,1,,,
p021,4,mainGameScenario4,Berkeley,mainGameOrder13,Berkeley Bowl,Berkeley,17,7.2,4,0,mainGameOrder14,Berkeley Bowl,Berkeley,17,7.8,2,0,mainGameOrder15,Berkeley Bowl,Berkeley,20,12,2,0,mainGameOrder16,Berkeley Bowl,Berkeley,16,11.4,6,0,mainGameOrder15+mainGameOrder14+mainGameOrder13,1.6875,mainGameOrder14,1.7347,mainGameOrder14,0.0272,over_bundle,0,0.0272,0.0272,1,,,
p021,5,mainGameScenario5,Berkeley,mainGameOrder17,Sprouts Farmers Market,Oakland,14,7.5,4,12,mainGameOrder18,Safeway,Piedmont,20,12.5,5,14,mainGameOrder19,Sprouts Farmers Market,Oakland,17,8.25,4,12,mainGameOrder20,Safeway,Piedmont,13,8.1,4,14,mainGameOrder17+mainGameOrder19,0.8671,mainGameOrder17+mainGameOrder19,0.8671,mainGameOrder17+mainGameOrder19,0,bundle_correct,0,0,0.1656,1,,,
p021,6,mainGameScenario6,Oakland,mainGameOrder21,Sprouts Farmers Market,Oakland,19,12,2,0,mainGameOrder22,Sprouts Farmers Market,Oakland,22,8.25,2,0,mainGameOrder23,Sprouts Farmers Market,Oakland,24,8.25,6,0,mainGameOrder24,Sprouts Farmers Market,Oakland,18,9.75,2,0,mainGameOrder22+mainGameOrder23+mainGameOrder24,1.7655,mainGameOrder22,2.1463,mainGameOrder22,0.1774,over_bundle,0,0.1774,0.1774,1,,,
p021,7,mainGameScenario7,Oakland,mainGameOrder25,Sprouts Farmers Market,Oakland,12,13.5,4,0,mainGameOrder26,Target,Emeryville,17,13.5,2,8,mainGameOrder27,Sprouts Farmers Market,Oakland,21,9,4,0,mainGameOrder28,Sprouts Farmers Market,Oakland,21,8.25,3,0,mainGameOrder27+mainGameOrder28,1.732,mainGameOrder28,1.8667,mainGameOrder28,0.0722,over_bundle,0,0.0722,0.0722,1,,,
p021,8,mainGameScenario8,Oakland,mainGameOrder29,Sprouts Farmers Market,Oakland,17,8.25,3,0,mainGameOrder30,Sprouts Farmers Market,Oakland,15,13.5,6,0,mainGameOrder31,Sprouts Farmers Market,Oakland,15,12.75,5,0,mainGameOrder32,Sprouts Farmers Market,Oakland,14,8.25,3,0,mainGameOrder29+mainGameOrder30+mainGameOrder31,0.9691,mainGameOrder29,1.5111,mainGameOrder29,0.3587,over_bundle,0,0.3587,0.2233,1,,,
p021,9,mainGameScenario9,Oakland,mainGameOrder33,Safeway,Piedmont,12,8.1,3,8,mainGameOrder34,Target,Emeryville,17,15.3,6,8,mainGameOrder35,Safeway,Piedmont,12,11.1,5,8,mainGameOrder36,Safeway,Piedmont,13,11.1,5,8,mainGameOrder33+mainGameOrder35+mainGameOrder36,0.7856,mainGameOrder33+mainGameOrder35+mainGameOrder36,0.7856,mainGameOrder33+mainGameOrder35+mainGameOrder36,0,bundle_correct,0,0,0.1247,1,,,
p021,10,mainGameScenario10,Piedmont,mainGameOrder37,Safeway,Piedmont,14,8.1,5,0,mainGameOrder38,Safeway,Piedmont,20,8.1,6,0,mainGameOrder39,Safeway,Piedmont,19,7.4,6,0,mainGameOrder40,Safeway,Piedmont,23,11.8,2,0,mainGameOrder38+mainGameOrder39+mainGameOrder40,1.6712,mainGameOrder39+mainGameOrder40,1.6733,mainGameOrder39+mainGameOrder40,0.0013,bundle_correct,0,0.0013,0.0013,0,,,
p021,11,mainGameScenario11,Piedmont,mainGameOrder41,Berkeley Bowl,Berkeley,13,7.8,2,14,mainGameOrder42,Target,Emeryville,19,7.8,2,10,mainGameOrder43,Target,Emeryville,18,8.7,5,10,mainGameOrder44,Target,Emeryville,15,13.5,3,10,mainGameOrder43+mainGameOrder44+mainGameOrder42,1.1659,mainGameOrder42+mainGameOrder43,1.1672,mainGameOrder42+mainGameOrder43,0.0011,bundle_correct,0,0.0011,0.2237,1,,,
p021,12,mainGameScenario12,Emeryville,mainGameOrder45,Target,Emeryville,16,13.5,3,0,mainGameOrder46,Target,Emeryville,14,9.6,5,0,mainGameOrder47,Target,Emeryville,22,13.5,6,0,mainGameOrder48,Target,Emeryville,14,13.5,2,0,mainGameOrder45+mainGameOrder47+mainGameOrder46,1.1504,mainGameOrder45+mainGameOrder46+mainGameOrder47,1.1504,mainGameOrder45+mainGameOrder46+mainGameOrder47,0,bundle_correct,0,0,0,0,,,
p021,13,mainGameScenario13,Emeryville,mainGameOrder49,Target,Emeryville,24,11.7,2,0,mainGameOrder50,Berkeley Bowl,Berkeley,17,8.4,6,8,mainGameOrder51,Berkeley Bowl,Berkeley,14,7.8,5,8,mainGameOrder52,Target,Emeryville,12,9.6,5,0,mainGameOrder49+mainGameOrder52,1.3139,mainGameOrder49,1.7518,mainGameOrder49,0.25,over_bundle,0,0.25,0.2005,1,,,
p021,14,mainGameScenario14,Emeryville,mainGameOrder53,Target,Emeryville,21,13.5,6,0,mainGameOrder54,Target,Emeryville,14,13.5,5,0,mainGameOrder55,Target,Emeryville,22,13.5,6,0,mainGameOrder56,Target,Emeryville,18,7.8,6,0,mainGameOrder53+mainGameOrder55+mainGameOrder56,1.2869,mainGameOrder56,1.3043,mainGameOrder56,0.0134,over_bundle,0,0.0134,0.0134,1,,,
p021,15,mainGameScenario15,Emeryville,mainGameOrder57,Safeway,Piedmont,22,7.4,4,10,mainGameOrder58,Sprouts Farmers Market,Oakland,18,13.5,2,8,mainGameOrder59,Safeway,Piedmont,17,7.4,4,10,mainGameOrder60,Safeway,Piedmont,22,11.8,5,10,mainGameOrder59+mainGameOrder57+mainGameOrder60,1.3436,mainGameOrder57+mainGameOrder59+mainGameOrder60,1.3436,mainGameOrder57+mainGameOrder59+mainGameOrder60,0,bundle_correct,0,0,0.1071,1,,,
p021,16,mainGameScenario16,Piedmont,mainGameOrder61,Safeway,Piedmont,24,12.5,3,0,mainGameOrder62,Safeway,Piedmont,24,8.1,2,0,mainGameOrder63,Safeway,Piedmont,18,12.5,4,0,mainGameOrder64,Safeway,Piedmont,22,11.1,2,0,mainGameOrder61+mainGameOrder64+mainGameOrder62,2.029,mainGameOrder62,2.3762,mainGameOrder62,0.1461,over_bundle,0,0.1461,0.1461,1,,,
p021,17,mainGameScenario17,Piedmont,mainGameOrder65,Safeway,Piedmont,19,7.4,6,0,mainGameOrder66,Sprouts Farmers Market,Oakland,22,7.5,3,8,mainGameOrder67,Sprouts Farmers Market,Oakland,17,12.75,6,8,mainGameOrder68,Sprouts Farmers Market,Oakland,13,12.75,6,8,mainGameOrder67+mainGameOrder66,1.047,mainGameOrder65,1.4179,mainGameOrder66,0.2616,over_bundle,1,0.1196,0.3306,1,,,
p021,18,mainGameScenario18,Oakland,mainGameOrder69,Sprouts Farmers Market,Oakland,14,8.25,5,0,mainGameOrder70,Sprouts Farmers Market,Oakland,13,8.25,3,0,mainGameOrder71,Sprouts Farmers Market,Oakland,22,14.25,3,0,mainGameOrder72,Sprouts Farmers Market,Oakland,19,9,4,0,mainGameOrder72+mainGameOrder71+mainGameOrder70,1.3012,mainGameOrder72,1.4615,mainGameOrder71+mainGameOrder72,0.1097,bundle_correct,1,0.04,0.1097,1,,,
p022,1,mainGameScenario1,Berkeley,mainGameOrder1,Berkeley Bowl,Berkeley,22,7.8,3,0,mainGameOrder2,Berkeley Bowl,Berkeley,22,8.4,6,0,mainGameOrder3,Berkeley Bowl,Berkeley,15,9,4,0,mainGameOrder4,Sprouts Farmers Market,Oakland,18,9.75,2,12,mainGameOrder1+mainGameOrder2+mainGameOrder3,1.6761,mainGameOrder1,2.037,mainGameOrder1,0.1772,over_bundle,0,0.1772,0.184,1,,,
p022,2,mainGameScenario2,Berkeley,mainGameOrder5,Berkeley Bowl,Berkeley,24,12,5,0,mainGameOrder6,Berkeley Bowl,Berkeley,15,11.4,4,0,mainGameOrder7,Berkeley Bowl,Berkeley,15,12,2,0,mainGameOrder8,Berkeley Bowl,Berkeley,20,7.8,3,0,mainGameOrder5+mainGameOrder8+mainGameOrder6,1.4899,mainGameOrder8,1.8519,mainGameOrder8,0.1955,over_bundle,0,0.1955,0.1805,1,,,
p022,3,mainGameScenario3,Berkeley,mainGameOrder9,Berkeley Bowl,Berkeley,15,13.2,3,0,mainGameOrder10,Sprouts Farmers Market,Oakland,23,12.75,3,12,mainGameOrder11,Berkeley Bowl,Berkeley,23,12,6,0,mainGameOrder12,Berkeley Bowl,Berkeley,16,7.8,6,0,mainGameOrder11+mainGameOrder9+mainGameOrder12,1.2162,mainGameOrder11,1.2778,mainGameOrder11,0.0482,over_bundle,0,0.0482,0.3444,1,,,
p022,4,mainGameScenario4,Berkeley,mainGameOrder13,Berkeley Bowl,Berkeley,17,7.2,4,0,mainGameOrder14,Berkeley Bowl,Berkeley,17,7.8,2,0,mainGameOrder15,Berkeley Bowl,Berkeley,20,12,2,0,mainGameOrder16,Berkeley Bowl,Berkeley,16,11.4,6,0,mainGameOrder15+mainGameOrder13+mainGameOrder14,1.6875,mainGameOrder14,1.7347,mainGameOrder14,0.0272,over_bundle,0,0.0272,0.0272,1,,,
p022,5,mainGameScenario5,Berkeley,mainGameOrder17,Sprouts Farmers Market,Oakland,14,7.5,4,12,mainGameOrder18,Safeway,Piedmont,20,12.5,5,14,mainGameOrder19,Sprouts Farmers Market,Oakland,17,8.25,4,12,mainGameOrder20,Safeway,Piedmont,13,8.1,4,14,mainGameOrder18+mainGameOrder20,0.782,mainGameOrder17+mainGameOrder19,0.8671,mainGameOrder17+mainGameOrder19,0.0982,bundle_correct,0,0.0982,0.3431,1,,,
p022,6,mainGameScenario6,Piedmont,mainGameOrder21,Sprouts Farmers Market,Oakland,19,12,2,8,mainGameOrder22,Sprouts Farmers Market,Oakland,22,8.25,2,8,mainGameOrder23,Sprouts Farmers Market,Oakland,24,8.25,6,8,mainGameOrder24,Sprouts Farmers Market,Oakland,18,9.75,2,8,mainGameOrder23+mainGameOrder22+mainGameOrder21,1.3978,mainGameOrder22+mainGameOrder23+mainGameOrder24,1.4463,mainGameOrder22,0.0335,over_bundle,1,0,0.1838,1,,,
p022,7,mainGameScenario7,Oakland,mainGameOrder25,Sprouts Farmers Market,Oakland,12,13.5,4,0,mainGameOrder26,Target,Emeryville,17,13.5,2,8,mainGameOrder27,Sprouts Farmers Market,Oakland,21,9,4,0,mainGameOrder28,Sprouts Farmers Market,Oakland,21,8.25,3,0,mainGameOrder25+mainGameOrder27+mainGameOrder28,1.2934,mainGameOrder28,1.8667,mainGameOrder28,0.3071,over_bundle,0,0.3071,0.1742,1,,,
p022,8,mainGameScenario8,Oakland,mainGameOrder29,Sprouts Farmers Market,Oakland,17,8.25,3,0,mainGameOrder30,Sprouts Farmers Market,Oakland,15,13.5,6,0,mainGameOrder31,Sprouts Farmers Market,Oakland,15,12.75,5,0,mainGameOrder32,Sprouts Farmers Market,Oakland,14,8.25,3,0,mainGameOrder29+mainGameOrder31+mainGameOrder30,0.9691,mainGameOrder29,1.5111,mainGameOrder29,0.3587,over_bundle,0,0.3587,0.2233,1,,,
p022,9,mainGameScenario9,Oakland,mainGameOrder33,Safeway,Piedmont,12,8.1,3,8,mainGameOrder34,Target,Emeryville,17,15.3,6,8,mainGameOrder35,Safeway,Piedmont,12,11.1,5,8,mainGameOrder36,Safeway,Piedmont,13,11.1,5,8,mainGameOrder33+mainGameOrder35+mainGameOrder36,0.7856,mainGameOrder33+mainGameOrder35+mainGameOrder36,0.7856,mainGameOrder33+mainGameOrder35+mainGameOrder36,0,bundle_correct,0,0,0.1247,1,,,
p022,10,mainGameScenario10,Piedmont,mainGameOrder37,Safeway,Piedmont,14,8.1,5,0,mainGameOrder38,Safeway,Piedmont,20,8.1,6,0,mainGameOrder39,Safeway,Piedmont,19,7.4,6,0,mainGameOrder40,Safeway,Piedmont,23,11.8,2,0,mainGameOrder40+mainGameOrder38+mainGameOrder39,1.6712,mainGameOrder39+mainGameOrder40,1.6733,mainGameOrder39+mainGameOrder40,0.0013,bundle_correct,0,0.0013,0.0013,0,,,
p022,11,mainGameScenario11,Piedmont,mainGameOrder41,Berkeley Bowl,Berkeley,13,7.8,2,14,mainGameOrder42,Target,Emeryville,19,7.8,2,10,mainGameOrder43,Target,Emeryville,18,8.7,5,10,mainGameOrder44,Target,Emeryville,15,13.5,3,10,mainGameOrder43+mainGameOrder42+mainGameOrder44,1.1659,mainGameOrder42+mainGameOrder43,1.1672,mainGameOrder42+mainGameOrder43,0.0011,bundle_correct,0,0.0011,0.2237,1,,,
p022,12,mainGameScenario12,Emeryville,mainGameOrder45,Target,Emeryville,16,13.5,3,0,mainGameOrder46,Target,Emeryville,14,9.6,5,0,mainGameOrder47,Target,Emeryville,22,13.5,6,0,mainGameOrder48,Target,Emeryville,14,13.5,2,0,mainGameOrder47+mainGameOrder45+mainGameOrder48,1.128,mainGameOrder45+mainGameOrder46+mainGameOrder47,1.1504,mainGameOrder45+mainGameOrder46+mainGameOrder47,0.0195,bundle_correct,0,0.0195,0.0035,0,,,
p022,13,mainGameScenario13,Emeryville,mainGameOrder49,Target,Emeryville,24,11.7,2,0,mainGameOrder50,Berkeley Bowl,Berkeley,17,8.4,6,8,mainGameOrder51,Berkeley Bowl,Berkeley,14,7.8,5,8,mainGameOrder52,Target,Emeryville,12,9.6,5,0,mainGameOrder49+mainGameOrder52,1.3139,mainGameOrder49,1.7518,mainGameOrder49,0.25,over_bundle,0,0.25,0.2005,1,,,
p022,14,mainGameScenario14,Emeryville,mainGameOrder53,Target,Emeryville,21,13.5,6,0,mainGameOrder54,Target,Emeryville,14,13.5,5,0,mainGameOrder55,Target,Emeryville,22,13.5,6,0,mainGameOrder56,Target,Emeryville,18,7.8,6,0,mainGameOrder55+mainGameOrder53+mainGameOrder56,1.2869,mainGameOrder56,1.3043,mainGameOrder56,0.0134,over_bundle,0,0.0134,0.0134,1,,,
p022,15,mainGameScenario15,Emeryville,mainGameOrder57,Safeway,Piedmont,22,7.4,4,10,mainGameOrder58,Sprouts Farmers Market,Oakland,18,13.5,2,8,mainGameOrder59,Safeway,Piedmont,17,7.4,4,10,mainGameOrder60,Safeway,Piedmont,22,11.8,5,10,mainGameOrder60+mainGameOrder57+mainGameOrder59,1.3436,mainGameOrder57+mainGameOrder59+mainGameOrder60,1.3436,mainGameOrder57+mainGameOrder59+mainGameOrder60,0,bundle_correct,0,0,0.1071,1,,,
p023,1,mainGameScenario1,Berkeley,mainGameOrder1,Berkeley Bowl,Berkeley,22,7.8,3,0,mainGameOrder2,Berkeley Bowl,Berkeley,22,8.4,6,0,mainGameOrder3,Berkeley Bowl,Berkeley,15,9,4,0,mainGameOrder4,Sprouts Farmers Market,Oakland,18,9.75,2,12,mainGameOrder1+mainGameOrder2+mainGameOrder3,1.6761,mainGameOrder1,2.037,mainGameOrder1,0.1772,over_bundle,0,0.1772,0.184,1,,,
p023,2,mainGameScenario2,Berkeley,mainGameOrder5,Berkeley Bowl,Berkeley,24,12,5,0,mainGameOrder6,Berkeley Bowl,Berkeley,15,11.4,4,0,mainGameOrder7,Berkeley Bowl,Berkeley,15,12,2,0,mainGameOrder8,Berkeley Bowl,Berkeley,20,7.8,3,0,mainGameOrder8+mainGameOrder6+mainGameOrder5,1.4899,mainGameOrder8,1.8519,mainGameOrder8,0.1955,over_bundle,0,0.1955,0.1805,1,,,
p023,3,mainGameScenario3,Berkeley,mainGameOrder9,Berkeley Bowl,Berkeley,15,13.2,3,0,mainGameOrder10,Sprouts Farmers Market,Oakland,23,12.75,3,12,mainGameOrder11,Berkeley Bowl,Berkeley,23,12,6,0,mainGameOrder12,Berkeley Bowl,Berkeley,16,7.8,6,0,mainGameOrder9+mainGameOrder11+mainGameOrder12,1.2162,mainGameOrder11,1.2778,mainGameOrder11,0.0482,over_bundle,0,0.0482,0.3444,1,,,
p023,4,mainGameScenario4,Berkeley,mainGameOrder13,Berkeley Bowl,Berkeley,17,7.2,4,0,mainGameOrder14,Berkeley Bowl,Berkeley,17,7.8,2,0,mainGameOrder15,Berkeley Bowl,Berkeley,20,12,2,0,mainGameOrder16,Berkeley Bowl,Berkeley,16,11.4,6,0,mainGameOrder15+mainGameOrder13+mainGameOrder14,1.6875,mainGameOrder14,1.7347,mainGameOrder14,0.0272,over_bundle,0,0.0272,0.0272,1,,,
p023,5,mainGameScenario5,Berkeley,mainGameOrder17,Sprouts Farmers Market,Oakland,14,7.5,4,12,mainGameOrder18,Safeway,Piedmont,20,12.5,5,14,mainGameOrder19,Sprouts Farmers Market,Oakland,17,8.25,4,12,mainGameOrder20,Safeway,Piedmont,13,8.1,4,14,mainGameOrder18+mainGameOrder20,0.782,mainGameOrder17+mainGameOrder19,0.8671,mainGameOrder17+mainGameOrder19,0.0982,bundle_correct,0,0.0982,0.3431,1,,,
p023,6,mainGameScenario6,Piedmont,mainGameOrder21,Sprouts Farmers Market,Oakland,19,12,2,8,mainGameOrder22,Sprouts Farmers Market,Oakland,22,8.25,2,8,mainGameOrder23,Sprouts Farmers Market,Oakland,24,8.25,6,8,mainGameOrder24,Sprouts Farmers Market,Oakland,18,9.75,2,8,mainGameOrder22+mainGameOrder23+mainGameOrder21,1.3978,mainGameOrder22+mainGameOrder23+mainGameOrder24,1.4463,mainGameOrder22,0.0335,over_bundle,1,0,0.1838,1,,,
p023,7,mainGameScenario7,Oakland,mainGameOrder25,Sprouts Farmers Market,Oakland,12,13.5,4,0,mainGameOrder26,Target,Emeryville,17,13.5,2,8,mainGameOrder27,Sprouts Farmers Market,Oakland,21,9,4,0,mainGameOrder28,Sprouts Farmers Market,Oakland,21,8.25,3,0,mainGameOrder27+mainGameOrder25+mainGameOrder28,1.2934,mainGameOrder28,1.8667,mainGameOrder28,0.3071,over_bundle,0,0.3071,0.1742,1,,,
p023,8,mainGameScenario8,Oakland,mainGameOrder29,Sprouts Farmers Market,Oakland,17,8.25,3,0,mainGameOrder30,Sprouts Farmers Market,Oakland,15,13.5,6,0,mainGameOrder31,Sprouts Farmers Market,Oakland,15,12.75,5,0,mainGameOrder32,Sprouts Farmers Market,Oakland,14,8.25,3,0,mainGameOrder29+mainGameOrder30+mainGameOrder31,0.9691,mainGameOrder29,1.5111,mainGameOrder29,0.3587,over_bundle,0,0.3587,0.2233,1,,,
p023,9,mainGameScenario9,Oakland,mainGameOrder33,Safeway,Piedmont,12,8.1,3,8,mainGameOrder34,Target,Emeryville,17,15.3,6,8,mainGameOrder35,Safeway,Piedmont,12,11.1,5,8,mainGameOrder36,Safeway,Piedmont,13,11.1,5,8,mainGameOrder33+mainGameOrder35+mainGameOrder36,0.7856,mainGameOrder33+mainGameOrder35+mainGameOrder36,0.7856,mainGameOrder33+mainGameOrder35+mainGameOrder36,0,bundle_correct,0,0,0.1247,1,,,
p023,10,mainGameScenario10,Piedmont,mainGameOrder37,Safeway,Piedmont,14,8.1,5,0,mainGameOrder38,Safeway,Piedmont,20,8.1,6,0,mainGameOrder39,Safeway,Piedmont,19,7.4,6,0,mainGameOrder40,Safeway,Piedmont,23,11.8,2,0,mainGameOrder38+mainGameOrder40+mainGameOrder39,1.6712,mainGameOrder39+mainGameOrder40,1.6733,mainGameOrder39+mainGameOrder40,0.0013,bundle_correct,0,0.0013,0.0013,0,,,
p023,11,mainGameScenario11,Piedmont,mainGameOrder41,Berkeley Bowl,Berkeley,13,7.8,2,14,mainGameOrder42,Target,Emeryville,19,7.8,2,10,mainGameOrder43,Target,Emeryville,18,8.7,5,10,mainGameOrder44,Target,Emeryville,15,13.5,3,10,mainGameOrder44+mainGameOrder42+mainGameOrder43,1.1659,mainGameOrder42+mainGameOrder43,1.1672,mainGameOrder42+mainGameOrder43,0.0011,bundle_correct,0,0.0011,0.2237,1,,,
p023,12,mainGameScenario12,Emeryville,mainGameOrder45,Target,Emeryville,16,13.5,3,0,mainGameOrder46,Target,Emeryville,14,9.6,5,0,mainGameOrder47,Target,Emeryville,22,13.5,6,0,mainGameOrder48,Target,Emeryville,14,13.5,2,0,mainGameOrder47+mainGameOrder45+mainGameOrder46,1.1504,mainGameOrder45+mainGameOrder46+mainGameOrder47,1.1504,mainGameOrder45+mainGameOrder46+mainGameOrder47,0,bundle_correct,0,0,0,0,,,
p023,13,mainGameScenario13,Emeryville,mainGameOrder49,Target,Emeryville,24,11.7,2,0,mainGameOrder50,Berkeley Bowl,Berkeley,17,8.4,6,8,mainGameOrder51,Berkeley Bowl,Berkeley,14,7.8,5,8,mainGameOrder52,Target,Emeryville,12,9.6,5,0,mainGameOrder49+mainGameOrder52,1.3139,mainGameOrder49,1.7518,mainGameOrder49,0.25,over_bundle,0,0.25,0.2005,1,,,
p023,14,mainGameScenario14,Emeryville,mainGameOrder53,Target,Emeryville,21,13.5,6,0,mainGameOrder54,Target,Emeryville,14,13.5,5,0,mainGameOrder55,Target,Emeryville,22,13.5,6,0,mainGameOrder56,Target,Emeryville,18,7.8,6,0,mainGameOrder53+mainGameOrder55+mainGameOrder56,1.2869,mainGameOrder56,1.3043,mainGameOrder56,0.0134,over_bundle,0,0.0134,0.0134,1,,,
p023,15,mainGameScenario15,Emeryville,mainGameOrder57,Safeway,Piedmont,22,7.4,4,10,mainGameOrder58,Sprouts Farmers Market,Oakland,18,13.5,2,8,mainGameOrder59,Safeway,Piedmont,17,7.4,4,10,mainGameOrder60,Safeway,Piedmont,22,11.8,5,10,mainGameOrder60+mainGameOrder57,1.2188,mainGameOrder57+mainGameOrder59+mainGameOrder60,1.3436,mainGameOrder57+mainGameOrder59+mainGameOrder60,0.0929,bundle_correct,0,0.0929,0.0445,1,,,
p023,16,mainGameScenario16,Piedmont,mainGameOrder61,Safeway,Piedmont,24,12.5,3,0,mainGameOrder62,Safeway,Piedmont,24,8.1,2,0,mainGameOrder63,Safeway,Piedmont,18,12.5,4,0,mainGameOrder64,Safeway,Piedmont,22,11.1,2,0,mainGameOrder62+mainGameOrder61+mainGameOrder64,2.029,mainGameOrder62,2.3762,mainGameOrder62,0.1461,over_bundle,0,0.1461,0.1461,1,,,
p023,17,mainGameScenario17,Piedmont,mainGameOrder65,Safeway,Piedmont,19,7.4,6,0,mainGameOrder66,Sprouts Farmers Market,Oakland,22,7.5,3,8,mainGameOrder67,Sprouts Farmers Market,Oakland,17,12.75,6,8,mainGameOrder68,Sprouts Farmers Market,Oakland,13,12.75,6,8,mainGameOrder65,1.4179,mainGameOrder65,1.4179,mainGameOrder66,0,over_bundle,1,0,0.5763,1,,,
p024,1,mainGameScenario1,Berkeley,mainGameOrder1,Berkeley Bowl,Berkeley,22,7.8,3,0,mainGameOrder2,Berkeley Bowl,Berkeley,22,8.4,6,0,mainGameOrder3,Berkeley Bowl,Berkeley,15,9,4,0,mainGameOrder4,Sprouts Farmers Market,Oakland,18,9.75,2,12,mainGameOrder1+mainGameOrder2+mainGameOrder3,1.6761,mainGameOrder1,2.037,mainGameOrder1,0.1772,over_bundle,0,0.1772,0.184,1,,,
p024,2,mainGameScenario2,Berkeley,mainGameOrder5,Berkeley Bowl,Berkeley,24,12,5,0,mainGameOrder6,Berkeley Bowl,Berkeley,15,11.4,4,0,mainGameOrder7,Berkeley Bowl,Berkeley,15,12,2,0,mainGameOrder8,Berkeley Bowl,Berkeley,20,7.8,3,0,mainGameOrder5+mainGameOrder8+mainGameOrder7,1.5206,mainGameOrder8,1.8519,mainGameOrder8,0.1789,over_bundle,0,0.1789,0.1789,1,,,
p024,3,mainGameScenario3,Berkeley,mainGameOrder9,Berkeley Bowl,Berkeley,15,13.2,3,0,mainGameOrder10,Sprouts Farmers Market,Oakland,23,12.75,3,12,mainGameOrder11,Berkeley Bowl,Berkeley,23,12,6,0,mainGameOrder12,Berkeley Bowl,Berkeley,16,7.8,6,0,mainGameOrder11+mainGameOrder12+mainGameOrder9,1.2162,mainGameOrder11,1.2778,mainGameOrder11,0.0482,over_bundle,0,0.0482,0.3444,1,,,
p024,4,mainGameScenario4,Berkeley,mainGameOrder13,Berkeley Bowl,Berkeley,17,7.2,4,0,mainGameOrder14,Berkeley Bowl,Berkeley,17,7.8,2,0,mainGameOrder15,Berkeley Bowl,Berkeley,20,12,2,0,mainGameOrder16,Berkeley Bowl,Berkeley,16,11.4,6,0,mainGameOrder15+mainGameOrder13+mainGameOrder14,1.6875,mainGameOrder14,1.7347,mainGameOrder14,0.0272,over_bundle,0,0.0272,0.0272,1,,,
p024,5,mainGameScenario5,Berkeley,mainGameOrder17,Sprouts Farmers Market,Oakland,14,7.5,4,12,mainGameOrder18,Safeway,Piedmont,20,12.5,5,14,mainGameOrder19,Sprouts Farmers Market,Oakland,17,8.25,4,12,mainGameOrder20,Safeway,Piedmont,13,8.1,4,14,mainGameOrder18+mainGameOrder20,0.782,mainGameOrder17+mainGameOrder19,0.8671,mainGameOrder17+mainGameOrder19,0.0982,bundle_correct,0,0.0982,0.3431,1,,,
p024,6,mainGameScenario6,Piedmont,mainGameOrder21,Sprouts Farmers Market,Oakland,19,12,2,8,mainGameOrder22,Sprouts Farmers Market,Oakland,22,8.25,2,8,mainGameOrder23,Sprouts Farmers Market,Oakland,24,8.25,6,8,mainGameOrder24,Sprouts Farmers Market,Oakland,18,9.75,2,8,mainGameOrder23+mainGameOrder22+mainGameOrder21,1.3978,mainGameOrder22+mainGameOrder23+mainGameOrder24,1.4463,mainGameOrder22,0.0335,over_bundle,1,0,0.1838,1,,,
p024,7,mainGameScenario7,Oakland,mainGameOrder25,Sprouts Farmers Market,Oakland,12,13.5,4,0,mainGameOrder26,Target,Emeryville,17,13.5,2,8,mainGameOrder27,Sprouts Farmers Market,Oakland,21,9,4,0,mainGameOrder28,Sprouts Farmers Market,Oakland,21,8.25,3,0,mainGameOrder28+mainGameOrder27+mainGameOrder25,1.2934,mainGameOrder28,1.8667,mainGameOrder28,0.3071,over_bundle,0,0.3071,0.1742,1,,,
p024,8,mainGameScenario8,Oakland,mainGameOrder29,Sprouts Farmers Market,Oakland,17,8.25,3,0,mainGameOrder30,Sprouts Farmers Market,Oakland,15,13.5,6,0,mainGameOrder31,Sprouts Farmers Market,Oakland,15,12.75,5,0,mainGameOrder32,Sprouts Farmers Market,Oakland,14,8.25,3,0,mainGameOrder29+mainGameOrder30+mainGameOrder31,0.9691,mainGameOrder29,1.5111,mainGameOrder29,0.3587,over_bundle,0,0.3587,0.2233,1,,,
p024,9,mainGameScenario9,Oakland,mainGameOrder33,Safeway,Piedmont,12,8.1,3,8,mainGameOrder34,Target,Emeryville,17,15.3,6,8,mainGameOrder35,Safeway,Piedmont,12,11.1,5,8,mainGameOrder36,Safeway,Piedmont,13,11.1,5,8,mainGameOrder36+mainGameOrder35+mainGameOrder33,0.7856,mainGameOrder33+mainGameOrder35+mainGameOrder36,0.7856,mainGameOrder33+mainGameOrder35+mainGameOrder36,0,bundle_correct,0,0,0.1247,1,,,
p024,10,mainGameScenario10,Piedmont,mainGameOrder37,Safeway,Piedmont,14,8.1,5,0,mainGameOrder38,Safeway,Piedmont,20,8.1,6,0,mainGameOrder39,Safeway,Piedmont,19,7.4,6,0,mainGameOrder40,Safeway,Piedmont,23,11.8,2,0,mainGameOrder40+mainGameOrder38+mainGameOrder39,1.6712,mainGameOrder39+mainGameOrder40,1.6733,mainGameOrder39+mainGameOrder40,0.0013,bundle_correct,0,0.0013,0.0013,0,,,
p024,11,mainGameScenario11,Piedmont,mainGameOrder41,Berkeley Bowl,Berkeley,13,7.8,2,14,mainGameOrder42,Target,Emeryville,19,7.8,2,10,mainGameOrder43,Target,Emeryville,18,8.7,5,10,mainGameOrder44,Target,Emeryville,15,13.5,3,10,mainGameOrder42+mainGameOrder43+mainGameOrder44,1.1659,mainGameOrder42+mainGameOrder43,1.1672,mainGameOrder42+mainGameOrder43,0.0011,bundle_correct,0,0.0011,0.2237,1,,,
p024,12,mainGameScenario12,Emeryville,mainGameOrder45,Target,Emeryville,16,13.5,3,0,mainGameOrder46,Target,Emeryville,14,9.6,5,0,mainGameOrder47,Target,Emeryville,22,13.5,6,0,mainGameOrder48,Target,Emeryville,14,13.5,2,0,mainGameOrder47+mainGameOrder45+mainGameOrder46,1.1504,mainGameOrder45+mainGameOrder46+mainGameOrder47,1.1504,mainGameOrder45+mainGameOrder46+mainGameOrder47,0,bundle_correct,0,0,0,0,,,
p024,13,mainGameScenario13,Emeryville,mainGameOrder49,Target,Emeryville,24,11.7,2,0,mainGameOrder50,Berkeley Bowl,Berkeley,17,8.4,6,8,mainGameOrder51,Berkeley Bowl,Berkeley,14,7.8,5,8,mainGameOrder52,Target,Emeryville,12,9.6,5,0,mainGameOrder49+mainGameOrder52,1.3139,mainGameOrder49,1.7518,mainGameOrder49,0.25,over_bundle,0,0.25,0.2005,1,,,
p024,14,mainGameScenario14,Emeryville,mainGameOrder53,Target,Emeryville,21,13.5,6,0,mainGameOrder54,Target,Emeryville,14,13.5,5,0,mainGameOrder55,Target,Emeryville,22,13.5,6,0,mainGameOrder56,Target,Emeryville,18,7.8,6,0,mainGameOrder55+mainGameOrder53+mainGameOrder56,1.2869,mainGameOrder56,1.3043,mainGameOrder56,0.0134,over_bundle,0,0.0134,0.0134,1,,,
p024,15,mainGameScenario15,Emeryville,mainGameOrder57,Safeway,Piedmont,22,7.4,4,10,mainGameOrder58,Sprouts Farmers Market,Oakland,18,13.5,2,8,mainGameOrder59,Safeway,Piedmont,17,7.4,4,10,mainGameOrder60,Safeway,Piedmont,22,11.8,5,10,mainGameOrder60+mainGameOrder57+mainGameOrder59,1.3436,mainGameOrder57+mainGameOrder59+mainGameOrder60,1.3436,mainGameOrder57+mainGameOrder59+mainGameOrder60,0,bundle_correct,0,0,0.1071,1,,,
p024,16,mainGameScenario16,Piedmont,mainGameOrder61,Safeway,Piedmont,24,12.5,3,0,mainGameOrder62,Safeway,Piedmont,24,8.1,2,0,mainGameOrder63,Safeway,Piedmont,18,12.5,4,0,mainGameOrder64,Safeway,Piedmont,22,11.1,2,0,mainGameOrder62+mainGameOrder61+mainGameOrder64,2.029,mainGameOrder62,2.3762,mainGameOrder62,0.1461,over_bundle,0,0.1461,0.1461,1,,,
p025,1,mainGameScenario1,Berkeley,mainGameOrder1,Berkeley Bowl,Berkeley,22,7.8,3,0,mainGameOrder2,Berkeley Bowl,Berkeley,22,8.4,6,0,mainGameOrder3,Berkeley Bowl,Berkeley,15,9,4,0,mainGameOrder4,Sprouts Farmers Market,Oakland,18,9.75,2,12,mainGameOrder1+mainGameOrder2+mainGameOrder3,1.6761,mainGameOrder1,2.037,mainGameOrder1,0.1772,over_bundle,0,0.1772,0.184,1,,,
p025,2,mainGameScenario2,Berkeley,mainGameOrder5,Berkeley Bowl,Berkeley,24,12,5,0,mainGameOrder6,Berkeley Bowl,Berkeley,15,11.4,4,0,mainGameOrder7,Berkeley Bowl,Berkeley,15,12,2,0,mainGameOrder8,Berkeley Bowl,Berkeley,20,7.8,3,0,mainGameOrder6+mainGameOrder8+mainGameOrder5,1.4899,mainGameOrder8,1.8519,mainGameOrder8,0.1955,over_bundle,0,0.1955,0.1805,1,,,
p025,3,mainGameScenario3,Berkeley,mainGameOrder9,Berkeley Bowl,Berkeley,15,13.2,3,0,mainGameOrder10,Sprouts Farmers Market,Oakland,23,12.75,3,12,mainGameOrder11,Berkeley Bowl,Berkeley,23,12,6,0,mainGameOrder12,Berkeley Bowl,Berkeley,16,7.8,6,0,mainGameOrder9+mainGameOrder11+mainGameOrder12,1.2162,mainGameOrder11,1.2778,mainGameOrder11,0.0482,over_bundle,0,0.0482,0.3444,1,,,
p025,4,mainGameScenario4,Berkeley,mainGameOrder13,Berkeley Bowl,Berkeley,17,7.2,4,0,mainGameOrder14,Berkeley Bowl,Berkeley,17,7.8,2,0,mainGameOrder15,Berkeley Bowl,Berkeley,20,12,2,0,mainGameOrder16,Berkeley Bowl,Berkeley,16,11.4,6,0,mainGameOrder14+mainGameOrder13+mainGameOrder15,1.6875,mainGameOrder14,1.7347,mainGameOrder14,0.0272,over_bundle,0,0.0272,0.0272,1,,,
p025,5,mainGameScenario5,Berkeley,mainGameOrder17,Sprouts Farmers Market,Oakland,14,7.5,4,12,mainGameOrder18,Safeway,Piedmont,20,12.5,5,14,mainGameOrder19,Sprouts Farmers Market,Oakland,17,8.25,4,12,mainGameOrder20,Safeway,Piedmont,13,8.1,4,14,mainGameOrder18+mainGameOrder20,0.782,mainGameOrder17+mainGameOrder19,0.8671,mainGameOrder17+mainGameOrder19,0.0982,bundle_correct,0,0.0982,0.3431,1,,,
p025,6,mainGameScenario6,Piedmont,mainGameOrder21,Sprouts Farmers Market,Oakland,19,12,2,8,mainGameOrder22,Sprouts Farmers Market,Oakland,22,8.25,2,8,mainGameOrder23,Sprouts Farmers Market,Oakland,24,8.25,6,8,mainGameOrder24,Sprouts Farmers Market,Oakland,18,9.75,2,8,mainGameOrder22+mainGameOrder23+mainGameOrder24,1.4463,mainGameOrder22+mainGameOrder23+mainGameOrder24,1.4463,mainGameOrder22,0,over_bundle,1,0,0.1774,1,,,
p025,7,mainGameScenario7,Oakland,mainGameOrder25,Sprouts Farmers Market,Oakland,12,13.5,4,0,mainGameOrder26,Target,Emeryville,17,13.5,2,8,mainGameOrder27,Sprouts Farmers Market,Oakland,21,9,4,0,mainGameOrder28,Sprouts Farmers Market,Oakland,21,8.25,3,0,mainGameOrder25+mainGameOrder27+mainGameOrder28,1.2934,mainGameOrder28,1.8667,mainGameOrder28,0.3071,over_bundle,0,0.3071,0.1742,1,,,
p025,8,mainGameScenario8,Oakland,mainGameOrder29,Sprouts Farmers Market,Oakland,17,8.25,3,0,mainGameOrder30,Sprouts Farmers Market,Oakland,15,13.5,6,0,mainGameOrder31,Sprouts Farmers Market,Oakland,15,12.75,5,0,mainGameOrder32,Sprouts Farmers Market,Oakland,14,8.25,3,0,mainGameOrder29+mainGameOrder32+mainGameOrder31,1.1429,mainGameOrder29,1.5111,mainGameOrder29,0.2437,over_bundle,0,0.2437,0.2235,1,,,
p025,9,mainGameScenario9,Oakland,mainGameOrder33,Safeway,Piedmont,12,8.1,3,8,mainGameOrder34,Target,Emeryville,17,15.3,6,8,mainGameOrder35,Safeway,Piedmont,12,11.1,5,8,mainGameOrder36,Safeway,Piedmont,13,11.1,5,8,mainGameOrder33+mainGameOrder35+mainGameOrder36,0.7856,mainGameOrder33+mainGameOrder35+mainGameOrder36,0.7856,mainGameOrder33+mainGameOrder35+mainGameOrder36,0,bundle_correct,0,0,0.1247,1,,,
p025,10,mainGameScenario10,Piedmont,mainGameOrder37,Safeway,Piedmont,14,8.1,5,0,mainGameOrder38,Safeway,Piedmont,20,8.1,6,0,mainGameOrder39,Safeway,Piedmont,19,7.4,6,0,mainGameOrder40,Safeway,Piedmont,23,11.8,2,0,mainGameOrder38+mainGameOrder40+mainGameOrder39,1.6712,mainGameOrder39+mainGameOrder40,1.6733,mainGameOrder39+mainGameOrder40,0.0013,bundle_correct,0,0.0013,0.0013,0,,,
p025,11,mainGameScenario11,Piedmont,mainGameOrder41,Berkeley Bowl,Berkeley,13,7.8,2,14,mainGameOrder42,Target,Emeryville,19,7.8,2,10,mainGameOrder43,Target,Emeryville,18,8.7,5,10,mainGameOrder44,Target,Emeryville,15,13.5,3,10,mainGameOrder42+mainGameOrder43+mainGameOrder44,1.1659,mainGameOrder42+mainGameOrder43,1.1672,mainGameOrder42+mainGameOrder43,0.0011,bundle_correct,0,0.0011,0.2237,1,,,
p025,12,mainGameScenario12,Emeryville,mainGameOrder45,Target,Emeryville,16,13.5,3,0,mainGameOrder46,Target,Emeryville,14,9.6,5,0,mainGameOrder47,Target,Emeryville,22,13.5,6,0,mainGameOrder48,Target,Emeryville,14,13.5,2,0,mainGameOrder47+mainGameOrder45+mainGameOrder46,1.1504,mainGameOrder45+mainGameOrder46+mainGameOrder47,1.1504,mainGameOrder45+mainGameOrder46+mainGameOrder47,0,bundle_correct,0,0,0,0,,,
p025,13,mainGameScenario13,Emeryville,mainGameOrder49,Target,Emeryville,24,11.7,2,0,mainGameOrder50,Berkeley Bowl,Berkeley,17,8.4,6,8,mainGameOrder51,Berkeley Bowl,Berkeley,14,7.8,5,8,mainGameOrder52,Target,Emeryville,12,9.6,5,0,mainGameOrder52+mainGameOrder49,1.3139,mainGameOrder49,1.7518,mainGameOrder49,0.25,over_bundle,0,0.25,0.2005,1,,,
p025,14,mainGameScenario14,Emeryville,mainGameOrder53,Target,Emeryville,21,13.5,6,0,mainGameOrder54,Target,Emeryville,14,13.5,5,0,mainGameOrder55,Target,Emeryville,22,13.5,6,0,mainGameOrder56,Target,Emeryville,18,7.8,6,0,mainGameOrder55+mainGameOrder56+mainGameOrder53,1.2869,mainGameOrder56,1.3043,mainGameOrder56,0.0134,over_bundle,0,0.0134,0.0134,1,,,
p025,15,mainGameScenario15,Emeryville,mainGameOrder57,Safeway,Piedmont,22,7.4,4,10,mainGameOrder58,Sprouts Farmers Market,Oakland,18,13.5,2,8,mainGameOrder59,Safeway,Piedmont,17,7.4,4,10,mainGameOrder60,Safeway,Piedmont,22,11.8,5,10,mainGameOrder57+mainGameOrder59+mainGameOrder60,1.3436,mainGameOrder57+mainGameOrder59+mainGameOrder60,1.3436,mainGameOrder57+mainGameOrder59+mainGameOrder60,0,bundle_correct,0,0,0.1071,1,,,
p026,1,mainGameScenario1,Berkeley,mainGameOrder1,Berkeley Bowl,Berkeley,22,7.8,3,0,mainGameOrder2,Berkeley Bowl,Berkeley,22,8.4,6,0,mainGameOrder3,Berkeley Bowl,Berkeley,15,9,4,0,mainGameOrder4,Sprouts Farmers Market,Oakland,18,9.75,2,12,mainGameOrder1+mainGameOrder2,1.7886,mainGameOrder1,2.037,mainGameOrder1,0.122,over_bundle,0,0.122,0.2035,1,,,
p026,2,mainGameScenario2,Berkeley,mainGameOrder5,Berkeley Bowl,Berkeley,24,12,5,0,mainGameOrder6,Berkeley Bowl,Berkeley,15,11.4,4,0,mainGameOrder7,Berkeley Bowl,Berkeley,15,12,2,0,mainGameOrder8,Berkeley Bowl,Berkeley,20,7.8,3,0,mainGameOrder5+mainGameOrder8,1.6541,mainGameOrder8,1.8519,mainGameOrder8,0.1068,over_bundle,0,0.1068,0.1068,1,,,
p026,3,mainGameScenario3,Berkeley,mainGameOrder9,Berkeley Bowl,Berkeley,15,13.2,3,0,mainGameOrder10,Sprouts Farmers Market,Oakland,23,12.75,3,12,mainGameOrder11,Berkeley Bowl,Berkeley,23,12,6,0,mainGameOrder12,Berkeley Bowl,Berkeley,16,7.8,6,0,mainGameOrder12+mainGameOrder11,1.25,mainGameOrder11,1.2778,mainGameOrder11,0.0217,over_bundle,0,0.0217,0.3601,1,,,
p026,4,mainGameScenario4,Berkeley,mainGameOrder13,Berkeley Bowl,Berkeley,17,7.2,4,0,mainGameOrder14,Berkeley Bowl,Berkeley,17,7.8,2,0,mainGameOrder15,Berkeley Bowl,Berkeley,20,12,2,0,mainGameOrder16,Berkeley Bowl,Berkeley,16,11.4,6,0,mainGameOrder14+mainGameOrder13+mainGameOrder15,1.6875,mainGameOrder14,1.7347,mainGameOrder14,0.0272,over_bundle,0,0.0272,0.0272,1,,,
p026,5,mainGameScenario5,Berkeley,mainGameOrder17,Sprouts Farmers Market,Oakland,14,7.5,4,12,mainGameOrder18,Safeway,Piedmont,20,12.5,5,14,mainGameOrder19,Sprouts Farmers Market,Oakland,17,8.25,4,12,mainGameOrder20,Safeway,Piedmont,13,8.1,4,14,mainGameOrder19+mainGameOrder17,0.8671,mainGameOrder17+mainGameOrder19,0.8671,mainGameOrder17+mainGameOrder19,0,bundle_correct,0,0,0.1656,1,,,
p026,6,mainGameScenario6,Oakland,mainGameOrder21,Sprouts Farmers Market,Oakland,19,12,2,0,mainGameOrder22,Sprouts Farmers Market,Oakland,22,8.25,2,0,mainGameOrder23,Sprouts Farmers Market,Oakland,24,8.25,6,0,mainGameOrder24,Sprouts Farmers Market,Oakland,18,9.75,2,0,mainGameOrder22+mainGameOrder24+mainGameOrder23,1.7655,mainGameOrder22,2.1463,mainGameOrder22,0.1774,over_bundle,0,0.1774,0.1774,1,,,
p026,7,mainGameScenario7,Oakland,mainGameOrder25,Sprouts Farmers Market,Oakland,12,13.5,4,0,mainGameOrder26,Target,Emeryville,17,13.5,2,8,mainGameOrder27,Sprouts Farmers Market,Oakland,21,9,4,0,mainGameOrder28,Sprouts Farmers Market,Oakland,21,8.25,3,0,mainGameOrder28+mainGameOrder27+mainGameOrder25,1.2934,mainGameOrder28,1.8667,mainGameOrder28,0.3071,over_bundle,0,0.3071,0.1742,1,,,
p026,8,mainGameScenario8,Oakland,mainGameOrder29,Sprouts Farmers Market,Oakland,17,8.25,3,0,mainGameOrder30,Sprouts Farmers Market,Oakland,15,13.5,6,0,mainGameOrder31,Sprouts Farmers Market,Oakland,15,12.75,5,0,mainGameOrder32,Sprouts Farmers Market,Oakland,14,8.25,3,0,mainGameOrder32+mainGameOrder29+mainGameOrder31,1.1429,mainGameOrder29,1.5111,mainGameOrder29,0.2437,over_bundle,0,0.2437,0.2235,1,,,
p026,9,mainGameScenario9,Oakland,mainGameOrder33,Safeway,Piedmont,12,8.1,3,8,mainGameOrder34,Target,Emeryville,17,15.3,6,8,mainGameOrder35,Safeway,Piedmont,12,11.1,5,8,mainGameOrder36,Safeway,Piedmont,13,11.1,5,8,mainGameOrder33+mainGameOrder35+mainGameOrder36,0.7856,mainGameOrder33+mainGameOrder35+mainGameOrder36,0.7856,mainGameOrder33+mainGameOrder35+mainGameOrder36,0,bundle_correct,0,0,0.1247,1,,,
p026,10,mainGameScenario10,Piedmont,mainGameOrder37,Safeway,Piedmont,14,8.1,5,0,mainGameOrder38,Safeway,Piedmont,20,8.1,6,0,mainGameOrder39,Safeway,Piedmont,19,7.4,6,0,mainGameOrder40,Safeway,Piedmont,23,11.8,2,0,mainGameOrder39+mainGameOrder40+mainGameOrder38,1.6712,mainGameOrder39+mainGameOrder40,1.6733,mainGameOrder39+mainGameOrder40,0.0013,bundle_correct,0,0.0013,0.0013,0,,,
p026,11,mainGameScenario11,Piedmont,mainGameOrder41,Berkeley Bowl,Berkeley,13,7.8,2,14,mainGameOrder42,Target,Emeryville,19,7.8,2,10,mainGameOrder43,Target,Emeryville,18,8.7,5,10,mainGameOrder44,Target,Emeryville,15,13.5,3,10,mainGameOrder42+mainGameOrder43+mainGameOrder44,1.1659,mainGameOrder42+mainGameOrder43,1.1672,mainGameOrder42+mainGameOrder43,0.0011,bundle_correct,0,0.0011,0.2237,1,,,
p026,12,mainGameScenario12,Emeryville,mainGameOrder45,Target,Emeryville,16,13.5,3,0,mainGameOrder46,Target,Emeryville,14,9.6,5,0,mainGameOrder47,Target,Emeryville,22,13.5,6,0,mainGameOrder48,Target,Emeryville,14,13.5,2,0,mainGameOrder46+mainGameOrder45+mainGameOrder47,1.1504,mainGameOrder45+mainGameOrder46+mainGameOrder47,1.1504,mainGameOrder45+mainGameOrder46+mainGameOrder47,0,bundle_correct,0,0,0,0,,,
p026,13,mainGameScenario13,Emeryville,mainGameOrder49,Target,Emeryville,24,11.7,2,0,mainGameOrder50,Berkeley Bowl,Berkeley,17,8.4,6,8,mainGameOrder51,Berkeley Bowl,Berkeley,14,7.8,5,8,mainGameOrder52,Target,Emeryville,12,9.6,5,0,mainGameOrder49+mainGameOrder52,1.3139,mainGameOrder49,1.7518,mainGameOrder49,0.25,over_bundle,0,0.25,0.2005,1,,,
p026,14,mainGameScenario14,Emeryville,mainGameOrder53,Target,Emeryville,21,13.5,6,0,mainGameOrder54,Target,Emeryville,14,13.5,5,0,mainGameOrder55,Target,Emeryville,22,13.5,6,0,mainGameOrder56,Target,Emeryville,18,7.8,6,0,mainGameOrder56+mainGameOrder55+mainGameOrder53,1.2869,mainGameOrder56,1.3043,mainGameOrder56,0.0134,over_bundle,0,0.0134,0.0134,1,,,
p027,1,mainGameScenario1,Berkeley,mainGameOrder1,Berkeley Bowl,Berkeley,22,7.8,3,0,mainGameOrder2,Berkeley Bowl,Berkeley,22,8.4,6,0,mainGameOrder3,Berkeley Bowl,Berkeley,15,9,4,0,mainGameOrder4,Sprouts Farmers Market,Oakland,18,9.75,2,12,mainGameOrder1+mainGameOrder2,1.7886,mainGameOrder1,2.037,mainGameOrder1,0.122,over_bundle,0,0.122,0.2035,1,,,
p027,2,mainGameScenario2,Berkeley,mainGameOrder5,Berkeley Bowl,Berkeley,24,12,5,0,mainGameOrder6,Berkeley Bowl,Berkeley,15,11.4,4,0,mainGameOrder7,Berkeley Bowl,Berkeley,15,12,2,0,mainGameOrder8,Berkeley Bowl,Berkeley,20,7.8,3,0,mainGameOrder5+mainGameOrder8,1.6541,mainGameOrder8,1.8519,mainGameOrder8,0.1068,over_bundle,0,0.1068,0.1068,1,,,
p027,3,mainGameScenario3,Berkeley,mainGameOrder9,Berkeley Bowl,Berkeley,15,13.2,3,0,mainGameOrder10,Sprouts Farmers Market,Oakland,23,12.75,3,12,mainGameOrder11,Berkeley Bowl,Berkeley,23,12,6,0,mainGameOrder12,Berkeley Bowl,Berkeley,16,7.8,6,0,mainGameOrder11+mainGameOrder12,1.25,mainGameOrder11,1.2778,mainGameOrder11,0.0217,over_bundle,0,0.0217,0.3601,1,,,
p027,4,mainGameScenario4,Berkeley,mainGameOrder13,Berkeley Bowl,Berkeley,17,7.2,4,0,mainGameOrder14,Berkeley Bowl,Berkeley,17,7.8,2,0,mainGameOrder15,Berkeley Bowl,Berkeley,20,12,2,0,mainGameOrder16,Berkeley Bowl,Berkeley,16,11.4,6,0,mainGameOrder15,1.4286,mainGameOrder14,1.7347,mainGameOrder14,0.1765,over_bundle,0,0.1765,0.2151,1,,,
p027,5,mainGameScenario5,Berkeley,mainGameOrder17,Sprouts Farmers Market,Oakland,14,7.5,4,12,mainGameOrder18,Safeway,Piedmont,20,12.5,5,14,mainGameOrder19,Sprouts Farmers Market,Oakland,17,8.25,4,12,mainGameOrder20,Safeway,Piedmont,13,8.1,4,14,mainGameOrder18,0.6349,mainGameOrder17+mainGameOrder19,0.8671,mainGameOrder17+mainGameOrder19,0.2678,bundle_correct,0,0.2678,0.4115,1,,,
p027,6,mainGameScenario6,Piedmont,mainGameOrder21,Sprouts Farmers Market,Oakland,19,12,2,8,mainGameOrder22,Sprouts Farmers Market,Oakland,22,8.25,2,8,mainGameOrder23,Sprouts Farmers Market,Oakland,24,8.25,6,8,mainGameOrder24,Sprouts Farmers Market,Oakland,18,9.75,2,8,mainGameOrder22,1.2055,mainGameOrder22+mainGameOrder23+mainGameOrder24,1.4463,mainGameOrder22,0.1665,over_bundle,1,0,0.2546,1,,,
p027,7,mainGameScenario7,Oakland,mainGameOrder25,Sprouts Farmers Market,Oakland,12,13.5,4,0,mainGameOrder26,Target,Emeryville,17,13.5,2,8,mainGameOrder27,Sprouts Farmers Market,Oakland,21,9,4,0,mainGameOrder28,Sprouts Farmers Market,Oakland,21,8.25,3,0,mainGameOrder28,1.8667,mainGameOrder28,1.8667,mainGameOrder28,0,over_bundle,0,0,0.2204,1,,,
p027,8,mainGameScenario8,Oakland,mainGameOrder29,Sprouts Farmers Market,Oakland,17,8.25,3,0,mainGameOrder30,Sprouts Farmers Market,Oakland,15,13.5,6,0,mainGameOrder31,Sprouts Farmers Market,Oakland,15,12.75,5,0,mainGameOrder32,Sprouts Farmers Market,Oakland,14,8.25,3,0,mainGameOrder32,1.2444,mainGameOrder29,1.5111,mainGameOrder29,0.1765,over_bundle,0,0.1765,0.1534,1,,,
p027,9,mainGameScenario9,Oakland,mainGameOrder33,Safeway,Piedmont,12,8.1,3,8,mainGameOrder34,Target,Emeryville,17,15.3,6,8,mainGameOrder35,Safeway,Piedmont,12,11.1,5,8,mainGameOrder36,Safeway,Piedmont,13,11.1,5,8,mainGameOrder33+mainGameOrder36,0.7396,mainGameOrder33+mainGameOrder35+mainGameOrder36,0.7856,mainGameOrder33+mainGameOrder35+mainGameOrder36,0.0585,bundle_correct,0,0.0585,0.0666,1,,,
p027,10,mainGameScenario10,Piedmont,mainGameOrder37,Safeway,Piedmont,14,8.1,5,0,mainGameOrder38,Safeway,Piedmont,20,8.1,6,0,mainGameOrder39,Safeway,Piedmont,19,7.4,6,0,mainGameOrder40,Safeway,Piedmont,23,11.8,2,0,mainGameOrder38+mainGameOrder39,1.5354,mainGameOrder39+mainGameOrder40,1.6733,mainGameOrder39+mainGameOrder40,0.0824,bundle_correct,0,0.0824,0.1018,1,,,
p027,11,mainGameScenario11,Piedmont,mainGameOrder41,Berkeley Bowl,Berkeley,13,7.8,2,14,mainGameOrder42,Target,Emeryville,19,7.8,2,10,mainGameOrder43,Target,Emeryville,18,8.7,5,10,mainGameOrder44,Target,Emeryville,15,13.5,3,10,mainGameOrder41,0.5462,mainGameOrder42+mainGameOrder43,1.1672,mainGameOrder42+mainGameOrder43,0.532,bundle_correct,0,0.532,0.6233,1,,,
p027,12,mainGameScenario12,Berkeley,mainGameOrder45,Target,Emeryville,16,13.5,3,8,mainGameOrder46,Target,Emeryville,14,9.6,5,8,mainGameOrder47,Target,Emeryville,22,13.5,6,8,mainGameOrder48,Target,Emeryville,14,13.5,2,8,mainGameOrder48+mainGameOrder46,0.7527,mainGameOrder45+mainGameOrder46+mainGameOrder47,0.9774,mainGameOrder45+mainGameOrder46+mainGameOrder47,0.2299,bundle_correct,0,0.2299,0.0753,1,,,
p027,13,mainGameScenario13,Emeryville,mainGameOrder49,Target,Emeryville,24,11.7,2,0,mainGameOrder50,Berkeley Bowl,Berkeley,17,8.4,6,8,mainGameOrder51,Berkeley Bowl,Berkeley,14,7.8,5,8,mainGameOrder52,Target,Emeryville,12,9.6,5,0,mainGameOrder52+mainGameOrder49,1.3139,mainGameOrder49,1.7518,mainGameOrder49,0.25,over_bundle,0,0.25,0.2005,1,,,
p027,14,mainGameScenario14,Emeryville,mainGameOrder53,Target,Emeryville,21,13.5,6,0,mainGameOrder54,Target,Emeryville,14,13.5,5,0,mainGameOrder55,Target,Emeryville,22,13.5,6,0,mainGameOrder56,Target,Emeryville,18,7.8,6,0,mainGameOrder56+mainGameOrder53,1.2381,mainGameOrder56,1.3043,mainGameOrder56,0.0508,over_bundle,0,0.0508,0.0649,1,,,
p027,15,mainGameScenario15,Emeryville,mainGameOrder57,Safeway,Piedmont,22,7.4,4,10,mainGameOrder58,Sprouts Farmers Market,Oakland,18,13.5,2,8,mainGameOrder59,Safeway,Piedmont,17,7.4,4,10,mainGameOrder60,Safeway,Piedmont,22,11.8,5,10,mainGameOrder59+mainGameOrder57,1.2704,mainGameOrder57+mainGameOrder59+mainGameOrder60,1.3436,mainGameOrder57+mainGameOrder59+mainGameOrder60,0.0545,bundle_correct,0,0.0545,0.0661,1,,,
p027,16,mainGameScenario16,Piedmont,mainGameOrder61,Safeway,Piedmont,24,12.5,3,0,mainGameOrder62,Safeway,Piedmont,24,8.1,2,0,mainGameOrder63,Safeway,Piedmont,18,12.5,4,0,mainGameOrder64,Safeway,Piedmont,22,11.1,2,0,mainGameOrder61+mainGameOrder62,1.9835,mainGameOrder62,2.3762,mainGameOrder62,0.1653,over_bundle,0,0.1653,0.0703,1,,,
p027,17,mainGameScenario17,Piedmont,mainGameOrder65,Safeway,Piedmont,19,7.4,6,0,mainGameOrder66,Sprouts Farmers Market,Oakland,22,7.5,3,8,mainGameOrder67,Sprouts Farmers Market,Oakland,17,12.75,6,8,mainGameOrder68,Sprouts Farmers Market,Oakland,13,12.75,6,8,mainGameOrder65,1.4179,mainGameOrder65,1.4179,mainGameOrder66,0,over_bundle,1,0,0.5763,1,,,
p027,18,mainGameScenario18,Piedmont,mainGameOrder69,Sprouts Farmers Market,Oakland,14,8.25,5,8,mainGameOrder70,Sprouts Farmers Market,Oakland,13,8.25,3,8,mainGameOrder71,Sprouts Farmers Market,Oakland,22,14.25,3,8,mainGameOrder72,Sprouts Farmers Market,Oakland,19,9,4,8,mainGameOrder71+mainGameOrder72,1.0719,mainGameOrder70+mainGameOrder71+mainGameOrder72,1.0909,mainGameOrder71+mainGameOrder72,0.0174,bundle_correct,1,0,0.0552,1,,,
p027,19,mainGameScenario19,Oakland,mainGameOrder73,Sprouts Farmers Market,Oakland,12,12.75,5,0,mainGameOrder74,Safeway,Piedmont,17,7.4,5,8,mainGameOrder75,Sprouts Farmers Market,Oakland,18,9,3,0,mainGameOrder76,Sprouts Farmers Market,Oakland,24,14.25,2,0,mainGameOrder75+mainGameOrder76,1.4867,mainGameOrder75,1.5,mainGameOrder75,0.0088,over_bundle,0,0.0088,0.1549,1,,,
p027,20,mainGameScenario20,Oakland,mainGameOrder77,Sprouts Farmers Market,Oakland,24,14.25,6,0,mainGameOrder78,Sprouts Farmers Market,Oakland,23,8.25,4,0,mainGameOrder79,Sprouts Farmers Market,Oakland,17,14.25,4,0,mainGameOrder80,Sprouts Farmers Market,Oakland,20,11.25,5,0,mainGameOrder78+mainGameOrder80,1.5088,mainGameOrder78,1.8776,mainGameOrder78,0.1964,over_bundle,0,0.1964,0.1943,1,,,
p027,21,mainGameScenario21,Oakland,mainGameOrder81,Safeway,Piedmont,20,8.1,4,8,mainGameOrder82,Safeway,Piedmont,17,12.5,2,8,mainGameOrder83,Berkeley Bowl,Berkeley,24,7.8,3,12,mainGameOrder84,Safeway,Piedmont,21,7.4,3,8,mainGameOrder81+mainGameOrder84,1.4089,mainGameOrder81+mainGameOrder82+mainGameOrder84,1.4216,mainGameOrder81+mainGameOrder84,0.0089,bundle_correct,1,0,0.4655,1,,,
p027,22,mainGameScenario22,Piedmont,mainGameOrder85,Safeway,Piedmont,17,8.1,2,0,mainGameOrder86,Safeway,Piedmont,22,8.1,3,0,mainGameOrder87,Safeway,Piedmont,19,11.1,2,0,mainGameOrder88,Safeway,Piedmont,16,7.4,2,0,mainGameOrder86+mainGameOrder88,2.0652,mainGameOrder86+mainGameOrder88,2.0652,mainGameOrder86+mainGameOrder88,0,bundle_correct,0,0,0.1086,1,,,
p027,23,mainGameScenario23,Piedmont,mainGameOrder89,Safeway,Piedmont,16,11.1,6,0,mainGameOrder90,Berkeley Bowl,Berkeley,21,11.4,2,14,mainGameOrder91,Safeway,Piedmont,22,11.8,5,0,mainGameOrder92,Safeway,Piedmont,19,11.1,5,0,mainGameOrder91+mainGameOrder92,1.3621,mainGameOrder91+mainGameOrder92,1.3621,mainGameOrder91+mainGameOrder92,0,bundle_correct,0,0,0.4068,1,,,
p027,24,mainGameScenario24,Piedmont,mainGameOrder93,Safeway,Piedmont,17,8.1,6,0,mainGameOrder94,Safeway,Piedmont,21,8.1,3,0,mainGameOrder95,Safeway,Piedmont,19,8.1,3,0,mainGameOrder96,Safeway,Piedmont,15,7.4,6,0,mainGameOrder94+mainGameOrder96,1.5126,mainGameOrder94,1.8919,mainGameOrder94,0.2005,over_bundle,0,0.2005,0.0306,1,,,
p027,25,mainGameScenario25,Piedmont,mainGameOrder97,Sprouts Farmers Market,Oakland,12,13.5,5,8,mainGameOrder98,Target,Emeryville,18,13.5,6,10,mainGameOrder99,Target,Emeryville,17,10.5,3,10,mainGameOrder100,Sprouts Farmers Market,Oakland,15,9,5,8,mainGameOrder98+mainGameOrder99,0.8495,mainGameOrder98+mainGameOrder99,0.8495,mainGameOrder98+mainGameOrder99,0,bundle_correct,0,0,0.1667,1,,,
p027,26,mainGameScenario26,Emeryville,mainGameOrder101,Target,Emeryville,22,8.7,2,0,mainGameOrder102,Target,Emeryville,16,13.5,3,0,mainGameOrder103,Target,Emeryville,17,9.6,2,0,mainGameOrder104,Target,Emeryville,19,15.3,2,0,mainGameOrder101+mainGameOrder103+mainGameOrder102,1.5625,mainGameOrder101,2.0561,mainGameOrder101,0.2401,over_bundle,0,0.2401,0.2051,1,,,
p027,27,mainGameScenario27,Emeryville,mainGameOrder105,Target,Emeryville,18,8.7,2,0,mainGameOrder106,Target,Emeryville,21,14.4,6,0,mainGameOrder107,Target,Emeryville,14,10.5,2,0,mainGameOrder108,Berkeley Bowl,Berkeley,24,7.8,6,8,mainGameOrder105,1.6822,mainGameOrder105,1.6822,mainGameOrder105,0,over_bundle,0,0,0.4465,1,,,
p028,1,mainGameScenario1,Berkeley,mainGameOrder1,Berkeley Bowl,Berkeley,22,7.8,3,0,mainGameOrder2,Berkeley Bowl,Berkeley,22,8.4,6,0,mainGameOrder3,Berkeley Bowl,Berkeley,15,9,4,0,mainGameOrder4,Sprouts Farmers Market,Oakland,18,9.75,2,12,mainGameOrder2+mainGameOrder1,1.7886,mainGameOrder1,2.037,mainGameOrder1,0.122,over_bundle,0,0.122,0.2035,1,,,
p028,2,mainGameScenario2,Berkeley,mainGameOrder5,Berkeley Bowl,Berkeley,24,12,5,0,mainGameOrder6,Berkeley Bowl,Berkeley,15,11.4,4,0,mainGameOrder7,Berkeley Bowl,Berkeley,15,12,2,0,mainGameOrder8,Berkeley Bowl,Berkeley,20,7.8,3,0,mainGameOrder5+mainGameOrder8,1.6541,mainGameOrder8,1.8519,mainGameOrder8,0.1068,over_bundle,0,0.1068,0.1068,1,,,
p028,3,mainGameScenario3,Berkeley,mainGameOrder9,Berkeley Bowl,Berkeley,15,13.2,3,0,mainGameOrder10,Sprouts Farmers Market,Oakland,23,12.75,3,12,mainGameOrder11,Berkeley Bowl,Berkeley,23,12,6,0,mainGameOrder12,Berkeley Bowl,Berkeley,16,7.8,6,0,mainGameOrder11+mainGameOrder12+mainGameOrder9,1.2162,mainGameOrder11,1.2778,mainGameOrder11,0.0482,over_bundle,0,0.0482,0.3444,1,,,
p028,4,mainGameScenario4,Berkeley,mainGameOrder13,Berkeley Bowl,Berkeley,17,7.2,4,0,mainGameOrder14,Berkeley Bowl,Berkeley,17,7.8,2,0,mainGameOrder15,Berkeley Bowl,Berkeley,20,12,2,0,mainGameOrder16,Berkeley Bowl,Berkeley,16,11.4,6,0,mainGameOrder15+mainGameOrder13+mainGameOrder14,1.6875,mainGameOrder14,1.7347,mainGameOrder14,0.0272,over_bundle,0,0.0272,0.0272,1,,,
p028,5,mainGameScenario5,Berkeley,mainGameOrder17,Sprouts Farmers Market,Oakland,14,7.5,4,12,mainGameOrder18,Safeway,Piedmont,20,12.5,5,14,mainGameOrder19,Sprouts Farmers Market,Oakland,17,8.25,4,12,mainGameOrder20,Safeway,Piedmont,13,8.1,4,14,mainGameOrder18+mainGameOrder20,0.782,mainGameOrder17+mainGameOrder19,0.8671,mainGameOrder17+mainGameOrder19,0.0982,bundle_correct,0,0.0982,0.3431,1,,,
p028,6,mainGameScenario6,Piedmont,mainGameOrder21,Sprouts Farmers Market,Oakland,19,12,2,8,mainGameOrder22,Sprouts Farmers Market,Oakland,22,8.25,2,8,mainGameOrder23,Sprouts Farmers Market,Oakland,24,8.25,6,8,mainGameOrder24,Sprouts Farmers Market,Oakland,18,9.75,2,8,mainGameOrder22+mainGameOrder23+mainGameOrder24,1.4463,mainGameOrder22+mainGameOrder23+mainGameOrder24,1.4463,mainGameOrder22,0,over_bundle,1,0,0.1774,1,,,
p028,7,mainGameScenario7,Oakland,mainGameOrder25,Sprouts Farmers Market,Oakland,12,13.5,4,0,mainGameOrder26,Target,Emeryville,17,13.5,2,8,mainGameOrder27,Sprouts Farmers Market,Oakland,21,9,4,0,mainGameOrder28,Sprouts Farmers Market,Oakland,21,8.25,3,0,mainGameOrder28+mainGameOrder27,1.732,mainGameOrder28,1.8667,mainGameOrder28,0.0722,over_bundle,0,0.0722,0.0722,1,,,
p028,8,mainGameScenario8,Oakland,mainGameOrder29,Sprouts Farmers Market,Oakland,17,8.25,3,0,mainGameOrder30,Sprouts Farmers Market,Oakland,15,13.5,6,0,mainGameOrder31,Sprouts Farmers Market,Oakland,15,12.75,5,0,mainGameOrder32,Sprouts Farmers Market,Oakland,14,8.25,3,0,mainGameOrder29+mainGameOrder31+mainGameOrder30,0.9691,mainGameOrder29,1.5111,mainGameOrder29,0.3587,over_bundle,0,0.3587,0.2233,1,,,
p028,9,mainGameScenario9,Oakland,mainGameOrder33,Safeway,Piedmont,12,8.1,3,8,mainGameOrder34,Target,Emeryville,17,15.3,6,8,mainGameOrder35,Safeway,Piedmont,12,11.1,5,8,mainGameOrder36,Safeway,Piedmont,13,11.1,5,8,mainGameOrder33+mainGameOrder36+mainGameOrder35,0.7856,mainGameOrder33+mainGameOrder35+mainGameOrder36,0.7856,mainGameOrder33+mainGameOrder35+mainGameOrder36,0,bundle_correct,0,0,0.1247,1,,,
p028,10,mainGameScenario10,Piedmont,mainGameOrder37,Safeway,Piedmont,14,8.1,5,0,mainGameOrder38,Safeway,Piedmont,20,8.1,6,0,mainGameOrder39,Safeway,Piedmont,19,7.4,6,0,mainGameOrder40,Safeway,Piedmont,23,11.8,2,0,mainGameOrder40+mainGameOrder38+mainGameOrder39,1.6712,mainGameOrder39+mainGameOrder40,1.6733,mainGameOrder39+mainGameOrder40,0.0013,bundle_correct,0,0.0013,0.0013,0,,,
p028,11,mainGameScenario11,Piedmont,mainGameOrder41,Berkeley Bowl,Berkeley,13,7.8,2,14,mainGameOrder42,Target,Emeryville,19,7.8,2,10,mainGameOrder43,Target,Emeryville,18,8.7,5,10,mainGameOrder44,Target,Emeryville,15,13.5,3,10,mainGameOrder44+mainGameOrder43+mainGameOrder42,1.1659,mainGameOrder42+mainGameOrder43,1.1672,mainGameOrder42+mainGameOrder43,0.0011,bundle_correct,0,0.0011,0.2237,1,,,
p028,12,mainGameScenario12,Emeryville,mainGameOrder45,Target,Emeryville,16,13.5,3,0,mainGameOrder46,Target,Emeryville,14,9.6,5,0,mainGameOrder47,Target,Emeryville,22,13.5,6,0,mainGameOrder48,Target,Emeryville,14,13.5,2,0,mainGameOrder48+mainGameOrder47+mainGameOrder45,1.128,mainGameOrder45+mainGameOrder46+mainGameOrder47,1.1504,mainGameOrder45+mainGameOrder46+mainGameOrder47,0.0195,bundle_correct,0,0.0195,0.0035,0,,,
p029,1,mainGameScenario1,Berkeley,mainGameOrder1,Berkeley Bowl,Berkeley,22,7.8,3,0,mainGameOrder2,Berkeley Bowl,Berkeley,22,8.4,6,0,mainGameOrder3,Berkeley Bowl,Berkeley,15,9,4,0,mainGameOrder4,Sprouts Farmers Market,Oakland,18,9.75,2,12,mainGameOrder1+mainGameOrder2+mainGameOrder3,1.6761,mainGameOrder1,2.037,mainGameOrder1,0.1772,over_bundle,0,0.1772,0.184,1,,,
p029,2,mainGameScenario2,Berkeley,mainGameOrder5,Berkeley Bowl,Berkeley,24,12,5,0,mainGameOrder6,Berkeley Bowl,Berkeley,15,11.4,4,0,mainGameOrder7,Berkeley Bowl,Berkeley,15,12,2,0,mainGameOrder8,Berkeley Bowl,Berkeley,20,7.8,3,0,mainGameOrder6+mainGameOrder5+mainGameOrder8,1.4899,mainGameOrder8,1.8519,mainGameOrder8,0.1955,over_bundle,0,0.1955,0.1805,1,,,
p029,3,mainGameScenario3,Berkeley,mainGameOrder9,Berkeley Bowl,Berkeley,15,13.2,3,0,mainGameOrder10,Sprouts Farmers Market,Oakland,23,12.75,3,12,mainGameOrder11,Berkeley Bowl,Berkeley,23,12,6,0,mainGameOrder12,Berkeley Bowl,Berkeley,16,7.8,6,0,mainGameOrder9+mainGameOrder11+mainGameOrder12,1.2162,mainGameOrder11,1.2778,mainGameOrder11,0.0482,over_bundle,0,0.0482,0.3444,1,,,
p029,4,mainGameScenario4,Berkeley,mainGameOrder13,Berkeley Bowl,Berkeley,17,7.2,4,0,mainGameOrder14,Berkeley Bowl,Berkeley,17,7.8,2,0,mainGameOrder15,Berkeley Bowl,Berkeley,20,12,2,0,mainGameOrder16,Berkeley Bowl,Berkeley,16,11.4,6,0,mainGameOrder13+mainGameOrder14+mainGameOrder15,1.6875,mainGameOrder14,1.7347,mainGameOrder14,0.0272,over_bundle,0,0.0272,0.0272,1,,,
p029,5,mainGameScenario5,Berkeley,mainGameOrder17,Sprouts Farmers Market,Oakland,14,7.5,4,12,mainGameOrder18,Safeway,Piedmont,20,12.5,5,14,mainGameOrder19,Sprouts Farmers Market,Oakland,17,8.25,4,12,mainGameOrder20,Safeway,Piedmont,13,8.1,4,14,mainGameOrder18+mainGameOrder20,0.782,mainGameOrder17+mainGameOrder19,0.8671,mainGameOrder17+mainGameOrder19,0.0982,bundle_correct,0,0.0982,0.3431,1,,,
p029,6,mainGameScenario6,Piedmont,mainGameOrder21,Sprouts Farmers Market,Oakland,19,12,2,8,mainGameOrder22,Sprouts Farmers Market,Oakland,22,8.25,2,8,mainGameOrder23,Sprouts Farmers Market,Oakland,24,8.25,6,8,mainGameOrder24,Sprouts Farmers Market,Oakland,18,9.75,2,8,mainGameOrder23+mainGameOrder21+mainGameOrder22,1.3978,mainGameOrder22+mainGameOrder23+mainGameOrder24,1.4463,mainGameOrder22,0.0335,over_bundle,1,0,0.1838,1,,,
p029,7,mainGameScenario7,Oakland,mainGameOrder25,Sprouts Farmers Market,Oakland,12,13.5,4,0,mainGameOrder26,Target,Emeryville,17,13.5,2,8,mainGameOrder27,Sprouts Farmers Market,Oakland,21,9,4,0,mainGameOrder28,Sprouts Farmers Market,Oakland,21,8.25,3,0,mainGameOrder27+mainGameOrder28+mainGameOrder25,1.2934,mainGameOrder28,1.8667,mainGameOrder28,0.3071,over_bundle,0,0.3071,0.1742,1,,,
p029,8,mainGameScenario8,Oakland,mainGameOrder29,Sprouts Farmers Market,Oakland,17,8.25,3,0,mainGameOrder30,Sprouts Farmers Market,Oakland,15,13.5,6,0,mainGameOrder31,Sprouts Farmers Market,Oakland,15,12.75,5,0,mainGameOrder32,Sprouts Farmers Market,Oakland,14,8.25,3,0,mainGameOrder29+mainGameOrder32+mainGameOrder31,1.1429,mainGameOrder29,1.5111,mainGameOrder29,0.2437,over_bundle,0,0.2437,0.2235,1,,,
p029,9,mainGameScenario9,Oakland,mainGameOrder33,Safeway,Piedmont,12,8.1,3,8,mainGameOrder34,Target,Emeryville,17,15.3,6,8,mainGameOrder35,Safeway,Piedmont,12,11.1,5,8,mainGameOrder36,Safeway,Piedmont,13,11.1,5,8,mainGameOrder33+mainGameOrder35+mainGameOrder36,0.7856,mainGameOrder33+mainGameOrder35+mainGameOrder36,0.7856,mainGameOrder33+mainGameOrder35+mainGameOrder36,0,bundle_correct,0,0,0.1247,1,,,
p029,10,mainGameScenario10,Piedmont,mainGameOrder37,Safeway,Piedmont,14,8.1,5,0,mainGameOrder38,Safeway,Piedmont,20,8.1,6,0,mainGameOrder39,Safeway,Piedmont,19,7.4,6,0,mainGameOrder40,Safeway,Piedmont,23,11.8,2,0,mainGameOrder40+mainGameOrder38+mainGameOrder39,1.6712,mainGameOrder39+mainGameOrder40,1.6733,mainGameOrder39+mainGameOrder40,0.0013,bundle_correct,0,0.0013,0.0013,0,,,
p029,11,mainGameScenario11,Piedmont,mainGameOrder41,Berkeley Bowl,Berkeley,13,7.8,2,14,mainGameOrder42,Target,Emeryville,19,7.8,2,10,mainGameOrder43,Target,Emeryville,18,8.7,5,10,mainGameOrder44,Target,Emeryville,15,13.5,3,10,mainGameOrder42+mainGameOrder44+mainGameOrder43,1.1659,mainGameOrder42+mainGameOrder43,1.1672,mainGameOrder42+mainGameOrder43,0.0011,bundle_correct,0,0.0011,0.2237,1,,,
p029,12,mainGameScenario12,Emeryville,mainGameOrder45,Target,Emeryville,16,13.5,3,0,mainGameOrder46,Target,Emeryville,14,9.6,5,0,mainGameOrder47,Target,Emeryville,22,13.5,6,0,mainGameOrder48,Target,Emeryville,14,13.5,2,0,mainGameOrder46+mainGameOrder47+mainGameOrder45,1.1504,mainGameOrder45+mainGameOrder46+mainGameOrder47,1.1504,mainGameOrder45+mainGameOrder46+mainGameOrder47,0,bundle_correct,0,0,0,0,,,
p030,1,mainGameScenario1,Berkeley,mainGameOrder1,Berkeley Bowl,Berkeley,22,7.8,3,0,mainGameOrder2,Berkeley Bowl,Berkeley,22,8.4,6,0,mainGameOrder3,Berkeley Bowl,Berkeley,15,9,4,0,mainGameOrder4,Sprouts Farmers Market,Oakland,18,9.75,2,12,mainGameOrder1+mainGameOrder2+mainGameOrder3,1.6761,mainGameOrder1,2.037,mainGameOrder1,0.1772,over_bundle,0,0.1772,0.184,1,,,
p030,2,mainGameScenario2,Berkeley,mainGameOrder5,Berkeley Bowl,Berkeley,24,12,5,0,mainGameOrder6,Berkeley Bowl,Berkeley,15,11.4,4,0,mainGameOrder7,Berkeley Bowl,Berkeley,15,12,2,0,mainGameOrder8,Berkeley Bowl,Berkeley,20,7.8,3,0,mainGameOrder5+mainGameOrder8+mainGameOrder7,1.5206,mainGameOrder8,1.8519,mainGameOrder8,0.1789,over_bundle,0,0.1789,0.1789,1,,,
p030,3,mainGameScenario3,Berkeley,mainGameOrder9,Berkeley Bowl,Berkeley,15,13.2,3,0,mainGameOrder10,Sprouts Farmers Market,Oakland,23,12.75,3,12,mainGameOrder11,Berkeley Bowl,Berkeley,23,12,6,0,mainGameOrder12,Berkeley Bowl,Berkeley,16,7.8,6,0,mainGameOrder9+mainGameOrder11+mainGameOrder12,1.2162,mainGameOrder11,1.2778,mainGameOrder11,0.0482,over_bundle,0,0.0482,0.3444,1,,,
p030,4,mainGameScenario4,Berkeley,mainGameOrder13,Berkeley Bowl,Berkeley,17,7.2,4,0,mainGameOrder14,Berkeley Bowl,Berkeley,17,7.8,2,0,mainGameOrder15,Berkeley Bowl,Berkeley,20,12,2,0,mainGameOrder16,Berkeley Bowl,Berkeley,16,11.4,6,0,mainGameOrder13+mainGameOrder14+mainGameOrder15,1.6875,mainGameOrder14,1.7347,mainGameOrder14,0.0272,over_bundle,0,0.0272,0.0272,1,,,
p030,5,mainGameScenario5,Berkeley,mainGameOrder17,Sprouts Farmers Market,Oakland,14,7.5,4,12,mainGameOrder18,Safeway,Piedmont,20,12.5,5,14,mainGameOrder19,Sprouts Farmers Market,Oakland,17,8.25,4,12,mainGameOrder20,Safeway,Piedmont,13,8.1,4,14,mainGameOrder17+mainGameOrder19,0.8671,mainGameOrder17+mainGameOrder19,0.8671,mainGameOrder17+mainGameOrder19,0,bundle_correct,0,0,0.1656,1,,,
p030,6,mainGameScenario6,Oakland,mainGameOrder21,Sprouts Farmers Market,Oakland,19,12,2,0,mainGameOrder22,Sprouts Farmers Market,Oakland,22,8.25,2,0,mainGameOrder23,Sprouts Farmers Market,Oakland,24,8.25,6,0,mainGameOrder24,Sprouts Farmers Market,Oakland,18,9.75,2,0,mainGameOrder23+mainGameOrder22+mainGameOrder24,1.7655,mainGameOrder22,2.1463,mainGameOrder22,0.1774,over_bundle,0,0.1774,0.1774,1,,,
p030,7,mainGameScenario7,Oakland,mainGameOrder25,Sprouts Farmers Market,Oakland,12,13.5,4,0,mainGameOrder26,Target,Emeryville,17,13.5,2,8,mainGameOrder27,Sprouts Farmers Market,Oakland,21,9,4,0,mainGameOrder28,Sprouts Farmers Market,Oakland,21,8.25,3,0,mainGameOrder27+mainGameOrder25+mainGameOrder28,1.2934,mainGameOrder28,1.8667,mainGameOrder28,0.3071,over_bundle,0,0.3071,0.1742,1,,,
p030,8,mainGameScenario8,Oakland,mainGameOrder29,Sprouts Farmers Market,Oakland,17,8.25,3,0,mainGameOrder30,Sprouts Farmers Market,Oakland,15,13.5,6,0,mainGameOrder31,Sprouts Farmers Market,Oakland,15,12.75,5,0,mainGameOrder32,Sprouts Farmers Market,Oakland,14,8.25,3,0,mainGameOrder29+mainGameOrder30+mainGameOrder32,1.0952,mainGameOrder29,1.5111,mainGameOrder29,0.2752,over_bundle,0,0.2752,0.2232,1,,,
p030,9,mainGameScenario9,Oakland,mainGameOrder33,Safeway,Piedmont,12,8.1,3,8,mainGameOrder34,Target,Emeryville,17,15.3,6,8,mainGameOrder35,Safeway,Piedmont,12,11.1,5,8,mainGameOrder36,Safeway,Piedmont,13,11.1,5,8,mainGameOrder33+mainGameOrder35+mainGameOrder36,0.7856,mainGameOrder33+mainGameOrder35+mainGameOrder36,0.7856,mainGameOrder33+mainGameOrder35+mainGameOrder36,0,bundle_correct,0,0,0.1247,1,,,
p030,10,mainGameScenario10,Piedmont,mainGameOrder37,Safeway,Piedmont,14,8.1,5,0,mainGameOrder38,Safeway,Piedmont,20,8.1,6,0,mainGameOrder39,Safeway,Piedmont,19,7.4,6,0,mainGameOrder40,Safeway,Piedmont,23,11.8,2,0,mainGameOrder38+mainGameOrder40+mainGameOrder39,1.6712,mainGameOrder39+mainGameOrder40,1.6733,mainGameOrder39+mainGameOrder40,0.0013,bundle_correct,0,0.0013,0.0013,0,,,
p030,11,mainGameScenario11,Piedmont,mainGameOrder41,Berkeley Bowl,Berkeley,13,7.8,2,14,mainGameOrder42,Target,Emeryville,19,7.8,2,10,mainGameOrder43,Target,Emeryville,18,8.7,5,10,mainGameOrder44,Target,Emeryville,15,13.5,3,10,mainGameOrder42+mainGameOrder44+mainGameOrder43,1.1659,mainGameOrder42+mainGameOrder43,1.1672,mainGameOrder42+mainGameOrder43,0.0011,bundle_correct,0,0.0011,0.2237,1,,,
p030,12,mainGameScenario12,Emeryville,mainGameOrder45,Target,Emeryville,16,13.5,3,0,mainGameOrder46,Target,Emeryville,14,9.6,5,0,mainGameOrder47,Target,Emeryville,22,13.5,6,0,mainGameOrder48,Target,Emeryville,14,13.5,2,0,mainGameOrder47+mainGameOrder45+mainGameOrder46,1.1504,mainGameOrder45+mainGameOrder46+mainGameOrder47,1.1504,mainGameOrder45+mainGameOrder46+mainGameOrder47,0,bundle_correct,0,0,0,0,,,
p030,13,mainGameScenario13,Emeryville,mainGameOrder49,Target,Emeryville,24,11.7,2,0,mainGameOrder50,Berkeley Bowl,Berkeley,17,8.4,6,8,mainGameOrder51,Berkeley Bowl,Berkeley,14,7.8,5,8,mainGameOrder52,Target,Emeryville,12,9.6,5,0,mainGameOrder49+mainGameOrder52,1.3139,mainGameOrder49,1.7518,mainGameOrder49,0.25,over_bundle,0,0.25,0.2005,1,,,
p030,14,mainGameScenario14,Emeryville,mainGameOrder53,Target,Emeryville,21,13.5,6,0,mainGameOrder54,Target,Emeryville,14,13.5,5,0,mainGameOrder55,Target,Emeryville,22,13.5,6,0,mainGameOrder56,Target,Emeryville,18,7.8,6,0,mainGameOrder55+mainGameOrder53+mainGameOrder56,1.2869,mainGameOrder56,1.3043,mainGameOrder56,0.0134,over_bundle,0,0.0134,0.0134,1,,,
p030,15,mainGameScenario15,Emeryville,mainGameOrder57,Safeway,Piedmont,22,7.4,4,10,mainGameOrder58,Sprouts Farmers Market,Oakland,18,13.5,2,8,mainGameOrder59,Safeway,Piedmont,17,7.4,4,10,mainGameOrder60,Safeway,Piedmont,22,11.8,5,10,mainGameOrder58,0.766,mainGameOrder57+mainGameOrder59+mainGameOrder60,1.3436,mainGameOrder57+mainGameOrder59+mainGameOrder60,0.4299,bundle_correct,0,0.4299,0.4293,1,,,
p030,16,mainGameScenario16,Oakland,mainGameOrder61,Safeway,Piedmont,24,12.5,3,8,mainGameOrder62,Safeway,Piedmont,24,8.1,2,8,mainGameOrder63,Safeway,Piedmont,18,12.5,4,8,mainGameOrder64,Safeway,Piedmont,22,11.1,2,8,mainGameOrder61+mainGameOrder62+mainGameOrder64,1.6471,mainGameOrder61+mainGameOrder62+mainGameOrder64,1.6471,mainGameOrder62,0,over_bundle,1,0,0.1461,1,,,
p030,17,mainGameScenario17,Piedmont,mainGameOrder65,Safeway,Piedmont,19,7.4,6,0,mainGameOrder66,Sprouts Farmers Market,Oakland,22,7.5,3,8,mainGameOrder67,Sprouts Farmers Market,Oakland,17,12.75,6,8,mainGameOrder68,Sprouts Farmers Market,Oakland,13,12.75,6,8,mainGameOrder65,1.4179,mainGameOrder65,1.4179,mainGameOrder66,0,over_bundle,1,0,0.5763,1,,,
p030,18,mainGameScenario18,Piedmont,mainGameOrder69,Sprouts Farmers Market,Oakland,14,8.25,5,8,mainGameOrder70,Sprouts Farmers Market,Oakland,13,8.25,3,8,mainGameOrder71,Sprouts Farmers Market,Oakland,22,14.25,3,8,mainGameOrder72,Sprouts Farmers Market,Oakland,19,9,4,8,mainGameOrder71+mainGameOrder72+mainGameOrder69,1.068,mainGameOrder70+mainGameOrder71+mainGameOrder72,1.0909,mainGameOrder71+mainGameOrder72,0.021,bundle_correct,1,0.0037,0.1167,1,,,
p030,19,mainGameScenario19,Oakland,mainGameOrder73,Sprouts Farmers Market,Oakland,12,12.75,5,0,mainGameOrder74,Safeway,Piedmont,17,7.4,5,8,mainGameOrder75,Sprouts Farmers Market,Oakland,18,9,3,0,mainGameOrder76,Sprouts Farmers Market,Oakland,24,14.25,2,0,mainGameOrder76+mainGameOrder75+mainGameOrder73,1.1739,mainGameOrder75,1.5,mainGameOrder75,0.2174,over_bundle,0,0.2174,0.1628,1,,,
p031,1,mainGameScenario1,Berkeley,mainGameOrder1,Berkeley Bowl,Berkeley,22,7.8,3,0,mainGameOrder2,Berkeley Bowl,Berkeley,22,8.4,6,0,mainGameOrder3,Berkeley Bowl,Berkeley,15,9,4,0,mainGameOrder4,Sprouts Farmers Market,Oakland,18,9.75,2,12,mainGameOrder1+mainGameOrder2,1.7886,mainGameOrder1,2.037,mainGameOrder1,0.122,over_bundle,0,0.122,0.2035,1,,,
p031,2,mainGameScenario2,Berkeley,mainGameOrder5,Berkeley Bowl,Berkeley,24,12,5,0,mainGameOrder6,Berkeley Bowl,Berkeley,15,11.4,4,0,mainGameOrder7,Berkeley Bowl,Berkeley,15,12,2,0,mainGameOrder8,Berkeley Bowl,Berkeley,20,7.8,3,0,mainGameOrder8+mainGameOrder5,1.6541,mainGameOrder8,1.8519,mainGameOrder8,0.1068,over_bundle,0,0.1068,0.1068,1,,,
p031,3,mainGameScenario3,Berkeley,mainGameOrder9,Berkeley Bowl,Berkeley,15,13.2,3,0,mainGameOrder10,Sprouts Farmers Market,Oakland,23,12.75,3,12,mainGameOrder11,Berkeley Bowl,Berkeley,23,12,6,0,mainGameOrder12,Berkeley Bowl,Berkeley,16,7.8,6,0,mainGameOrder11+mainGameOrder12,1.25,mainGameOrder11,1.2778,mainGameOrder11,0.0217,over_bundle,0,0.0217,0.3601,1,,,
p031,4,mainGameScenario4,Berkeley,mainGameOrder13,Berkeley Bowl,Berkeley,17,7.2,4,0,mainGameOrder14,Berkeley Bowl,Berkeley,17,7.8,2,0,mainGameOrder15,Berkeley Bowl,Berkeley,20,12,2,0,mainGameOrder16,Berkeley Bowl,Berkeley,16,11.4,6,0,mainGameOrder15+mainGameOrder14,1.6372,mainGameOrder14,1.7347,mainGameOrder14,0.0562,over_bundle,0,0.0562,0.0826,1,,,
p031,5,mainGameScenario5,Berkeley,mainGameOrder17,Sprouts Farmers Market,Oakland,14,7.5,4,12,mainGameOrder18,Safeway,Piedmont,20,12.5,5,14,mainGameOrder19,Sprouts Farmers Market,Oakland,17,8.25,4,12,mainGameOrder20,Safeway,Piedmont,13,8.1,4,14,mainGameOrder19,0.701,mainGameOrder17+mainGameOrder19,0.8671,mainGameOrder17+mainGameOrder19,0.1916,bundle_correct,0,0.1916,0.2826,1,,,
p031,6,mainGameScenario6,Oakland,mainGameOrder21,Sprouts Farmers Market,Oakland,19,12,2,0,mainGameOrder22,Sprouts Farmers Market,Oakland,22,8.25,2,0,mainGameOrder23,Sprouts Farmers Market,Oakland,24,8.25,6,0,mainGameOrder24,Sprouts Farmers Market,Oakland,18,9.75,2,0,mainGameOrder22+mainGameOrder23,1.8776,mainGameOrder22,2.1463,mainGameOrder22,0.1252,over_bundle,0,0.1252,0.1038,1,,,
p031,7,mainGameScenario7,Oakland,mainGameOrder25,Sprouts Farmers Market,Oakland,12,13.5,4,0,mainGameOrder26,Target,Emeryville,17,13.5,2,8,mainGameOrder27,Sprouts Farmers Market,Oakland,21,9,4,0,mainGameOrder28,Sprouts Farmers Market,Oakland,21,8.25,3,0,mainGameOrder27+mainGameOrder28,1.732,mainGameOrder28,1.8667,mainGameOrder28,0.0722,over_bundle,0,0.0722,0.0722,1,,,
p031,8,mainGameScenario8,Oakland,mainGameOrder29,Sprouts Farmers Market,Oakland,17,8.25,3,0,mainGameOrder30,Sprouts Farmers Market,Oakland,15,13.5,6,0,mainGameOrder31,Sprouts Farmers Market,Oakland,15,12.75,5,0,mainGameOrder32,Sprouts Farmers Market,Oakland,14,8.25,3,0,mainGameOrder29+mainGameOrder32,1.3778,mainGameOrder29,1.5111,mainGameOrder29,0.0882,over_bundle,0,0.0882,0.0882,1,,,
p031,9,mainGameScenario9,Oakland,mainGameOrder33,Safeway,Piedmont,12,8.1,3,8,mainGameOrder34,Target,Emeryville,17,15.3,6,8,mainGameOrder35,Safeway,Piedmont,12,11.1,5,8,mainGameOrder36,Safeway,Piedmont,13,11.1,5,8,mainGameOrder33,0.6283,mainGameOrder33+mainGameOrder35+mainGameOrder36,0.7856,mainGameOrder33+mainGameOrder35+mainGameOrder36,0.2002,bundle_correct,0,0.2002,0.3139,1,,,
p031,10,mainGameScenario10,Piedmont,mainGameOrder37,Safeway,Piedmont,14,8.1,5,0,mainGameOrder38,Safeway,Piedmont,20,8.1,6,0,mainGameOrder39,Safeway,Piedmont,19,7.4,6,0,mainGameOrder40,Safeway,Piedmont,23,11.8,2,0,mainGameOrder40+mainGameOrder38,1.6667,mainGameOrder39+mainGameOrder40,1.6733,mainGameOrder39+mainGameOrder40,0.004,bundle_correct,0,0.004,0.1056,1,,,
p031,11,mainGameScenario11,Piedmont,mainGameOrder41,Berkeley Bowl,Berkeley,13,7.8,2,14,mainGameOrder42,Target,Emeryville,19,7.8,2,10,mainGameOrder43,Target,Emeryville,18,8.7,5,10,mainGameOrder44,Target,Emeryville,15,13.5,3,10,mainGameOrder42+mainGameOrder43,1.1672,mainGameOrder42+mainGameOrder43,1.1672,mainGameOrder42+mainGameOrder43,0,bundle_correct,0,0,0.1205,1,,,
p031,12,mainGameScenario12,Emeryville,mainGameOrder45,Target,Emeryville,16,13.5,3,0,mainGameOrder46,Target,Emeryville,14,9.6,5,0,mainGameOrder47,Target,Emeryville,22,13.5,6,0,mainGameOrder48,Target,Emeryville,14,13.5,2,0,mainGameOrder47,1.1282,mainGameOrder45+mainGameOrder46+mainGameOrder47,1.1504,mainGameOrder45+mainGameOrder46+mainGameOrder47,0.0193,bundle_correct,0,0.0193,0.189,1,,,
p032,1,mainGameScenario1,Berkeley,mainGameOrder1,Berkeley Bowl,Berkeley,22,7.8,3,0,mainGameOrder2,Berkeley Bowl,Berkeley,22,8.4,6,0,mainGameOrder3,Berkeley Bowl,Berkeley,15,9,4,0,mainGameOrder4,Sprouts Farmers Market,Oakland,18,9.75,2,12,mainGameOrder1+mainGameOrder2,1.7886,mainGameOrder1,2.037,mainGameOrder1,0.122,over_bundle,0,0.122,0.2035,1,,,
p032,2,mainGameScenario2,Berkeley,mainGameOrder5,Berkeley Bowl,Berkeley,24,12,5,0,mainGameOrder6,Berkeley Bowl,Berkeley,15,11.4,4,0,mainGameOrder7,Berkeley Bowl,Berkeley,15,12,2,0,mainGameOrder8,Berkeley Bowl,Berkeley,20,7.8,3,0,mainGameOrder5+mainGameOrder8,1.6541,mainGameOrder8,1.8519,mainGameOrder8,0.1068,over_bundle,0,0.1068,0.1068,1,,,
p032,3,mainGameScenario3,Berkeley,mainGameOrder9,Berkeley Bowl,Berkeley,15,13.2,3,0,mainGameOrder10,Sprouts Farmers Market,Oakland,23,12.75,3,12,mainGameOrder11,Berkeley Bowl,Berkeley,23,12,6,0,mainGameOrder12,Berkeley Bowl,Berkeley,16,7.8,6,0,mainGameOrder11+mainGameOrder12,1.25,mainGameOrder11,1.2778,mainGameOrder11,0.0217,over_bundle,0,0.0217,0.3601,1,,,
p032,4,mainGameScenario4,Berkeley,mainGameOrder13,Berkeley Bowl,Berkeley,17,7.2,4,0,mainGameOrder14,Berkeley Bowl,Berkeley,17,7.8,2,0,mainGameOrder15,Berkeley Bowl,Berkeley,20,12,2,0,mainGameOrder16,Berkeley Bowl,Berkeley,16,11.4,6,0,mainGameOrder14+mainGameOrder15+mainGameOrder13,1.6875,mainGameOrder14,1.7347,mainGameOrder14,0.0272,over_bundle,0,0.0272,0.0272,1,,,
p032,5,mainGameScenario5,Berkeley,mainGameOrder17,Sprouts Farmers Market,Oakland,14,7.5,4,12,mainGameOrder18,Safeway,Piedmont,20,12.5,5,14,mainGameOrder19,Sprouts Farmers Market,Oakland,17,8.25,4,12,mainGameOrder20,Safeway,Piedmont,13,8.1,4,14,mainGameOrder19+mainGameOrder17,0.8671,mainGameOrder17+mainGameOrder19,0.8671,mainGameOrder17+mainGameOrder19,0,bundle_correct,0,0,0.1656,1,,,
p032,6,mainGameScenario6,Oakland,mainGameOrder21,Sprouts Farmers Market,Oakland,19,12,2,0,mainGameOrder22,Sprouts Farmers Market,Oakland,22,8.25,2,0,mainGameOrder23,Sprouts Farmers Market,Oakland,24,8.25,6,0,mainGameOrder24,Sprouts Farmers Market,Oakland,18,9.75,2,0,mainGameOrder22+mainGameOrder23+mainGameOrder21,1.6883,mainGameOrder22,2.1463,mainGameOrder22,0.2134,over_bundle,0,0.2134,0.1838,1,,,
p032,7,mainGameScenario7,Oakland,mainGameOrder25,Sprouts Farmers Market,Oakland,12,13.5,4,0,mainGameOrder26,Target,Emeryville,17,13.5,2,8,mainGameOrder27,Sprouts Farmers Market,Oakland,21,9,4,0,mainGameOrder28,Sprouts Farmers Market,Oakland,21,8.25,3,0,mainGameOrder27+mainGameOrder28,1.732,mainGameOrder28,1.8667,mainGameOrder28,0.0722,over_bundle,0,0.0722,0.0722,1,,,
p032,8,mainGameScenario8,Oakland,mainGameOrder29,Sprouts Farmers Market,Oakland,17,8.25,3,0,mainGameOrder30,Sprouts Farmers Market,Oakland,15,13.5,6,0,mainGameOrder31,Sprouts Farmers Market,Oakland,15,12.75,5,0,mainGameOrder32,Sprouts Farmers Market,Oakland,14,8.25,3,0,mainGameOrder29+mainGameOrder32,1.3778,mainGameOrder29,1.5111,mainGameOrder29,0.0882,over_bundle,0,0.0882,0.0882,1,,,
p032,9,mainGameScenario9,Oakland,mainGameOrder33,Safeway,Piedmont,12,8.1,3,8,mainGameOrder34,Target,Emeryville,17,15.3,6,8,mainGameOrder35,Safeway,Piedmont,12,11.1,5,8,mainGameOrder36,Safeway,Piedmont,13,11.1,5,8,mainGameOrder33+mainGameOrder35,0.7101,mainGameOrder33+mainGameOrder35+mainGameOrder36,0.7856,mainGameOrder33+mainGameOrder35+mainGameOrder36,0.0961,bundle_correct,0,0.0961,0.0639,1,,,
p032,10,mainGameScenario10,Piedmont,mainGameOrder37,Safeway,Piedmont,14,8.1,5,0,mainGameOrder38,Safeway,Piedmont,20,8.1,6,0,mainGameOrder39,Safeway,Piedmont,19,7.4,6,0,mainGameOrder40,Safeway,Piedmont,23,11.8,2,0,mainGameOrder38+mainGameOrder39+mainGameOrder40,1.6712,mainGameOrder39+mainGameOrder40,1.6733,mainGameOrder39+mainGameOrder40,0.0013,bundle_correct,0,0.0013,0.0013,0,,,
p032,11,mainGameScenario11,Piedmont,mainGameOrder41,Berkeley Bowl,Berkeley,13,7.8,2,14,mainGameOrder42,Target,Emeryville,19,7.8,2,10,mainGameOrder43,Target,Emeryville,18,8.7,5,10,mainGameOrder44,Target,Emeryville,15,13.5,3,10,mainGameOrder42,0.9596,mainGameOrder42+mainGameOrder43,1.1672,mainGameOrder42+mainGameOrder43,0.1779,bundle_correct,0,0.1779,0.1953,1,,,
p032,12,mainGameScenario12,Emeryville,mainGameOrder45,Target,Emeryville,16,13.5,3,0,mainGameOrder46,Target,Emeryville,14,9.6,5,0,mainGameOrder47,Target,Emeryville,22,13.5,6,0,mainGameOrder48,Target,Emeryville,14,13.5,2,0,mainGameOrder47+mainGameOrder46,1.1465,mainGameOrder45+mainGameOrder46+mainGameOrder47,1.1504,mainGameOrder45+mainGameOrder46+mainGameOrder47,0.0034,bundle_correct,0,0.0034,0.0735,1,,,
p032,13,mainGameScenario13,Emeryville,mainGameOrder49,Target,Emeryville,24,11.7,2,0,mainGameOrder50,Berkeley Bowl,Berkeley,17,8.4,6,8,mainGameOrder51,Berkeley Bowl,Berkeley,14,7.8,5,8,mainGameOrder52,Target,Emeryville,12,9.6,5,0,mainGameOrder49,1.7518,mainGameOrder49,1.7518,mainGameOrder49,0,over_bundle,0,0,0.0724,1,,,
p032,14,mainGameScenario14,Emeryville,mainGameOrder53,Target,Emeryville,21,13.5,6,0,mainGameOrder54,Target,Emeryville,14,13.5,5,0,mainGameOrder55,Target,Emeryville,22,13.5,6,0,mainGameOrder56,Target,Emeryville,18,7.8,6,0,mainGameOrder53+mainGameOrder55,1.2147,mainGameOrder56,1.3043,mainGameOrder56,0.0687,over_bundle,0,0.0687,0.04,1,,,
p032,15,mainGameScenario15,Emeryville,mainGameOrder57,Safeway,Piedmont,22,7.4,4,10,mainGameOrder58,Sprouts Farmers Market,Oakland,18,13.5,2,8,mainGameOrder59,Safeway,Piedmont,17,7.4,4,10,mainGameOrder60,Safeway,Piedmont,22,11.8,5,10,mainGameOrder57+mainGameOrder59,1.2704,mainGameOrder57+mainGameOrder59+mainGameOrder60,1.3436,mainGameOrder57+mainGameOrder59+mainGameOrder60,0.0545,bundle_correct,0,0.0545,0.0661,1,,,
p032,16,mainGameScenario16,Piedmont,mainGameOrder61,Safeway,Piedmont,24,12.5,3,0,mainGameOrder62,Safeway,Piedmont,24,8.1,2,0,mainGameOrder63,Safeway,Piedmont,18,12.5,4,0,mainGameOrder64,Safeway,Piedmont,22,11.1,2,0,mainGameOrder62+mainGameOrder61+mainGameOrder64,2.029,mainGameOrder62,2.3762,mainGameOrder62,0.1461,over_bundle,0,0.1461,0.1461,1,,,
p032,17,mainGameScenario17,Piedmont,mainGameOrder65,Safeway,Piedmont,19,7.4,6,0,mainGameOrder66,Sprouts Farmers Market,Oakland,22,7.5,3,8,mainGameOrder67,Sprouts Farmers Market,Oakland,17,12.75,6,8,mainGameOrder68,Sprouts Farmers Market,Oakland,13,12.75,6,8,mainGameOrder65,1.4179,mainGameOrder65,1.4179,mainGameOrder66,0,over_bundle,1,0,0.5763,1,,,
p032,18,mainGameScenario18,Piedmont,mainGameOrder69,Sprouts Farmers Market,Oakland,14,8.25,5,8,mainGameOrder70,Sprouts Farmers Market,Oakland,13,8.25,3,8,mainGameOrder71,Sprouts Farmers Market,Oakland,22,14.25,3,8,mainGameOrder72,Sprouts Farmers Market,Oakland,19,9,4,8,mainGameOrder71,0.8713,mainGameOrder70+mainGameOrder71+mainGameOrder72,1.0909,mainGameOrder71+mainGameOrder72,0.2013,bundle_correct,1,0.1872,0.1274,1,,,
p032,19,mainGameScenario19,Oakland,mainGameOrder73,Sprouts Farmers Market,Oakland,12,12.75,5,0,mainGameOrder74,Safeway,Piedmont,17,7.4,5,8,mainGameOrder75,Sprouts Farmers Market,Oakland,18,9,3,0,mainGameOrder76,Sprouts Farmers Market,Oakland,24,14.25,2,0,mainGameOrder75+mainGameOrder76,1.4867,mainGameOrder75,1.5,mainGameOrder75,0.0088,over_bundle,0,0.0088,0.1549,1,,,
p032,20,mainGameScenario20,Oakland,mainGameOrder77,Sprouts Farmers Market,Oakland,24,14.25,6,0,mainGameOrder78,Sprouts Farmers Market,Oakland,23,8.25,4,0,mainGameOrder79,Sprouts Farmers Market,Oakland,17,14.25,4,0,mainGameOrder80,Sprouts Farmers Market,Oakland,20,11.25,5,0,mainGameOrder78+mainGameOrder77,1.4462,mainGameOrder78,1.8776,mainGameOrder78,0.2298,over_bundle,0,0.2298,0.2127,1,,,
p032,21,mainGameScenario21,Oakland,mainGameOrder81,Safeway,Piedmont,20,8.1,4,8,mainGameOrder82,Safeway,Piedmont,17,12.5,2,8,mainGameOrder83,Berkeley Bowl,Berkeley,24,7.8,3,12,mainGameOrder84,Safeway,Piedmont,21,7.4,3,8,mainGameOrder81+mainGameOrder84+mainGameOrder82,1.4216,mainGameOrder81+mainGameOrder82+mainGameOrder84,1.4216,mainGameOrder81+mainGameOrder84,0,bundle_correct,1,0,0.4423,1,,,
p032,22,mainGameScenario22,Piedmont,mainGameOrder85,Safeway,Piedmont,17,8.1,2,0,mainGameOrder86,Safeway,Piedmont,22,8.1,3,0,mainGameOrder87,Safeway,Piedmont,19,11.1,2,0,mainGameOrder88,Safeway,Piedmont,16,7.4,2,0,mainGameOrder86+mainGameOrder88,2.0652,mainGameOrder86+mainGameOrder88,2.0652,mainGameOrder86+mainGameOrder88,0,bundle_correct,0,0,0.1086,1,,,
p032,23,mainGameScenario23,Piedmont,mainGameOrder89,Safeway,Piedmont,16,11.1,6,0,mainGameOrder90,Berkeley Bowl,Berkeley,21,11.4,2,14,mainGameOrder91,Safeway,Piedmont,22,11.8,5,0,mainGameOrder92,Safeway,Piedmont,19,11.1,5,0,mainGameOrder91+mainGameOrder92+mainGameOrder89,1.2838,mainGameOrder91+mainGameOrder92,1.3621,mainGameOrder91+mainGameOrder92,0.0575,bundle_correct,0,0.0575,0.3772,1,,,
p032,24,mainGameScenario24,Piedmont,mainGameOrder93,Safeway,Piedmont,17,8.1,6,0,mainGameOrder94,Safeway,Piedmont,21,8.1,3,0,mainGameOrder95,Safeway,Piedmont,19,8.1,3,0,mainGameOrder96,Safeway,Piedmont,15,7.4,6,0,mainGameOrder96+mainGameOrder93,1.2598,mainGameOrder94,1.8919,mainGameOrder94,0.3341,over_bundle,0,0.3341,0.0316,1,,,
p032,25,mainGameScenario25,Piedmont,mainGameOrder97,Sprouts Farmers Market,Oakland,12,13.5,5,8,mainGameOrder98,Target,Emeryville,18,13.5,6,10,mainGameOrder99,Target,Emeryville,17,10.5,3,10,mainGameOrder100,Sprouts Farmers Market,Oakland,15,9,5,8,mainGameOrder98+mainGameOrder99,0.8495,mainGameOrder98+mainGameOrder99,0.8495,mainGameOrder98+mainGameOrder99,0,bundle_correct,0,0,0.1667,1,,,
p033,1,mainGameScenario1,Berkeley,mainGameOrder1,Berkeley Bowl,Berkeley,22,7.8,3,0,mainGameOrder2,Berkeley Bowl,Berkeley,22,8.4,6,0,mainGameOrder3,Berkeley Bowl,Berkeley,15,9,4,0,mainGameOrder4,Sprouts Farmers Market,Oakland,18,9.75,2,12,mainGameOrder1+mainGameOrder2,1.7886,mainGameOrder1,2.037,mainGameOrder1,0.122,over_bundle,0,0.122,0.2035,1,,,
p033,2,mainGameScenario2,Berkeley,mainGameOrder5,Berkeley Bowl,Berkeley,24,12,5,0,mainGameOrder6,Berkeley Bowl,Berkeley,15,11.4,4,0,mainGameOrder7,Berkeley Bowl,Berkeley,15,12,2,0,mainGameOrder8,Berkeley Bowl,Berkeley,20,7.8,3,0,mainGameOrder8+mainGameOrder5,1.6541,mainGameOrder8,1.8519,mainGameOrder8,0.1068,over_bundle,0,0.1068,0.1068,1,,,
p033,3,mainGameScenario3,Berkeley,mainGameOrder9,Berkeley Bowl,Berkeley,15,13.2,3,0,mainGameOrder10,Sprouts Farmers Market,Oakland,23,12.75,3,12,mainGameOrder11,Berkeley Bowl,Berkeley,23,12,6,0,mainGameOrder12,Berkeley Bowl,Berkeley,16,7.8,6,0,mainGameOrder12+mainGameOrder11,1.25,mainGameOrder11,1.2778,mainGameOrder11,0.0217,over_bundle,0,0.0217,0.3601,1,,,
p033,4,mainGameScenario4,Berkeley,mainGameOrder13,Berkeley Bowl,Berkeley,17,7.2,4,0,mainGameOrder14,Berkeley Bowl,Berkeley,17,7.8,2,0,mainGameOrder15,Berkeley Bowl,Berkeley,20,12,2,0,mainGameOrder16,Berkeley Bowl,Berkeley,16,11.4,6,0,mainGameOrder13+mainGameOrder14,1.6667,mainGameOrder14,1.7347,mainGameOrder14,0.0392,over_bundle,0,0.0392,0.1188,1,,,
p033,5,mainGameScenario5,Berkeley,mainGameOrder17,Sprouts Farmers Market,Oakland,14,7.5,4,12,mainGameOrder18,Safeway,Piedmont,20,12.5,5,14,mainGameOrder19,Sprouts Farmers Market,Oakland,17,8.25,4,12,mainGameOrder20,Safeway,Piedmont,13,8.1,4,14,mainGameOrder19,0.701,mainGameOrder17+mainGameOrder19,0.8671,mainGameOrder17+mainGameOrder19,0.1916,bundle_correct,0,0.1916,0.2826,1,,,
p033,6,mainGameScenario6,Oakland,mainGameOrder21,Sprouts Farmers Market,Oakland,19,12,2,0,mainGameOrder22,Sprouts Farmers Market,Oakland,22,8.25,2,0,mainGameOrder23,Sprouts Farmers Market,Oakland,24,8.25,6,0,mainGameOrder24,Sprouts Farmers Market,Oakland,18,9.75,2,0,mainGameOrder23+mainGameOrder24+mainGameOrder22,1.7655,mainGameOrder22,2.1463,mainGameOrder22,0.1774,over_bundle,0,0.1774,0.1774,1,,,
p033,7,mainGameScenario7,Oakland,mainGameOrder25,Sprouts Farmers Market,Oakland,12,13.5,4,0,mainGameOrder26,Target,Emeryville,17,13.5,2,8,mainGameOrder27,Sprouts Farmers Market,Oakland,21,9,4,0,mainGameOrder28,Sprouts Farmers Market,Oakland,21,8.25,3,0,mainGameOrder28+mainGameOrder27,1.732,mainGameOrder28,1.8667,mainGameOrder28,0.0722,over_bundle,0,0.0722,0.0722,1,,,
p033,8,mainGameScenario8,Oakland,mainGameOrder29,Sprouts Farmers Market,Oakland,17,8.25,3,0,mainGameOrder30,Sprouts Farmers Market,Oakland,15,13.5,6,0,mainGameOrder31,Sprouts Farmers Market,Oakland,15,12.75,5,0,mainGameOrder32,Sprouts Farmers Market,Oakland,14,8.25,3,0,mainGameOrder32+mainGameOrder29,1.3778,mainGameOrder29,1.5111,mainGameOrder29,0.0882,over_bundle,0,0.0882,0.0882,1,,,
p033,9,mainGameScenario9,Oakland,mainGameOrder33,Safeway,Piedmont,12,8.1,3,8,mainGameOrder34,Target,Emeryville,17,15.3,6,8,mainGameOrder35,Safeway,Piedmont,12,11.1,5,8,mainGameOrder36,Safeway,Piedmont,13,11.1,5,8,mainGameOrder33,0.6283,mainGameOrder33+mainGameOrder35+mainGameOrder36,0.7856,mainGameOrder33+mainGameOrder35+mainGameOrder36,0.2002,bundle_correct,0,0.2002,0.3139,1,,,
p033,10,mainGameScenario10,Piedmont,mainGameOrder37,Safeway,Piedmont,14,8.1,5,0,mainGameOrder38,Safeway,Piedmont,20,8.1,6,0,mainGameOrder39,Safeway,Piedmont,19,7.4,6,0,mainGameOrder40,Safeway,Piedmont,23,11.8,2,0,mainGameOrder40+mainGameOrder38+mainGameOrder39,1.6712,mainGameOrder39+mainGameOrder40,1.6733,mainGameOrder39+mainGameOrder40,0.0013,bundle_correct,0,0.0013,0.0013,0,,,
p033,11,mainGameScenario11,Piedmont,mainGameOrder41,Berkeley Bowl,Berkeley,13,7.8,2,14,mainGameOrder42,Target,Emeryville,19,7.8,2,10,mainGameOrder43,Target,Emeryville,18,8.7,5,10,mainGameOrder44,Target,Emeryville,15,13.5,3,10,mainGameOrder42+mainGameOrder43,1.1672,mainGameOrder42+mainGameOrder43,1.1672,mainGameOrder42+mainGameOrder43,0,bundle_correct,0,0,0.1205,1,,,
p033,12,mainGameScenario12,Emeryville,mainGameOrder45,Target,Emeryville,16,13.5,3,0,mainGameOrder46,Target,Emeryville,14,9.6,5,0,mainGameOrder47,Target,Emeryville,22,13.5,6,0,mainGameOrder48,Target,Emeryville,14,13.5,2,0,mainGameOrder47+mainGameOrder45+mainGameOrder46,1.1504,mainGameOrder45+mainGameOrder46+mainGameOrder47,1.1504,mainGameOrder45+mainGameOrder46+mainGameOrder47,0,bundle_correct,0,0,0,0,,,
p033,13,mainGameScenario13,Emeryville,mainGameOrder49,Target,Emeryville,24,11.7,2,0,mainGameOrder50,Berkeley Bowl,Berkeley,17,8.4,6,8,mainGameOrder51,Berkeley Bowl,Berkeley,14,7.8,5,8,mainGameOrder52,Target,Emeryville,12,9.6,5,0,mainGameOrder49,1.7518,mainGameOrder49,1.7518,mainGameOrder49,0,over_bundle,0,0,0.0724,1,,,
p033,14,mainGameScenario14,Emeryville,mainGameOrder53,Target,Emeryville,21,13.5,6,0,mainGameOrder54,Target,Emeryville,14,13.5,5,0,mainGameOrder55,Target,Emeryville,22,13.5,6,0,mainGameOrder56,Target,Emeryville,18,7.8,6,0,mainGameOrder53+mainGameOrder55+mainGameOrder56,1.2869,mainGameOrder56,1.3043,mainGameOrder56,0.0134,over_bundle,0,0.0134,0.0134,1,,,
p033,15,mainGameScenario15,Emeryville,mainGameOrder57,Safeway,Piedmont,22,7.4,4,10,mainGameOrder58,Sprouts Farmers Market,Oakland,18,13.5,2,8,mainGameOrder59,Safeway,Piedmont,17,7.4,4,10,mainGameOrder60,Safeway,Piedmont,22,11.8,5,10,mainGameOrder57+mainGameOrder60,1.2188,mainGameOrder57+mainGameOrder59+mainGameOrder60,1.3436,mainGameOrder57+mainGameOrder59+mainGameOrder60,0.0929,bundle_correct,0,0.0929,0.0445,1,,,
p033,16,mainGameScenario16,Piedmont,mainGameOrder61,Safeway,Piedmont,24,12.5,3,0,mainGameOrder62,Safeway,Piedmont,24,8.1,2,0,mainGameOrder63,Safeway,Piedmont,18,12.5,4,0,mainGameOrder64,Safeway,Piedmont,22,11.1,2,0,mainGameOrder62+mainGameOrder61+mainGameOrder64,2.029,mainGameOrder62,2.3762,mainGameOrder62,0.1461,over_bundle,0,0.1461,0.1461,1,,,
p033,17,mainGameScenario17,Piedmont,mainGameOrder65,Safeway,Piedmont,19,7.4,6,0,mainGameOrder66,Sprouts Farmers Market,Oakland,22,7.5,3,8,mainGameOrder67,Sprouts Farmers Market,Oakland,17,12.75,6,8,mainGameOrder68,Sprouts Farmers Market,Oakland,13,12.75,6,8,mainGameOrder65,1.4179,mainGameOrder65,1.4179,mainGameOrder66,0,over_bundle,1,0,0.5763,1,,,
p034,1,mainGameScenario1,Berkeley,mainGameOrder1,Berkeley Bowl,Berkeley,22,7.8,3,0,mainGameOrder2,Berkeley Bowl,Berkeley,22,8.4,6,0,mainGameOrder3,Berkeley Bowl,Berkeley,15,9,4,0,mainGameOrder4,Sprouts Farmers Market,Oakland,18,9.75,2,12,mainGameOrder2+mainGameOrder1+mainGameOrder3,1.6761,mainGameOrder1,2.037,mainGameOrder1,0.1772,over_bundle,0,0.1772,0.184,1,,,
p034,2,mainGameScenario2,Berkeley,mainGameOrder5,Berkeley Bowl,Berkeley,24,12,5,0,mainGameOrder6,Berkeley Bowl,Berkeley,15,11.4,4,0,mainGameOrder7,Berkeley Bowl,Berkeley,15,12,2,0,mainGameOrder8,Berkeley Bowl,Berkeley,20,7.8,3,0,mainGameOrder6+mainGameOrder8+mainGameOrder5,1.4899,mainGameOrder8,1.8519,mainGameOrder8,0.1955,over_bundle,0,0.1955,0.1805,1,,,
p034,3,mainGameScenario3,Berkeley,mainGameOrder9,Berkeley Bowl,Berkeley,15,13.2,3,0,mainGameOrder10,Sprouts Farmers Market,Oakland,23,12.75,3,12,mainGameOrder11,Berkeley Bowl,Berkeley,23,12,6,0,mainGameOrder12,Berkeley Bowl,Berkeley,16,7.8,6,0,mainGameOrder11+mainGameOrder9+mainGameOrder12,1.2162,mainGameOrder11,1.2778,mainGameOrder11,0.0482,over_bundle,0,0.0482,0.3444,1,,,
p034,4,mainGameScenario4,Berkeley,mainGameOrder13,Berkeley Bowl,Berkeley,17,7.2,4,0,mainGameOrder14,Berkeley Bowl,Berkeley,17,7.8,2,0,mainGameOrder15,Berkeley Bowl,Berkeley,20,12,2,0,mainGameOrder16,Berkeley Bowl,Berkeley,16,11.4,6,0,mainGameOrder15+mainGameOrder13+mainGameOrder16,1.359,mainGameOrder14,1.7347,mainGameOrder14,0.2166,over_bundle,0,0.2166,0.0684,1,,,
p034,5,mainGameScenario5,Berkeley,mainGameOrder17,Sprouts Farmers Market,Oakland,14,7.5,4,12,mainGameOrder18,Safeway,Piedmont,20,12.5,5,14,mainGameOrder19,Sprouts Farmers Market,Oakland,17,8.25,4,12,mainGameOrder20,Safeway,Piedmont,13,8.1,4,14,mainGameOrder20+mainGameOrder18,0.782,mainGameOrder17+mainGameOrder19,0.8671,mainGameOrder17+mainGameOrder19,0.0982,bundle_correct,0,0.0982,0.3431,1,,,
p034,6,mainGameScenario6,Piedmont,mainGameOrder21,Sprouts Farmers Market,Oakland,19,12,2,8,mainGameOrder22,Sprouts Farmers Market,Oakland,22,8.25,2,8,mainGameOrder23,Sprouts Farmers Market,Oakland,24,8.25,6,8,mainGameOrder24,Sprouts Farmers Market,Oakland,18,9.75,2,8,mainGameOrder21+mainGameOrder23+mainGameOrder22,1.3978,mainGameOrder22+mainGameOrder23+mainGameOrder24,1.4463,mainGameOrder22,0.0335,over_bundle,1,0,0.1838,1,,,
p034,7,mainGameScenario7,Oakland,mainGameOrder25,Sprouts Farmers Market,Oakland,12,13.5,4,0,mainGameOrder26,Target,Emeryville,17,13.5,2,8,mainGameOrder27,Sprouts Farmers Market,Oakland,21,9,4,0,mainGameOrder28,Sprouts Farmers Market,Oakland,21,8.25,3,0,mainGameOrder25+mainGameOrder27+mainGameOrder28,1.2934,mainGameOrder28,1.8667,mainGameOrder28,0.3071,over_bundle,0,0.3071,0.1742,1,,,
p034,8,mainGameScenario8,Oakland,mainGameOrder29,Sprouts Farmers Market,Oakland,17,8.25,3,0,mainGameOrder30,Sprouts Farmers Market,Oakland,15,13.5,6,0,mainGameOrder31,Sprouts Farmers Market,Oakland,15,12.75,5,0,mainGameOrder32,Sprouts Farmers Market,Oakland,14,8.25,3,0,mainGameOrder31+mainGameOrder29+mainGameOrder30,0.9691,mainGameOrder29,1.5111,mainGameOrder29,0.3587,over_bundle,0,0.3587,0.2233,1,,,
p034,9,mainGameScenario9,Oakland,mainGameOrder33,Safeway,Piedmont,12,8.1,3,8,mainGameOrder34,Target,Emeryville,17,15.3,6,8,mainGameOrder35,Safeway,Piedmont,12,11.1,5,8,mainGameOrder36,Safeway,Piedmont,13,11.1,5,8,mainGameOrder35+mainGameOrder36+mainGameOrder33,0.7856,mainGameOrder33+mainGameOrder35+mainGameOrder36,0.7856,mainGameOrder33+mainGameOrder35+mainGameOrder36,0,bundle_correct,0,0,0.1247,1,,,
p034,10,mainGameScenario10,Piedmont,mainGameOrder37,Safeway,Piedmont,14,8.1,5,0,mainGameOrder38,Safeway,Piedmont,20,8.1,6,0,mainGameOrder39,Safeway,Piedmont,19,7.4,6,0,mainGameOrder40,Safeway,Piedmont,23,11.8,2,0,mainGameOrder40+mainGameOrder38+mainGameOrder39,1.6712,mainGameOrder39+mainGameOrder40,1.6733,mainGameOrder39+mainGameOrder40,0.0013,bundle_correct,0,0.0013,0.0013,0,,,
p034,11,mainGameScenario11,Piedmont,mainGameOrder41,Berkeley Bowl,Berkeley,13,7.8,2,14,mainGameOrder42,Target,Emeryville,19,7.8,2,10,mainGameOrder43,Target,Emeryville,18,8.7,5,10,mainGameOrder44,Target,Emeryville,15,13.5,3,10,mainGameOrder43+mainGameOrder44+mainGameOrder42,1.1659,mainGameOrder42+mainGameOrder43,1.1672,mainGameOrder42+mainGameOrder43,0.0011,bundle_correct,0,0.0011,0.2237,1,,,
p034,12,mainGameScenario12,Emeryville,mainGameOrder45,Target,Emeryville,16,13.5,3,0,mainGameOrder46,Target,Emeryville,14,9.6,5,0,mainGameOrder47,Target,Emeryville,22,13.5,6,0,mainGameOrder48,Target,Emeryville,14,13.5,2,0,mainGameOrder45+mainGameOrder47+mainGameOrder48,1.128,mainGameOrder45+mainGameOrder46+mainGameOrder47,1.1504,mainGameOrder45+mainGameOrder46+mainGameOrder47,0.0195,bundle_correct,0,0.0195,0.0035,0,,,
p034,13,mainGameScenario13,Emeryville,mainGameOrder49,Target,Emeryville,24,11.7,2,0,mainGameOrder50,Berkeley Bowl,Berkeley,17,8.4,6,8,mainGameOrder51,Berkeley Bowl,Berkeley,14,7.8,5,8,mainGameOrder52,Target,Emeryville,12,9.6,5,0,mainGameOrder52+mainGameOrder49,1.3139,mainGameOrder49,1.7518,mainGameOrder49,0.25,over_bundle,0,0.25,0.2005,1,,,
p034,14,mainGameScenario14,Emeryville,mainGameOrder53,Target,Emeryville,21,13.5,6,0,mainGameOrder54,Target,Emeryville,14,13.5,5,0,mainGameOrder55,Target,Emeryville,22,13.5,6,0,mainGameOrder56,Target,Emeryville,18,7.8,6,0,mainGameOrder55+mainGameOrder53+mainGameOrder56,1.2869,mainGameOrder56,1.3043,mainGameOrder56,0.0134,over_bundle,0,0.0134,0.0134,1,,,
p035,1,mainGameScenario1,Berkeley,mainGameOrder1,Berkeley Bowl,Berkeley,22,7.8,3,0,mainGameOrder2,Berkeley Bowl,Berkeley,22,8.4,6,0,mainGameOrder3,Berkeley Bowl,Berkeley,15,9,4,0,mainGameOrder4,Sprouts Farmers Market,Oakland,18,9.75,2,12,mainGameOrder1+mainGameOrder2+mainGameOrder3,1.6761,mainGameOrder1,2.037,mainGameOrder1,0.1772,over_bundle,0,0.1772,0.184,1,,,
p035,2,mainGameScenario2,Berkeley,mainGameOrder5,Berkeley Bowl,Berkeley,24,12,5,0,mainGameOrder6,Berkeley Bowl,Berkeley,15,11.4,4,0,mainGameOrder7,Berkeley Bowl,Berkeley,15,12,2,0,mainGameOrder8,Berkeley Bowl,Berkeley,20,7.8,3,0,mainGameOrder8+mainGameOrder5+mainGameOrder7,1.5206,mainGameOrder8,1.8519,mainGameOrder8,0.1789,over_bundle,0,0.1789,0.1789,1,,,
p035,3,mainGameScenario3,Berkeley,mainGameOrder9,Berkeley Bowl,Berkeley,15,13.2,3,0,mainGameOrder10,Sprouts Farmers Market,Oakland,23,12.75,3,12,mainGameOrder11,Berkeley Bowl,Berkeley,23,12,6,0,mainGameOrder12,Berkeley Bowl,Berkeley,16,7.8,6,0,mainGameOrder12+mainGameOrder11,1.25,mainGameOrder11,1.2778,mainGameOrder11,0.0217,over_bundle,0,0.0217,0.3601,1,,,
p035,4,mainGameScenario4,Berkeley,mainGameOrder13,Berkeley Bowl,Berkeley,17,7.2,4,0,mainGameOrder14,Berkeley Bowl,Berkeley,17,7.8,2,0,mainGameOrder15,Berkeley Bowl,Berkeley,20,12,2,0,mainGameOrder16,Berkeley Bowl,Berkeley,16,11.4,6,0,mainGameOrder13+mainGameOrder15+mainGameOrder14,1.6875,mainGameOrder14,1.7347,mainGameOrder14,0.0272,over_bundle,0,0.0272,0.0272,1,,,
p035,5,mainGameScenario5,Berkeley,mainGameOrder17,Sprouts Farmers Market,Oakland,14,7.5,4,12,mainGameOrder18,Safeway,Piedmont,20,12.5,5,14,mainGameOrder19,Sprouts Farmers Market,Oakland,17,8.25,4,12,mainGameOrder20,Safeway,Piedmont,13,8.1,4,14,mainGameOrder19,0.701,mainGameOrder17+mainGameOrder19,0.8671,mainGameOrder17+mainGameOrder19,0.1916,bundle_correct,0,0.1916,0.2826,1,,,
p035,6,mainGameScenario6,Oakland,mainGameOrder21,Sprouts Farmers Market,Oakland,19,12,2,0,mainGameOrder22,Sprouts Farmers Market,Oakland,22,8.25,2,0,mainGameOrder23,Sprouts Farmers Market,Oakland,24,8.25,6,0,mainGameOrder24,Sprouts Farmers Market,Oakland,18,9.75,2,0,mainGameOrder23+mainGameOrder24+mainGameOrder22,1.7655,mainGameOrder22,2.1463,mainGameOrder22,0.1774,over_bundle,0,0.1774,0.1774,1,,,
p035,7,mainGameScenario7,Oakland,mainGameOrder25,Sprouts Farmers Market,Oakland,12,13.5,4,0,mainGameOrder26,Target,Emeryville,17,13.5,2,8,mainGameOrder27,Sprouts Farmers Market,Oakland,21,9,4,0,mainGameOrder28,Sprouts Farmers Market,Oakland,21,8.25,3,0,mainGameOrder27+mainGameOrder28,1.732,mainGameOrder28,1.8667,mainGameOrder28,0.0722,over_bundle,0,0.0722,0.0722,1,,,
p035,8,mainGameScenario8,Oakland,mainGameOrder29,Sprouts Farmers Market,Oakland,17,8.25,3,0,mainGameOrder30,Sprouts Farmers Market,Oakland,15,13.5,6,0,mainGameOrder31,Sprouts Farmers Market,Oakland,15,12.75,5,0,mainGameOrder32,Sprouts Farmers Market,Oakland,14,8.25,3,0,mainGameOrder29+mainGameOrder32,1.3778,mainGameOrder29,1.5111,mainGameOrder29,0.0882,over_bundle,0,0.0882,0.0882,1,,,
p035,9,mainGameScenario9,Oakland,mainGameOrder33,Safeway,Piedmont,12,8.1,3,8,mainGameOrder34,Target,Emeryville,17,15.3,6,8,mainGameOrder35,Safeway,Piedmont,12,11.1,5,8,mainGameOrder36,Safeway,Piedmont,13,11.1,5,8,mainGameOrder33,0.6283,mainGameOrder33+mainGameOrder35+mainGameOrder36,0.7856,mainGameOrder33+mainGameOrder35+mainGameOrder36,0.2002,bundle_correct,0,0.2002,0.3139,1,,,
p035,10,mainGameScenario10,Piedmont,mainGameOrder37,Safeway,Piedmont,14,8.1,5,0,mainGameOrder38,Safeway,Piedmont,20,8.1,6,0,mainGameOrder39,Safeway,Piedmont,19,7.4,6,0,mainGameOrder40,Safeway,Piedmont,23,11.8,2,0,mainGameOrder39+mainGameOrder38+mainGameOrder40,1.6712,mainGameOrder39+mainGameOrder40,1.6733,mainGameOrder39+mainGameOrder40,0.0013,bundle_correct,0,0.0013,0.0013,0,,,
p035,11,mainGameScenario11,Piedmont,mainGameOrder41,Berkeley Bowl,Berkeley,13,7.8,2,14,mainGameOrder42,Target,Emeryville,19,7.8,2,10,mainGameOrder43,Target,Emeryville,18,8.7,5,10,mainGameOrder44,Target,Emeryville,15,13.5,3,10,mainGameOrder42,0.9596,mainGameOrder42+mainGameOrder43,1.1672,mainGameOrder42+mainGameOrder43,0.1779,bundle_correct,0,0.1779,0.1953,1,,,
p035,12,mainGameScenario12,Emeryville,mainGameOrder45,Target,Emeryville,16,13.5,3,0,mainGameOrder46,Target,Emeryville,14,9.6,5,0,mainGameOrder47,Target,Emeryville,22,13.5,6,0,mainGameOrder48,Target,Emeryville,14,13.5,2,0,mainGameOrder47,1.1282,mainGameOrder45+mainGameOrder46+mainGameOrder47,1.1504,mainGameOrder45+mainGameOrder46+mainGameOrder47,0.0193,bundle_correct,0,0.0193,0.189,1,,,
p035,13,mainGameScenario13,Emeryville,mainGameOrder49,Target,Emeryville,24,11.7,2,0,mainGameOrder50,Berkeley Bowl,Berkeley,17,8.4,6,8,mainGameOrder51,Berkeley Bowl,Berkeley,14,7.8,5,8,mainGameOrder52,Target,Emeryville,12,9.6,5,0,mainGameOrder49,1.7518,mainGameOrder49,1.7518,mainGameOrder49,0,over_bundle,0,0,0.0724,1,,,
p035,14,mainGameScenario14,Emeryville,mainGameOrder53,Target,Emeryville,21,13.5,6,0,mainGameOrder54,Target,Emeryville,14,13.5,5,0,mainGameOrder55,Target,Emeryville,22,13.5,6,0,mainGameOrder56,Target,Emeryville,18,7.8,6,0,mainGameOrder56,1.3043,mainGameOrder56,1.3043,mainGameOrder56,0,over_bundle,0,0,0.2883,1,,,
p035,15,mainGameScenario15,Emeryville,mainGameOrder57,Safeway,Piedmont,22,7.4,4,10,mainGameOrder58,Sprouts Farmers Market,Oakland,18,13.5,2,8,mainGameOrder59,Safeway,Piedmont,17,7.4,4,10,mainGameOrder60,Safeway,Piedmont,22,11.8,5,10,mainGameOrder57,1.028,mainGameOrder57+mainGameOrder59+mainGameOrder60,1.3436,mainGameOrder57+mainGameOrder59+mainGameOrder60,0.2349,bundle_correct,0,0.2349,0.2986,1,,,
p036,1,mainGameScenario1,Berkeley,mainGameOrder1,Berkeley Bowl,Berkeley,22,7.8,3,0,mainGameOrder2,Berkeley Bowl,Berkeley,22,8.4,6,0,mainGameOrder3,Berkeley Bowl,Berkeley,15,9,4,0,mainGameOrder4,Sprouts Farmers Market,Oakland,18,9.75,2,12,mainGameOrder1+mainGameOrder2,1.7886,mainGameOrder1,2.037,mainGameOrder1,0.122,over_bundle,0,0.122,0.2035,1,,,
p036,2,mainGameScenario2,Berkeley,mainGameOrder5,Berkeley Bowl,Berkeley,24,12,5,0,mainGameOrder6,Berkeley Bowl,Berkeley,15,11.4,4,0,mainGameOrder7,Berkeley Bowl,Berkeley,15,12,2,0,mainGameOrder8,Berkeley Bowl,Berkeley,20,7.8,3,0,mainGameOrder8,1.8519,mainGameOrder8,1.8519,mainGameOrder8,0,over_bundle,0,0,0.2783,1,,,
p036,3,mainGameScenario3,Berkeley,mainGameOrder9,Berkeley Bowl,Berkeley,15,13.2,3,0,mainGameOrder10,Sprouts Farmers Market,Oakland,23,12.75,3,12,mainGameOrder11,Berkeley Bowl,Berkeley,23,12,6,0,mainGameOrder12,Berkeley Bowl,Berkeley,16,7.8,6,0,mainGameOrder11,1.2778,mainGameOrder11,1.2778,mainGameOrder11,0,over_bundle,0,0,0.475,1,,,
p036,4,mainGameScenario4,Berkeley,mainGameOrder13,Berkeley Bowl,Berkeley,17,7.2,4,0,mainGameOrder14,Berkeley Bowl,Berkeley,17,7.8,2,0,mainGameOrder15,Berkeley Bowl,Berkeley,20,12,2,0,mainGameOrder16,Berkeley Bowl,Berkeley,16,11.4,6,0,mainGameOrder14+mainGameOrder13,1.6667,mainGameOrder14,1.7347,mainGameOrder14,0.0392,over_bundle,0,0.0392,0.1188,1,,,
p036,5,mainGameScenario5,Berkeley,mainGameOrder17,Sprouts Farmers Market,Oakland,14,7.5,4,12,mainGameOrder18,Safeway,Piedmont,20,12.5,5,14,mainGameOrder19,Sprouts Farmers Market,Oakland,17,8.25,4,12,mainGameOrder20,Safeway,Piedmont,13,8.1,4,14,mainGameOrder19+mainGameOrder17,0.8671,mainGameOrder17+mainGameOrder19,0.8671,mainGameOrder17+mainGameOrder19,0,bundle_correct,0,0,0.1656,1,,,
p036,6,mainGameScenario6,Oakland,mainGameOrder21,Sprouts Farmers Market,Oakland,19,12,2,0,mainGameOrder22,Sprouts Farmers Market,Oakland,22,8.25,2,0,mainGameOrder23,Sprouts Farmers Market,Oakland,24,8.25,6,0,mainGameOrder24,Sprouts Farmers Market,Oakland,18,9.75,2,0,mainGameOrder22+mainGameOrder23+mainGameOrder24,1.7655,mainGameOrder22,2.1463,mainGameOrder22,0.1774,over_bundle,0,0.1774,0.1774,1,,,
p036,7,mainGameScenario7,Oakland,mainGameOrder25,Sprouts Farmers Market,Oakland,12,13.5,4,0,mainGameOrder26,Target,Emeryville,17,13.5,2,8,mainGameOrder27,Sprouts Farmers Market,Oakland,21,9,4,0,mainGameOrder28,Sprouts Farmers Market,Oakland,21,8.25,3,0,mainGameOrder28+mainGameOrder27,1.732,mainGameOrder28,1.8667,mainGameOrder28,0.0722,over_bundle,0,0.0722,0.0722,1,,,
p036,8,mainGameScenario8,Oakland,mainGameOrder29,Sprouts Farmers Market,Oakland,17,8.25,3,0,mainGameOrder30,Sprouts Farmers Market,Oakland,15,13.5,6,0,mainGameOrder31,Sprouts Farmers Market,Oakland,15,12.75,5,0,mainGameOrder32,Sprouts Farmers Market,Oakland,14,8.25,3,0,mainGameOrder29+mainGameOrder32,1.3778,mainGameOrder29,1.5111,mainGameOrder29,0.0882,over_bundle,0,0.0882,0.0882,1,,,
p036,9,mainGameScenario9,Oakland,mainGameOrder33,Safeway,Piedmont,12,8.1,3,8,mainGameOrder34,Target,Emeryville,17,15.3,6,8,mainGameOrder35,Safeway,Piedmont,12,11.1,5,8,mainGameOrder36,Safeway,Piedmont,13,11.1,5,8,mainGameOrder33,0.6283,mainGameOrder33+mainGameOrder35+mainGameOrder36,0.7856,mainGameOrder33+mainGameOrder35+mainGameOrder36,0.2002,bundle_correct,0,0.2002,0.3139,1,,,
p036,10,mainGameScenario10,Piedmont,mainGameOrder37,Safeway,Piedmont,14,8.1,5,0,mainGameOrder38,Safeway,Piedmont,20,8.1,6,0,mainGameOrder39,Safeway,Piedmont,19,7.4,6,0,mainGameOrder40,Safeway,Piedmont,23,11.8,2,0,mainGameOrder40+mainGameOrder39+mainGameOrder38,1.6712,mainGameOrder39+mainGameOrder40,1.6733,mainGameOrder39+mainGameOrder40,0.0013,bundle_correct,0,0.0013,0.0013,0,,,
p036,11,mainGameScenario11,Piedmont,mainGameOrder41,Berkeley Bowl,Berkeley,13,7.8,2,14,mainGameOrder42,Target,Emeryville,19,7.8,2,10,mainGameOrder43,Target,Emeryville,18,8.7,5,10,mainGameOrder44,Target,Emeryville,15,13.5,3,10,mainGameOrder42+mainGameOrder43,1.1672,mainGameOrder42+mainGameOrder43,1.1672,mainGameOrder42+mainGameOrder43,0,bundle_correct,0,0,0.1205,1,,,
p036,12,mainGameScenario12,Emeryville,mainGameOrder45,Target,Emeryville,16,13.5,3,0,mainGameOrder46,Target,Emeryville,14,9.6,5,0,mainGameOrder47,Target,Emeryville,22,13.5,6,0,mainGameOrder48,Target,Emeryville,14,13.5,2,0,mainGameOrder47+mainGameOrder45+mainGameOrder46,1.1504,mainGameOrder45+mainGameOrder46+mainGameOrder47,1.1504,mainGameOrder45+mainGameOrder46+mainGameOrder47,0,bundle_correct,0,0,0,0,,,
p036,13,mainGameScenario13,Emeryville,mainGameOrder49,Target,Emeryville,24,11.7,2,0,mainGameOrder50,Berkeley Bowl,Berkeley,17,8.4,6,8,mainGameOrder51,Berkeley Bowl,Berkeley,14,7.8,5,8,mainGameOrder52,Target,Emeryville,12,9.6,5,0,mainGameOrder49+mainGameOrder52,1.3139,mainGameOrder49,1.7518,mainGameOrder49,0.25,over_bundle,0,0.25,0.2005,1,,,
p036,14,mainGameScenario14,Emeryville,mainGameOrder53,Target,Emeryville,21,13.5,6,0,mainGameOrder54,Target,Emeryville,14,13.5,5,0,mainGameOrder55,Target,Emeryville,22,13.5,6,0,mainGameOrder56,Target,Emeryville,18,7.8,6,0,mainGameOrder55+mainGameOrder53+mainGameOrder56,1.2869,mainGameOrder56,1.3043,mainGameOrder56,0.0134,over_bundle,0,0.0134,0.0134,1,,,
p036,15,mainGameScenario15,Emeryville,mainGameOrder57,Safeway,Piedmont,22,7.4,4,10,mainGameOrder58,Sprouts Farmers Market,Oakland,18,13.5,2,8,mainGameOrder59,Safeway,Piedmont,17,7.4,4,10,mainGameOrder60,Safeway,Piedmont,22,11.8,5,10,mainGameOrder60+mainGameOrder57+mainGameOrder59,1.3436,mainGameOrder57+mainGameOrder59+mainGameOrder60,1.3436,mainGameOrder57+mainGameOrder59+mainGameOrder60,0,bundle_correct,0,0,0.1071,1,,,
p036,16,mainGameScenario16,Piedmont,mainGameOrder61,Safeway,Piedmont,24,12.5,3,0,mainGameOrder62,Safeway,Piedmont,24,8.1,2,0,mainGameOrder63,Safeway,Piedmont,18,12.5,4,0,mainGameOrder64,Safeway,Piedmont,22,11.1,2,0,mainGameOrder64+mainGameOrder62+mainGameOrder61,2.029,mainGameOrder62,2.3762,mainGameOrder62,0.1461,over_bundle,0,0.1461,0.1461,1,,,
p036,17,mainGameScenario17,Piedmont,mainGameOrder65,Safeway,Piedmont,19,7.4,6,0,mainGameOrder66,Sprouts Farmers Market,Oakland,22,7.5,3,8,mainGameOrder67,Sprouts Farmers Market,Oakland,17,12.75,6,8,mainGameOrder68,Sprouts Farmers Market,Oakland,13,12.75,6,8,mainGameOrder65,1.4179,mainGameOrder65,1.4179,mainGameOrder66,0,over_bundle,1,0,0.5763,1,,,
p036,18,mainGameScenario18,Piedmont,mainGameOrder69,Sprouts Farmers Market,Oakland,14,8.25,5,8,mainGameOrder70,Sprouts Farmers Market,Oakland,13,8.25,3,8,mainGameOrder71,Sprouts Farmers Market,Oakland,22,14.25,3,8,mainGameOrder72,Sprouts Farmers Market,Oakland,19,9,4,8,mainGameOrder72+mainGameOrder71,1.0719,mainGameOrder70+mainGameOrder71+mainGameOrder72,1.0909,mainGameOrder71+mainGameOrder72,0.0174,bundle_correct,1,0,0.0552,1,,,
p036,19,mainGameScenario19,Oakland,mainGameOrder73,Sprouts Farmers Market,Oakland,12,12.75,5,0,mainGameOrder74,Safeway,Piedmont,17,7.4,5,8,mainGameOrder75,Sprouts Farmers Market,Oakland,18,9,3,0,mainGameOrder76,Sprouts Farmers Market,Oakland,24,14.25,2,0,mainGameOrder75+mainGameOrder76,1.4867,mainGameOrder75,1.5,mainGameOrder75,0.0088,over_bundle,0,0.0088,0.1549,1,,,
p036,20,mainGameScenario20,Oakland,mainGameOrder77,Sprouts Farmers Market,Oakland,24,14.25,6,0,mainGameOrder78,Sprouts Farmers Market,Oakland,23,8.25,4,0,mainGameOrder79,Sprouts Farmers Market,Oakland,17,14.25,4,0,mainGameOrder80,Sprouts Farmers Market,Oakland,20,11.25,5,0,mainGameOrder78+mainGameOrder77+mainGameOrder80,1.3744,mainGameOrder78,1.8776,mainGameOrder78,0.268,over_bundle,0,0.268,0.268,1,,,
p037,1,mainGameScenario1,Berkeley,mainGameOrder1,Berkeley Bowl,Berkeley,22,7.8,3,0,mainGameOrder2,Berkeley Bowl,Berkeley,22,8.4,6,0,mainGameOrder3,Berkeley Bowl,Berkeley,15,9,4,0,mainGameOrder4,Sprouts Farmers Market,Oakland,18,9.75,2,12,mainGameOrder2+mainGameOrder1+mainGameOrder3,1.6761,mainGameOrder1,2.037,mainGameOrder1,0.1772,over_bundle,0,0.1772,0.184,1,,,
p037,2,mainGameScenario2,Berkeley,mainGameOrder5,Berkeley Bowl,Berkeley,24,12,5,0,mainGameOrder6,Berkeley Bowl,Berkeley,15,11.4,4,0,mainGameOrder7,Berkeley Bowl,Berkeley,15,12,2,0,mainGameOrder8,Berkeley Bowl,Berkeley,20,7.8,3,0,mainGameOrder5+mainGameOrder8+mainGameOrder7,1.5206,mainGameOrder8,1.8519,mainGameOrder8,0.1789,over_bundle,0,0.1789,0.1789,1,,,
p037,3,mainGameScenario3,Berkeley,mainGameOrder9,Berkeley Bowl,Berkeley,15,13.2,3,0,mainGameOrder10,Sprouts Farmers Market,Oakland,23,12.75,3,12,mainGameOrder11,Berkeley Bowl,Berkeley,23,12,6,0,mainGameOrder12,Berkeley Bowl,Berkeley,16,7.8,6,0,mainGameOrder11+mainGameOrder12+mainGameOrder9,1.2162,mainGameOrder11,1.2778,mainGameOrder11,0.0482,over_bundle,0,0.0482,0.3444,1,,,
p037,4,mainGameScenario4,Berkeley,mainGameOrder13,Berkeley Bowl,Berkeley,17,7.2,4,0,mainGameOrder14,Berkeley Bowl,Berkeley,17,7.8,2,0,mainGameOrder15,Berkeley Bowl,Berkeley,20,12,2,0,mainGameOrder16,Berkeley Bowl,Berkeley,16,11.4,6,0,mainGameOrder15+mainGameOrder13+mainGameOrder16,1.359,mainGameOrder14,1.7347,mainGameOrder14,0.2166,over_bundle,0,0.2166,0.0684,1,,,
p037,5,mainGameScenario5,Berkeley,mainGameOrder17,Sprouts Farmers Market,Oakland,14,7.5,4,12,mainGameOrder18,Safeway,Piedmont,20,12.5,5,14,mainGameOrder19,Sprouts Farmers Market,Oakland,17,8.25,4,12,mainGameOrder20,Safeway,Piedmont,13,8.1,4,14,mainGameOrder18+mainGameOrder20,0.782,mainGameOrder17+mainGameOrder19,0.8671,mainGameOrder17+mainGameOrder19,0.0982,bundle_correct,0,0.0982,0.3431,1,,,
p037,6,mainGameScenario6,Piedmont,mainGameOrder21,Sprouts Farmers Market,Oakland,19,12,2,8,mainGameOrder22,Sprouts Farmers Market,Oakland,22,8.25,2,8,mainGameOrder23,Sprouts Farmers Market,Oakland,24,8.25,6,8,mainGameOrder24,Sprouts Farmers Market,Oakland,18,9.75,2,8,mainGameOrder23+mainGameOrder22+mainGameOrder21,1.3978,mainGameOrder22+mainGameOrder23+mainGameOrder24,1.4463,mainGameOrder22,0.0335,over_bundle,1,0,0.1838,1,,,
p037,7,mainGameScenario7,Oakland,mainGameOrder25,Sprouts Farmers Market,Oakland,12,13.5,4,0,mainGameOrder26,Target,Emeryville,17,13.5,2,8,mainGameOrder27,Sprouts Farmers Market,Oakland,21,9,4,0,mainGameOrder28,Sprouts Farmers Market,Oakland,21,8.25,3,0,mainGameOrder27+mainGameOrder28+mainGameOrder25,1.2934,mainGameOrder28,1.8667,mainGameOrder28,0.3071,over_bundle,0,0.3071,0.1742,1,,,
p037,8,mainGameScenario8,Oakland,mainGameOrder29,Sprouts Farmers Market,Oakland,17,8.25,3,0,mainGameOrder30,Sprouts Farmers Market,Oakland,15,13.5,6,0,mainGameOrder31,Sprouts Farmers Market,Oakland,15,12.75,5,0,mainGameOrder32,Sprouts Farmers Market,Oakland,14,8.25,3,0,mainGameOrder29+mainGameOrder32+mainGameOrder31,1.1429,mainGameOrder29,1.5111,mainGameOrder29,0.2437,over_bundle,0,0.2437,0.2235,1,,,
p037,9,mainGameScenario9,Oakland,mainGameOrder33,Safeway,Piedmont,12,8.1,3,8,mainGameOrder34,Target,Emeryville,17,15.3,6,8,mainGameOrder35,Safeway,Piedmont,12,11.1,5,8,mainGameOrder36,Safeway,Piedmont,13,11.1,5,8,mainGameOrder33+mainGameOrder36,0.7396,mainGameOrder33+mainGameOrder35+mainGameOrder36,0.7856,mainGameOrder33+mainGameOrder35+mainGameOrder36,0.0585,bundle_correct,0,0.0585,0.0666,1,,,
p037,10,mainGameScenario10,Piedmont,mainGameOrder37,Safeway,Piedmont,14,8.1,5,0,mainGameOrder38,Safeway,Piedmont,20,8.1,6,0,mainGameOrder39,Safeway,Piedmont,19,7.4,6,0,mainGameOrder40,Safeway,Piedmont,23,11.8,2,0,mainGameOrder38+mainGameOrder40+mainGameOrder39,1.6712,mainGameOrder39+mainGameOrder40,1.6733,mainGameOrder39+mainGameOrder40,0.0013,bundle_correct,0,0.0013,0.0013,0,,,
p037,11,mainGameScenario11,Piedmont,mainGameOrder41,Berkeley Bowl,Berkeley,13,7.8,2,14,mainGameOrder42,Target,Emeryville,19,7.8,2,10,mainGameOrder43,Target,Emeryville,18,8.7,5,10,mainGameOrder44,Target,Emeryville,15,13.5,3,10,mainGameOrder42+mainGameOrder43+mainGameOrder44,1.1659,mainGameOrder42+mainGameOrder43,1.1672,mainGameOrder42+mainGameOrder43,0.0011,bundle_correct,0,0.0011,0.2237,1,,,
p037,12,mainGameScenario12,Emeryville,mainGameOrder45,Target,Emeryville,16,13.5,3,0,mainGameOrder46,Target,Emeryville,14,9.6,5,0,mainGameOrder47,Target,Emeryville,22,13.5,6,0,mainGameOrder48,Target,Emeryville,14,13.5,2,0,mainGameOrder47+mainGameOrder45+mainGameOrder46,1.1504,mainGameOrder45+mainGameOrder46+mainGameOrder47,1.1504,mainGameOrder45+mainGameOrder46+mainGameOrder47,0,bundle_correct,0,0,0,0,,,
p037,13,mainGameScenario13,Emeryville,mainGameOrder49,Target,Emeryville,24,11.7,2,0,mainGameOrder50,Berkeley Bowl,Berkeley,17,8.4,6,8,mainGameOrder51,Berkeley Bowl,Berkeley,14,7.8,5,8,mainGameOrder52,Target,Emeryville,12,9.6,5,0,mainGameOrder49+mainGameOrder52,1.3139,mainGameOrder49,1.7518,mainGameOrder49,0.25,over_bundle,0,0.25,0.2005,1,,,
p037,14,mainGameScenario14,Emeryville,mainGameOrder53,Target,Emeryville,21,13.5,6,0,mainGameOrder54,Target,Emeryville,14,13.5,5,0,mainGameOrder55,Target,Emeryville,22,13.5,6,0,mainGameOrder56,Target,Emeryville,18,7.8,6,0,mainGameOrder53+mainGameOrder55+mainGameOrder56,1.2869,mainGameOrder56,1.3043,mainGameOrder56,0.0134,over_bundle,0,0.0134,0.0134,1,,,
p037,15,mainGameScenario15,Emeryville,mainGameOrder57,Safeway,Piedmont,22,7.4,4,10,mainGameOrder58,Sprouts Farmers Market,Oakland,18,13.5,2,8,mainGameOrder59,Safeway,Piedmont,17,7.4,4,10,mainGameOrder60,Safeway,Piedmont,22,11.8,5,10,mainGameOrder60+mainGameOrder57+mainGameOrder59,1.3436,mainGameOrder57+mainGameOrder59+mainGameOrder60,1.3436,mainGameOrder57+mainGameOrder59+mainGameOrder60,0,bundle_correct,0,0,0.1071,1,,,
p037,16,mainGameScenario16,Piedmont,mainGameOrder61,Safeway,Piedmont,24,12.5,3,0,mainGameOrder62,Safeway,Piedmont,24,8.1,2,0,mainGameOrder63,Safeway,Piedmont,18,12.5,4,0,mainGameOrder64,Safeway,Piedmont,22,11.1,2,0,mainGameOrder61+mainGameOrder62+mainGameOrder64,2.029,mainGameOrder62,2.3762,mainGameOrder62,0.1461,over_bundle,0,0.1461,0.1461,1,,,
p037,17,mainGameScenario17,Piedmont,mainGameOrder65,Safeway,Piedmont,19,7.4,6,0,mainGameOrder66,Sprouts Farmers Market,Oakland,22,7.5,3,8,mainGameOrder67,Sprouts Farmers Market,Oakland,17,12.75,6,8,mainGameOrder68,Sprouts Farmers Market,Oakland,13,12.75,6,8,mainGameOrder67+mainGameOrder68+mainGameOrder66,0.9286,mainGameOrder65,1.4179,mainGameOrder66,0.3451,over_bundle,1,0.2192,0.3693,1,,,
p037,18,mainGameScenario18,Oakland,mainGameOrder69,Sprouts Farmers Market,Oakland,14,8.25,5,0,mainGameOrder70,Sprouts Farmers Market,Oakland,13,8.25,3,0,mainGameOrder71,Sprouts Farmers Market,Oakland,22,14.25,3,0,mainGameOrder72,Sprouts Farmers Market,Oakland,19,9,4,0,mainGameOrder71+mainGameOrder72+mainGameOrder69,1.2644,mainGameOrder72,1.4615,mainGameOrder71+mainGameOrder72,0.1349,bundle_correct,1,0.0671,0.1167,1,,,
p037,19,mainGameScenario19,Oakland,mainGameOrder73,Sprouts Farmers Market,Oakland,12,12.75,5,0,mainGameOrder74,Safeway,Piedmont,17,7.4,5,8,mainGameOrder75,Sprouts Farmers Market,Oakland,18,9,3,0,mainGameOrder76,Sprouts Farmers Market,Oakland,24,14.25,2,0,mainGameOrder73+mainGameOrder75+mainGameOrder76,1.1739,mainGameOrder75,1.5,mainGameOrder75,0.2174,over_bundle,0,0.2174,0.1628,1,,,
p037,20,mainGameScenario20,Oakland,mainGameOrder77,Sprouts Farmers Market,Oakland,24,14.25,6,0,mainGameOrder78,Sprouts Farmers Market,Oakland,23,8.25,4,0,mainGameOrder79,Sprouts Farmers Market,Oakland,17,14.25,4,0,mainGameOrder80,Sprouts Farmers Market,Oakland,20,11.25,5,0,mainGameOrder77+mainGameOrder78+mainGameOrder80,1.3744,mainGameOrder78,1.8776,mainGameOrder78,0.268,over_bundle,0,0.268,0.268,1,,,
p038,1,mainGameScenario1,Berkeley,mainGameOrder1,Berkeley Bowl,Berkeley,22,7.8,3,0,mainGameOrder2,Berkeley Bowl,Berkeley,22,8.4,6,0,mainGameOrder3,Berkeley Bowl,Berkeley,15,9,4,0,mainGameOrder4,Sprouts Farmers Market,Oakland,18,9.75,2,12,mainGameOrder2+mainGameOrder1,1.7886,mainGameOrder1,2.037,mainGameOrder1,0.122,over_bundle,0,0.122,0.2035,1,,,
p038,2,mainGameScenario2,Berkeley,mainGameOrder5,Berkeley Bowl,Berkeley,24,12,5,0,mainGameOrder6,Berkeley Bowl,Berkeley,15,11.4,4,0,mainGameOrder7,Berkeley Bowl,Berkeley,15,12,2,0,mainGameOrder8,Berkeley Bowl,Berkeley,20,7.8,3,0,mainGameOrder8+mainGameOrder5,1.6541,mainGameOrder8,1.8519,mainGameOrder8,0.1068,over_bundle,0,0.1068,0.1068,1,,,
p038,3,mainGameScenario3,Berkeley,mainGameOrder9,Berkeley Bowl,Berkeley,15,13.2,3,0,mainGameOrder10,Sprouts Farmers Market,Oakland,23,12.75,3,12,mainGameOrder11,Berkeley Bowl,Berkeley,23,12,6,0,mainGameOrder12,Berkeley Bowl,Berkeley,16,7.8,6,0,mainGameOrder12+mainGameOrder11,1.25,mainGameOrder11,1.2778,mainGameOrder11,0.0217,over_bundle,0,0.0217,0.3601,1,,,
p038,4,mainGameScenario4,Berkeley,mainGameOrder13,Berkeley Bowl,Berkeley,17,7.2,4,0,mainGameOrder14,Berkeley Bowl,Berkeley,17,7.8,2,0,mainGameOrder15,Berkeley Bowl,Berkeley,20,12,2,0,mainGameOrder16,Berkeley Bowl,Berkeley,16,11.4,6,0,mainGameOrder14+mainGameOrder13,1.6667,mainGameOrder14,1.7347,mainGameOrder14,0.0392,over_bundle,0,0.0392,0.1188,1,,,
p038,5,mainGameScenario5,Berkeley,mainGameOrder17,Sprouts Farmers Market,Oakland,14,7.5,4,12,mainGameOrder18,Safeway,Piedmont,20,12.5,5,14,mainGameOrder19,Sprouts Farmers Market,Oakland,17,8.25,4,12,mainGameOrder20,Safeway,Piedmont,13,8.1,4,14,mainGameOrder20+mainGameOrder18,0.782,mainGameOrder17+mainGameOrder19,0.8671,mainGameOrder17+mainGameOrder19,0.0982,bundle_correct,0,0.0982,0.3431,1,,,
p038,6,mainGameScenario6,Piedmont,mainGameOrder21,Sprouts Farmers Market,Oakland,19,12,2,8,mainGameOrder22,Sprouts Farmers Market,Oakland,22,8.25,2,8,mainGameOrder23,Sprouts Farmers Market,Oakland,24,8.25,6,8,mainGameOrder24,Sprouts Farmers Market,Oakland,18,9.75,2,8,mainGameOrder22+mainGameOrder23,1.4154,mainGameOrder22+mainGameOrder23+mainGameOrder24,1.4463,mainGameOrder22,0.0214,over_bundle,1,0,0.1038,1,,,
p038,7,mainGameScenario7,Oakland,mainGameOrder25,Sprouts Farmers Market,Oakland,12,13.5,4,0,mainGameOrder26,Target,Emeryville,17,13.5,2,8,mainGameOrder27,Sprouts Farmers Market,Oakland,21,9,4,0,mainGameOrder28,Sprouts Farmers Market,Oakland,21,8.25,3,0,mainGameOrder28+mainGameOrder27,1.732,mainGameOrder28,1.8667,mainGameOrder28,0.0722,over_bundle,0,0.0722,0.0722,1,,,
p038,8,mainGameScenario8,Oakland,mainGameOrder29,Sprouts Farmers Market,Oakland,17,8.25,3,0,mainGameOrder30,Sprouts Farmers Market,Oakland,15,13.5,6,0,mainGameOrder31,Sprouts Farmers Market,Oakland,15,12.75,5,0,mainGameOrder32,Sprouts Farmers Market,Oakland,14,8.25,3,0,mainGameOrder32+mainGameOrder29,1.3778,mainGameOrder29,1.5111,mainGameOrder29,0.0882,over_bundle,0,0.0882,0.0882,1,,,
p038,9,mainGameScenario9,Oakland,mainGameOrder33,Safeway,Piedmont,12,8.1,3,8,mainGameOrder34,Target,Emeryville,17,15.3,6,8,mainGameOrder35,Safeway,Piedmont,12,11.1,5,8,mainGameOrder36,Safeway,Piedmont,13,11.1,5,8,mainGameOrder33+mainGameOrder36,0.7396,mainGameOrder33+mainGameOrder35+mainGameOrder36,0.7856,mainGameOrder33+mainGameOrder35+mainGameOrder36,0.0585,bundle_correct,0,0.0585,0.0666,1,,,
p038,10,mainGameScenario10,Piedmont,mainGameOrder37,Safeway,Piedmont,14,8.1,5,0,mainGameOrder38,Safeway,Piedmont,20,8.1,6,0,mainGameOrder39,Safeway,Piedmont,19,7.4,6,0,mainGameOrder40,Safeway,Piedmont,23,11.8,2,0,mainGameOrder40+mainGameOrder38,1.6667,mainGameOrder39+mainGameOrder40,1.6733,mainGameOrder39+mainGameOrder40,0.004,bundle_correct,0,0.004,0.1056,1,,,
p038,11,mainGameScenario11,Piedmont,mainGameOrder41,Berkeley Bowl,Berkeley,13,7.8,2,14,mainGameOrder42,Target,Emeryville,19,7.8,2,10,mainGameOrder43,Target,Emeryville,18,8.7,5,10,mainGameOrder44,Target,Emeryville,15,13.5,3,10,mainGameOrder42+mainGameOrder43,1.1672,mainGameOrder42+mainGameOrder43,1.1672,mainGameOrder42+mainGameOrder43,0,bundle_correct,0,0,0.1205,1,,,
p038,12,mainGameScenario12,Emeryville,mainGameOrder45,Target,Emeryville,16,13.5,3,0,mainGameOrder46,Target,Emeryville,14,9.6,5,0,mainGameOrder47,Target,Emeryville,22,13.5,6,0,mainGameOrder48,Target,Emeryville,14,13.5,2,0,mainGameOrder47+mainGameOrder45,1.1411,mainGameOrder45+mainGameOrder46+mainGameOrder47,1.1504,mainGameOrder45+mainGameOrder46+mainGameOrder47,0.0081,bundle_correct,0,0.0081,0.0603,1,,,
p038,13,mainGameScenario13,Emeryville,mainGameOrder49,Target,Emeryville,24,11.7,2,0,mainGameOrder50,Berkeley Bowl,Berkeley,17,8.4,6,8,mainGameOrder51,Berkeley Bowl,Berkeley,14,7.8,5,8,mainGameOrder52,Target,Emeryville,12,9.6,5,0,mainGameOrder49+mainGameOrder52,1.3139,mainGameOrder49,1.7518,mainGameOrder49,0.25,over_bundle,0,0.25,0.2005,1,,,
p038,14,mainGameScenario14,Emeryville,mainGameOrder53,Target,Emeryville,21,13.5,6,0,mainGameOrder54,Target,Emeryville,14,13.5,5,0,mainGameOrder55,Target,Emeryville,22,13.5,6,0,mainGameOrder56,Target,Emeryville,18,7.8,6,0,mainGameOrder53+mainGameOrder55,1.2147,mainGameOrder56,1.3043,mainGameOrder56,0.0687,over_bundle,0,0.0687,0.04,1,,,
p038,15,mainGameScenario15,Emeryville,mainGameOrder57,Safeway,Piedmont,22,7.4,4,10,mainGameOrder58,Sprouts Farmers Market,Oakland,18,13.5,2,8,mainGameOrder59,Safeway,Piedmont,17,7.4,4,10,mainGameOrder60,Safeway,Piedmont,22,11.8,5,10,mainGameOrder57+mainGameOrder60,1.2188,mainGameOrder57+mainGameOrder59+mainGameOrder60,1.3436,mainGameOrder57+mainGameOrder59+mainGameOrder60,0.0929,bundle_correct,0,0.0929,0.0445,1,,,
p038,16,mainGameScenario16,Piedmont,mainGameOrder61,Safeway,Piedmont,24,12.5,3,0,mainGameOrder62,Safeway,Piedmont,24,8.1,2,0,mainGameOrder63,Safeway,Piedmont,18,12.5,4,0,mainGameOrder64,Safeway,Piedmont,22,11.1,2,0,mainGameOrder64+mainGameOrder62,2.1101,mainGameOrder62,2.3762,mainGameOrder62,0.112,over_bundle,0,0.112,0.0492,1,,,
p038,17,mainGameScenario17,Piedmont,mainGameOrder65,Safeway,Piedmont,19,7.4,6,0,mainGameOrder66,Sprouts Farmers Market,Oakland,22,7.5,3,8,mainGameOrder67,Sprouts Farmers Market,Oakland,17,12.75,6,8,mainGameOrder68,Sprouts Farmers Market,Oakland,13,12.75,6,8,mainGameOrder66+mainGameOrder67,1.047,mainGameOrder65,1.4179,mainGameOrder66,0.2616,over_bundle,1,0.1196,0.3306,1,,,
p038,18,mainGameScenario18,Oakland,mainGameOrder69,Sprouts Farmers Market,Oakland,14,8.25,5,0,mainGameOrder70,Sprouts Farmers Market,Oakland,13,8.25,3,0,mainGameOrder71,Sprouts Farmers Market,Oakland,22,14.25,3,0,mainGameOrder72,Sprouts Farmers Market,Oakland,19,9,4,0,mainGameOrder71+mainGameOrder72,1.3554,mainGameOrder72,1.4615,mainGameOrder71+mainGameOrder72,0.0726,bundle_correct,1,0,0.0552,1,,,
p039,1,mainGameScenario1,Berkeley,mainGameOrder1,Berkeley Bowl,Berkeley,22,7.8,3,0,mainGameOrder2,Berkeley Bowl,Berkeley,22,8.4,6,0,mainGameOrder3,Berkeley Bowl,Berkeley,15,9,4,0,mainGameOrder4,Sprouts Farmers Market,Oakland,18,9.75,2,12,mainGameOrder2+mainGameOrder1+mainGameOrder3,1.6761,mainGameOrder1,2.037,mainGameOrder1,0.1772,over_bundle,0,0.1772,0.184,1,,,
p039,2,mainGameScenario2,Berkeley,mainGameOrder5,Berkeley Bowl,Berkeley,24,12,5,0,mainGameOrder6,Berkeley Bowl,Berkeley,15,11.4,4,0,mainGameOrder7,Berkeley Bowl,Berkeley,15,12,2,0,mainGameOrder8,Berkeley Bowl,Berkeley,20,7.8,3,0,mainGameOrder5+mainGameOrder8+mainGameOrder6,1.4899,mainGameOrder8,1.8519,mainGameOrder8,0.1955,over_bundle,0,0.1955,0.1805,1,,,
p039,3,mainGameScenario3,Berkeley,mainGameOrder9,Berkeley Bowl,Berkeley,15,13.2,3,0,mainGameOrder10,Sprouts Farmers Market,Oakland,23,12.75,3,12,mainGameOrder11,Berkeley Bowl,Berkeley,23,12,6,0,mainGameOrder12,Berkeley Bowl,Berkeley,16,7.8,6,0,mainGameOrder9+mainGameOrder11+mainGameOrder12,1.2162,mainGameOrder11,1.2778,mainGameOrder11,0.0482,over_bundle,0,0.0482,0.3444,1,,,
p039,4,mainGameScenario4,Berkeley,mainGameOrder13,Berkeley Bowl,Berkeley,17,7.2,4,0,mainGameOrder14,Berkeley Bowl,Berkeley,17,7.8,2,0,mainGameOrder15,Berkeley Bowl,Berkeley,20,12,2,0,mainGameOrder16,Berkeley Bowl,Berkeley,16,11.4,6,0,mainGameOrder15+mainGameOrder13+mainGameOrder14,1.6875,mainGameOrder14,1.7347,mainGameOrder14,0.0272,over_bundle,0,0.0272,0.0272,1,,,
p039,5,mainGameScenario5,Berkeley,mainGameOrder17,Sprouts Farmers Market,Oakland,14,7.5,4,12,mainGameOrder18,Safeway,Piedmont,20,12.5,5,14,mainGameOrder19,Sprouts Farmers Market,Oakland,17,8.25,4,12,mainGameOrder20,Safeway,Piedmont,13,8.1,4,14,mainGameOrder18+mainGameOrder20,0.782,mainGameOrder17+mainGameOrder19,0.8671,mainGameOrder17+mainGameOrder19,0.0982,bundle_correct,0,0.0982,0.3431,1,,,
p039,6,mainGameScenario6,Piedmont,mainGameOrder21,Sprouts Farmers Market,Oakland,19,12,2,8,mainGameOrder22,Sprouts Farmers Market,Oakland,22,8.25,2,8,mainGameOrder23,Sprouts Farmers Market,Oakland,24,8.25,6,8,mainGameOrder24,Sprouts Farmers Market,Oakland,18,9.75,2,8,mainGameOrder23+mainGameOrder22,1.4154,mainGameOrder22+mainGameOrder23+mainGameOrder24,1.4463,mainGameOrder22,0.0214,over_bundle,1,0,0.1038,1,,,
p039,7,mainGameScenario7,Oakland,mainGameOrder25,Sprouts Farmers Market,Oakland,12,13.5,4,0,mainGameOrder26,Target,Emeryville,17,13.5,2,8,mainGameOrder27,Sprouts Farmers Market,Oakland,21,9,4,0,mainGameOrder28,Sprouts Farmers Market,Oakland,21,8.25,3,0,mainGameOrder27+mainGameOrder28,1.732,mainGameOrder28,1.8667,mainGameOrder28,0.0722,over_bundle,0,0.0722,0.0722,1,,,
p039,8,mainGameScenario8,Oakland,mainGameOrder29,Sprouts Farmers Market,Oakland,17,8.25,3,0,mainGameOrder30,Sprouts Farmers Market,Oakland,15,13.5,6,0,mainGameOrder31,Sprouts Farmers Market,Oakland,15,12.75,5,0,mainGameOrder32,Sprouts Farmers Market,Oakland,14,8.25,3,0,mainGameOrder29+mainGameOrder31,1.1034,mainGameOrder29,1.5111,mainGameOrder29,0.2698,over_bundle,0,0.2698,0.1384,1,,,
p039,9,mainGameScenario9,Oakland,mainGameOrder33,Safeway,Piedmont,12,8.1,3,8,mainGameOrder34,Target,Emeryville,17,15.3,6,8,mainGameOrder35,Safeway,Piedmont,12,11.1,5,8,mainGameOrder36,Safeway,Piedmont,13,11.1,5,8,mainGameOrder33+mainGameOrder35+mainGameOrder36,0.7856,mainGameOrder33+mainGameOrder35+mainGameOrder36,0.7856,mainGameOrder33+mainGameOrder35+mainGameOrder36,0,bundle_correct,0,0,0.1247,1,,,
p039,10,mainGameScenario10,Piedmont,mainGameOrder37,Safeway,Piedmont,14,8.1,5,0,mainGameOrder38,Safeway,Piedmont,20,8.1,6,0,mainGameOrder39,Safeway,Piedmont,19,7.4,6,0,mainGameOrder40,Safeway,Piedmont,23,11.8,2,0,mainGameOrder38+mainGameOrder40+mainGameOrder39,1.6712,mainGameOrder39+mainGameOrder40,1.6733,mainGameOrder39+mainGameOrder40,0.0013,bundle_correct,0,0.0013,0.0013,0,,,
p039,11,mainGameScenario11,Piedmont,mainGameOrder41,Berkeley Bowl,Berkeley,13,7.8,2,14,mainGameOrder42,Target,Emeryville,19,7.8,2,10,mainGameOrder43,Target,Emeryville,18,8.7,5,10,mainGameOrder44,Target,Emeryville,15,13.5,3,10,mainGameOrder44+mainGameOrder42+mainGameOrder43,1.1659,mainGameOrder42+mainGameOrder43,1.1672,mainGameOrder42+mainGameOrder43,0.0011,bundle_correct,0,0.0011,0.2237,1,,,
p039,12,mainGameScenario12,Emeryville,mainGameOrder45,Target,Emeryville,16,13.5,3,0,mainGameOrder46,Target,Emeryville,14,9.6,5,0,mainGameOrder47,Target,Emeryville,22,13.5,6,0,mainGameOrder48,Target,Emeryville,14,13.5,2,0,mainGameOrder47+mainGameOrder45+mainGameOrder46,1.1504,mainGameOrder45+mainGameOrder46+mainGameOrder47,1.1504,mainGameOrder45+mainGameOrder46+mainGameOrder47,0,bundle_correct,0,0,0,0,,,
p040,1,mainGameScenario1,Berkeley,mainGameOrder1,Berkeley Bowl,Berkeley,22,7.8,3,0,mainGameOrder2,Berkeley Bowl,Berkeley,22,8.4,6,0,mainGameOrder3,Berkeley Bowl,Berkeley,15,9,4,0,mainGameOrder4,Sprouts Farmers Market,Oakland,18,9.75,2,12,mainGameOrder1+mainGameOrder2,1.7886,mainGameOrder1,2.037,mainGameOrder1,0.122,over_bundle,0,0.122,0.1658,1,,,
p040,2,mainGameScenario2,Berkeley,mainGameOrder5,Berkeley Bowl,Berkeley,24,12,5,0,mainGameOrder6,Berkeley Bowl,Berkeley,15,11.4,4,0,mainGameOrder7,Berkeley Bowl,Berkeley,15,12,2,0,mainGameOrder8,Berkeley Bowl,Berkeley,20,7.8,3,0,mainGameOrder5+mainGameOrder8,1.6541,mainGameOrder8,1.8519,mainGameOrder8,0.1068,over_bundle,0,0.1068,0.0882,1,,,
p040,3,mainGameScenario3,Berkeley,mainGameOrder9,Berkeley Bowl,Berkeley,15,13.2,3,0,mainGameOrder10,Sprouts Farmers Market,Oakland,23,12.75,3,12,mainGameOrder11,Berkeley Bowl,Berkeley,23,12,6,0,mainGameOrder12,Berkeley Bowl,Berkeley,16,7.8,6,0,mainGameOrder10,0.8288,mainGameOrder11,1.2778,mainGameOrder11,0.3514,over_bundle,0,0.3514,0.3514,1,,,
p040,4,mainGameScenario4,Oakland,mainGameOrder13,Berkeley Bowl,Berkeley,17,7.2,4,12,mainGameOrder14,Berkeley Bowl,Berkeley,17,7.8,2,12,mainGameOrder15,Berkeley Bowl,Berkeley,20,12,2,12,mainGameOrder16,Berkeley Bowl,Berkeley,16,11.4,6,12,mainGameOrder15+mainGameOrder13+mainGameOrder14,1.2273,mainGameOrder13+mainGameOrder14+mainGameOrder15,1.2273,mainGameOrder14,0,over_bundle,1,0,0.0272,1,,,
p040,5,mainGameScenario5,Berkeley,mainGameOrder17,Sprouts Farmers Market,Oakland,14,7.5,4,12,mainGameOrder18,Safeway,Piedmont,20,12.5,5,14,mainGameOrder19,Sprouts Farmers Market,Oakland,17,8.25,4,12,mainGameOrder20,Safeway,Piedmont,13,8.1,4,14,mainGameOrder17+mainGameOrder19,0.8671,mainGameOrder17+mainGameOrder19,0.8671,mainGameOrder17+mainGameOrder19,0,bundle_correct,0,0,0.1656,1,,,
p040,6,mainGameScenario6,Oakland,mainGameOrder21,Sprouts Farmers Market,Oakland,19,12,2,0,mainGameOrder22,Sprouts Farmers Market,Oakland,22,8.25,2,0,mainGameOrder23,Sprouts Farmers Market,Oakland,24,8.25,6,0,mainGameOrder24,Sprouts Farmers Market,Oakland,18,9.75,2,0,mainGameOrder23+mainGameOrder22+mainGameOrder21,1.6883,mainGameOrder22,2.1463,mainGameOrder22,0.2134,over_bundle,0,0.2134,0.1838,1,,,
p040,7,mainGameScenario7,Oakland,mainGameOrder25,Sprouts Farmers Market,Oakland,12,13.5,4,0,mainGameOrder26,Target,Emeryville,17,13.5,2,8,mainGameOrder27,Sprouts Farmers Market,Oakland,21,9,4,0,mainGameOrder28,Sprouts Farmers Market,Oakland,21,8.25,3,0,mainGameOrder28+mainGameOrder27+mainGameOrder25,1.2934,mainGameOrder28,1.8667,mainGameOrder28,0.3071,over_bundle,0,0.3071,0.1742,1,,,
p040,8,mainGameScenario8,Oakland,mainGameOrder29,Sprouts Farmers Market,Oakland,17,8.25,3,0,mainGameOrder30,Sprouts Farmers Market,Oakland,15,13.5,6,0,mainGameOrder31,Sprouts Farmers Market,Oakland,15,12.75,5,0,mainGameOrder32,Sprouts Farmers Market,Oakland,14,8.25,3,0,mainGameOrder29+mainGameOrder30+mainGameOrder31,0.9691,mainGameOrder29,1.5111,mainGameOrder29,0.3587,over_bundle,0,0.3587,0.2233,1,,,
p040,9,mainGameScenario9,Oakland,mainGameOrder33,Safeway,Piedmont,12,8.1,3,8,mainGameOrder34,Target,Emeryville,17,15.3,6,8,mainGameOrder35,Safeway,Piedmont,12,11.1,5,8,mainGameOrder36,Safeway,Piedmont,13,11.1,5,8,mainGameOrder36+mainGameOrder35+mainGameOrder33,0.7856,mainGameOrder33+mainGameOrder35+mainGameOrder36,0.7856,mainGameOrder33+mainGameOrder35+mainGameOrder36,0,bundle_correct,0,0,0.1247,1,,,
p040,10,mainGameScenario10,Piedmont,mainGameOrder37,Safeway,Piedmont,14,8.1,5,0,mainGameOrder38,Safeway,Piedmont,20,8.1,6,0,mainGameOrder39,Safeway,Piedmont,19,7.4,6,0,mainGameOrder40,Safeway,Piedmont,23,11.8,2,0,mainGameOrder38+mainGameOrder40+mainGameOrder39,1.6712,mainGameOrder39+mainGameOrder40,1.6733,mainGameOrder39+mainGameOrder40,0.0013,bundle_correct,0,0.0013,0.0013,0,,,
p041,1,mainGameScenario1,Berkeley,mainGameOrder1,Berkeley Bowl,Berkeley,22,7.8,3,0,mainGameOrder2,Berkeley Bowl,Berkeley,22,8.4,6,0,mainGameOrder3,Berkeley Bowl,Berkeley,15,9,4,0,mainGameOrder4,Sprouts Farmers Market,Oakland,18,9.75,2,12,mainGameOrder1+mainGameOrder3,1.729,mainGameOrder1,2.037,mainGameOrder1,0.1512,over_bundle,0,0.1512,0.1983,1,,,
p041,2,mainGameScenario2,Berkeley,mainGameOrder5,Berkeley Bowl,Berkeley,24,12,5,0,mainGameOrder6,Berkeley Bowl,Berkeley,15,11.4,4,0,mainGameOrder7,Berkeley Bowl,Berkeley,15,12,2,0,mainGameOrder8,Berkeley Bowl,Berkeley,20,7.8,3,0,mainGameOrder5+mainGameOrder8,1.6541,mainGameOrder8,1.8519,mainGameOrder8,0.1068,over_bundle,0,0.1068,0.1068,1,,,
p041,3,mainGameScenario3,Berkeley,mainGameOrder9,Berkeley Bowl,Berkeley,15,13.2,3,0,mainGameOrder10,Sprouts Farmers Market,Oakland,23,12.75,3,12,mainGameOrder11,Berkeley Bowl,Berkeley,23,12,6,0,mainGameOrder12,Berkeley Bowl,Berkeley,16,7.8,6,0,mainGameOrder9+mainGameOrder11,1.2179,mainGameOrder11,1.2778,mainGameOrder11,0.0468,over_bundle,0,0.0468,0.3508,1,,,
p041,4,mainGameScenario4,Berkeley,mainGameOrder13,Berkeley Bowl,Berkeley,17,7.2,4,0,mainGameOrder14,Berkeley Bowl,Berkeley,17,7.8,2,0,mainGameOrder15,Berkeley Bowl,Berkeley,20,12,2,0,mainGameOrder16,Berkeley Bowl,Berkeley,16,11.4,6,0,mainGameOrder15+mainGameOrder13+mainGameOrder14,1.6875,mainGameOrder14,1.7347,mainGameOrder14,0.0272,over_bundle,0,0.0272,0.0272,1,,,
p041,5,mainGameScenario5,Berkeley,mainGameOrder17,Sprouts Farmers Market,Oakland,14,7.5,4,12,mainGameOrder18,Safeway,Piedmont,20,12.5,5,14,mainGameOrder19,Sprouts Farmers Market,Oakland,17,8.25,4,12,mainGameOrder20,Safeway,Piedmont,13,8.1,4,14,mainGameOrder18+mainGameOrder20,0.782,mainGameOrder17+mainGameOrder19,0.8671,mainGameOrder17+mainGameOrder19,0.0982,bundle_correct,0,0.0982,0.3431,1,,,
p041,6,mainGameScenario6,Piedmont,mainGameOrder21,Sprouts Farmers Market,Oakland,19,12,2,8,mainGameOrder22,Sprouts Farmers Market,Oakland,22,8.25,2,8,mainGameOrder23,Sprouts Farmers Market,Oakland,24,8.25,6,8,mainGameOrder24,Sprouts Farmers Market,Oakland,18,9.75,2,8,mainGameOrder23,1.0787,mainGameOrder22+mainGameOrder23+mainGameOrder24,1.4463,mainGameOrder22,0.2542,over_bundle,1,0.1052,0.0954,1,,,
p041,7,mainGameScenario7,Oakland,mainGameOrder25,Sprouts Farmers Market,Oakland,12,13.5,4,0,mainGameOrder26,Target,Emeryville,17,13.5,2,8,mainGameOrder27,Sprouts Farmers Market,Oakland,21,9,4,0,mainGameOrder28,Sprouts Farmers Market,Oakland,21,8.25,3,0,mainGameOrder27+mainGameOrder28,1.732,mainGameOrder28,1.8667,mainGameOrder28,0.0722,over_bundle,0,0.0722,0.0722,1,,,
p041,8,mainGameScenario8,Oakland,mainGameOrder29,Sprouts Farmers Market,Oakland,17,8.25,3,0,mainGameOrder30,Sprouts Farmers Market,Oakland,15,13.5,6,0,mainGameOrder31,Sprouts Farmers Market,Oakland,15,12.75,5,0,mainGameOrder32,Sprouts Farmers Market,Oakland,14,8.25,3,0,mainGameOrder29+mainGameOrder32,1.3778,mainGameOrder29,1.5111,mainGameOrder29,0.0882,over_bundle,0,0.0882,0.0882,1,,,
p041,9,mainGameScenario9,Oakland,mainGameOrder33,Safeway,Piedmont,12,8.1,3,8,mainGameOrder34,Target,Emeryville,17,15.3,6,8,mainGameOrder35,Safeway,Piedmont,12,11.1,5,8,mainGameOrder36,Safeway,Piedmont,13,11.1,5,8,mainGameOrder33+mainGameOrder35+mainGameOrder36,0.7856,mainGameOrder33+mainGameOrder35+mainGameOrder36,0.7856,mainGameOrder33+mainGameOrder35+mainGameOrder36,0,bundle_correct,0,0,0.1247,1,,,
p041,10,mainGameScenario10,Piedmont,mainGameOrder37,Safeway,Piedmont,14,8.1,5,0,mainGameOrder38,Safeway,Piedmont,20,8.1,6,0,mainGameOrder39,Safeway,Piedmont,19,7.4,6,0,mainGameOrder40,Safeway,Piedmont,23,11.8,2,0,mainGameOrder38+mainGameOrder40+mainGameOrder39,1.6712,mainGameOrder39+mainGameOrder40,1.6733,mainGameOrder39+mainGameOrder40,0.0013,bundle_correct,0,0.0013,0.0013,0,,,
p041,11,mainGameScenario11,Piedmont,mainGameOrder41,Berkeley Bowl,Berkeley,13,7.8,2,14,mainGameOrder42,Target,Emeryville,19,7.8,2,10,mainGameOrder43,Target,Emeryville,18,8.7,5,10,mainGameOrder44,Target,Emeryville,15,13.5,3,10,mainGameOrder44+mainGameOrder43,0.9016,mainGameOrder42+mainGameOrder43,1.1672,mainGameOrder42+mainGameOrder43,0.2275,bundle_correct,0,0.2275,0.1326,1,,,
p041,12,mainGameScenario12,Emeryville,mainGameOrder45,Target,Emeryville,16,13.5,3,0,mainGameOrder46,Target,Emeryville,14,9.6,5,0,mainGameOrder47,Target,Emeryville,22,13.5,6,0,mainGameOrder48,Target,Emeryville,14,13.5,2,0,mainGameOrder46+mainGameOrder45+mainGameOrder47,1.1504,mainGameOrder45+mainGameOrder46+mainGameOrder47,1.1504,mainGameOrder45+mainGameOrder46+mainGameOrder47,0,bundle_correct,0,0,0,0,,,
p041,13,mainGameScenario13,Emeryville,mainGameOrder49,Target,Emeryville,24,11.7,2,0,mainGameOrder50,Berkeley Bowl,Berkeley,17,8.4,6,8,mainGameOrder51,Berkeley Bowl,Berkeley,14,7.8,5,8,mainGameOrder52,Target,Emeryville,12,9.6,5,0,mainGameOrder49,1.7518,mainGameOrder49,1.7518,mainGameOrder49,0,over_bundle,0,0,0.0724,1,,,
p041,14,mainGameScenario14,Emeryville,mainGameOrder53,Target,Emeryville,21,13.5,6,0,mainGameOrder54,Target,Emeryville,14,13.5,5,0,mainGameOrder55,Target,Emeryville,22,13.5,6,0,mainGameOrder56,Target,Emeryville,18,7.8,6,0,mainGameOrder53+mainGameOrder55+mainGameOrder54,1.1332,mainGameOrder56,1.3043,mainGameOrder56,0.1312,over_bundle,0,0.1312,0.0207,1,,,
p041,15,mainGameScenario15,Emeryville,mainGameOrder57,Safeway,Piedmont,22,7.4,4,10,mainGameOrder58,Sprouts Farmers Market,Oakland,18,13.5,2,8,mainGameOrder59,Safeway,Piedmont,17,7.4,4,10,mainGameOrder60,Safeway,Piedmont,22,11.8,5,10,mainGameOrder60+mainGameOrder59+mainGameOrder57,1.3436,mainGameOrder57+mainGameOrder59+mainGameOrder60,1.3436,mainGameOrder57+mainGameOrder59+mainGameOrder60,0,bundle_correct,0,0,0.1071,1,,,
p041,16,mainGameScenario16,Piedmont,mainGameOrder61,Safeway,Piedmont,24,12.5,3,0,mainGameOrder62,Safeway,Piedmont,24,8.1,2,0,mainGameOrder63,Safeway,Piedmont,18,12.5,4,0,mainGameOrder64,Safeway,Piedmont,22,11.1,2,0,mainGameOrder64+mainGameOrder63+mainGameOrder61,1.6203,mainGameOrder62,2.3762,mainGameOrder62,0.3181,over_bundle,0,0.3181,0.147,1,,,
p041,17,mainGameScenario17,Piedmont,mainGameOrder65,Safeway,Piedmont,19,7.4,6,0,mainGameOrder66,Sprouts Farmers Market,Oakland,22,7.5,3,8,mainGameOrder67,Sprouts Farmers Market,Oakland,17,12.75,6,8,mainGameOrder68,Sprouts Farmers Market,Oakland,13,12.75,6,8,mainGameOrder65,1.4179,mainGameOrder65,1.4179,mainGameOrder66,0,over_bundle,1,0,0.5763,1,,,
p041,18,mainGameScenario18,Piedmont,mainGameOrder69,Sprouts Farmers Market,Oakland,14,8.25,5,8,mainGameOrder70,Sprouts Farmers Market,Oakland,13,8.25,3,8,mainGameOrder71,Sprouts Farmers Market,Oakland,22,14.25,3,8,mainGameOrder72,Sprouts Farmers Market,Oakland,19,9,4,8,mainGameOrder71,0.8713,mainGameOrder70+mainGameOrder71+mainGameOrder72,1.0909,mainGameOrder71+mainGameOrder72,0.2013,bundle_correct,1,0.1872,0.1274,1,,,
p041,19,mainGameScenario19,Oakland,mainGameOrder73,Sprouts Farmers Market,Oakland,12,12.75,5,0,mainGameOrder74,Safeway,Piedmont,17,7.4,5,8,mainGameOrder75,Sprouts Farmers Market,Oakland,18,9,3,0,mainGameOrder76,Sprouts Farmers Market,Oakland,24,14.25,2,0,mainGameOrder76+mainGameOrder73+mainGameOrder75,1.1739,mainGameOrder75,1.5,mainGameOrder75,0.2174,over_bundle,0,0.2174,0.1628,1,,,
p041,20,mainGameScenario20,Oakland,mainGameOrder77,Sprouts Farmers Market,Oakland,24,14.25,6,0,mainGameOrder78,Sprouts Farmers Market,Oakland,23,8.25,4,0,mainGameOrder79,Sprouts Farmers Market,Oakland,17,14.25,4,0,mainGameOrder80,Sprouts Farmers Market,Oakland,20,11.25,5,0,mainGameOrder78,1.8776,mainGameOrder78,1.8776,mainGameOrder78,0,over_bundle,0,0,0.14,1,,,
p042,1,mainGameScenario1,Berkeley,mainGameOrder1,Berkeley Bowl,Berkeley,22,7.8,3,0,mainGameOrder2,Berkeley Bowl,Berkeley,22,8.4,6,0,mainGameOrder3,Berkeley Bowl,Berkeley,15,9,4,0,mainGameOrder4,Sprouts Farmers Market,Oakland,18,9.75,2,12,mainGameOrder2+mainGameOrder1,1.7886,mainGameOrder1,2.037,mainGameOrder1,0.122,over_bundle,0,0.122,0.2035,1,,,
p042,2,mainGameScenario2,Berkeley,mainGameOrder5,Berkeley Bowl,Berkeley,24,12,5,0,mainGameOrder6,Berkeley Bowl,Berkeley,15,11.4,4,0,mainGameOrder7,Berkeley Bowl,Berkeley,15,12,2,0,mainGameOrder8,Berkeley Bowl,Berkeley,20,7.8,3,0,mainGameOrder8+mainGameOrder5,1.6541,mainGameOrder8,1.8519,mainGameOrder8,0.1068,over_bundle,0,0.1068,0.1068,1,,,
p042,3,mainGameScenario3,Berkeley,mainGameOrder9,Berkeley Bowl,Berkeley,15,13.2,3,0,mainGameOrder10,Sprouts Farmers Market,Oakland,23,12.75,3,12,mainGameOrder11,Berkeley Bowl,Berkeley,23,12,6,0,mainGameOrder12,Berkeley Bowl,Berkeley,16,7.8,6,0,mainGameOrder11+mainGameOrder12+mainGameOrder9,1.2162,mainGameOrder11,1.2778,mainGameOrder11,0.0482,over_bundle,0,0.0482,0.3444,1,,,
p042,4,mainGameScenario4,Berkeley,mainGameOrder13,Berkeley Bowl,Berkeley,17,7.2,4,0,mainGameOrder14,Berkeley Bowl,Berkeley,17,7.8,2,0,mainGameOrder15,Berkeley Bowl,Berkeley,20,12,2,0,mainGameOrder16,Berkeley Bowl,Berkeley,16,11.4,6,0,mainGameOrder15+mainGameOrder13+mainGameOrder14,1.6875,mainGameOrder14,1.7347,mainGameOrder14,0.0272,over_bundle,0,0.0272,0.0272,1,,,
p042,5,mainGameScenario5,Berkeley,mainGameOrder17,Sprouts Farmers Market,Oakland,14,7.5,4,12,mainGameOrder18,Safeway,Piedmont,20,12.5,5,14,mainGameOrder19,Sprouts Farmers Market,Oakland,17,8.25,4,12,mainGameOrder20,Safeway,Piedmont,13,8.1,4,14,mainGameOrder18+mainGameOrder20,0.782,mainGameOrder17+mainGameOrder19,0.8671,mainGameOrder17+mainGameOrder19,0.0982,bundle_correct,0,0.0982,0.3431,1,,,
p042,6,mainGameScenario6,Piedmont,mainGameOrder21,Sprouts Farmers Market,Oakland,19,12,2,8,mainGameOrder22,Sprouts Farmers Market,Oakland,22,8.25,2,8,mainGameOrder23,Sprouts Farmers Market,Oakland,24,8.25,6,8,mainGameOrder24,Sprouts Farmers Market,Oakland,18,9.75,2,8,mainGameOrder23+mainGameOrder22,1.4154,mainGameOrder22+mainGameOrder23+mainGameOrder24,1.4463,mainGameOrder22,0.0214,over_bundle,1,0,0.1038,1,,,
p042,7,mainGameScenario7,Oakland,mainGameOrder25,Sprouts Farmers Market,Oakland,12,13.5,4,0,mainGameOrder26,Target,Emeryville,17,13.5,2,8,mainGameOrder27,Sprouts Farmers Market,Oakland,21,9,4,0,mainGameOrder28,Sprouts Farmers Market,Oakland,21,8.25,3,0,mainGameOrder28+mainGameOrder27+mainGameOrder25,1.2934,mainGameOrder28,1.8667,mainGameOrder28,0.3071,over_bundle,0,0.3071,0.1742,1,,,
p042,8,mainGameScenario8,Oakland,mainGameOrder29,Sprouts Farmers Market,Oakland,17,8.25,3,0,mainGameOrder30,Sprouts Farmers Market,Oakland,15,13.5,6,0,mainGameOrder31,Sprouts Farmers Market,Oakland,15,12.75,5,0,mainGameOrder32,Sprouts Farmers Market,Oakland,14,8.25,3,0,mainGameOrder29+mainGameOrder30+mainGameOrder31,0.9691,mainGameOrder29,1.5111,mainGameOrder29,0.3587,over_bundle,0,0.3587,0.2233,1,,,
p042,9,mainGameScenario9,Oakland,mainGameOrder33,Safeway,Piedmont,12,8.1,3,8,mainGameOrder34,Target,Emeryville,17,15.3,6,8,mainGameOrder35,Safeway,Piedmont,12,11.1,5,8,mainGameOrder36,Safeway,Piedmont,13,11.1,5,8,mainGameOrder33+mainGameOrder35+mainGameOrder36,0.7856,mainGameOrder33+mainGameOrder35+mainGameOrder36,0.7856,mainGameOrder33+mainGameOrder35+mainGameOrder36,0,bundle_correct,0,0,0.1247,1,,,
p042,10,mainGameScenario10,Piedmont,mainGameOrder37,Safeway,Piedmont,14,8.1,5,0,mainGameOrder38,Safeway,Piedmont,20,8.1,6,0,mainGameOrder39,Safeway,Piedmont,19,7.4,6,0,mainGameOrder40,Safeway,Piedmont,23,11.8,2,0,mainGameOrder40+mainGameOrder38,1.6667,mainGameOrder39+mainGameOrder40,1.6733,mainGameOrder39+mainGameOrder40,0.004,bundle_correct,0,0.004,0.1056,1,,,
p042,11,mainGameScenario11,Piedmont,mainGameOrder41,Berkeley Bowl,Berkeley,13,7.8,2,14,mainGameOrder42,Target,Emeryville,19,7.8,2,10,mainGameOrder43,Target,Emeryville,18,8.7,5,10,mainGameOrder44,Target,Emeryville,15,13.5,3,10,mainGameOrder43+mainGameOrder44+mainGameOrder42,1.1659,mainGameOrder42+mainGameOrder43,1.1672,mainGameOrder42+mainGameOrder43,0.0011,bundle_correct,0,0.0011,0.2237,1,,,
p042,12,mainGameScenario12,Emeryville,mainGameOrder45,Target,Emeryville,16,13.5,3,0,mainGameOrder46,Target,Emeryville,14,9.6,5,0,mainGameOrder47,Target,Emeryville,22,13.5,6,0,mainGameOrder48,Target,Emeryville,14,13.5,2,0,mainGameOrder47+mainGameOrder46,1.1465,mainGameOrder45+mainGameOrder46+mainGameOrder47,1.1504,mainGameOrder45+mainGameOrder46+mainGameOrder47,0.0034,bundle_correct,0,0.0034,0.0735,1,,,
p042,13,mainGameScenario13,Emeryville,mainGameOrder49,Target,Emeryville,24,11.7,2,0,mainGameOrder50,Berkeley Bowl,Berkeley,17,8.4,6,8,mainGameOrder51,Berkeley Bowl,Berkeley,14,7.8,5,8,mainGameOrder52,Target,Emeryville,12,9.6,5,0,mainGameOrder49+mainGameOrder52,1.3139,mainGameOrder49,1.7518,mainGameOrder49,0.25,over_bundle,0,0.25,0.2005,1,,,
p042,14,mainGameScenario14,Emeryville,mainGameOrder53,Target,Emeryville,21,13.5,6,0,mainGameOrder54,Target,Emeryville,14,13.5,5,0,mainGameOrder55,Target,Emeryville,22,13.5,6,0,mainGameOrder56,Target,Emeryville,18,7.8,6,0,mainGameOrder55+mainGameOrder53,1.2147,mainGameOrder56,1.3043,mainGameOrder56,0.0687,over_bundle,0,0.0687,0.04,1,,,
p043,1,mainGameScenario1,Berkeley,mainGameOrder1,Berkeley Bowl,Berkeley,22,7.8,3,0,mainGameOrder2,Berkeley Bowl,Berkeley,22,8.4,6,0,mainGameOrder3,Berkeley Bowl,Berkeley,15,9,4,0,mainGameOrder4,Sprouts Farmers Market,Oakland,18,9.75,2,12,mainGameOrder2+mainGameOrder1,1.7886,mainGameOrder1,2.037,mainGameOrder1,0.122,over_bundle,0,0.122,0.2035,1,,,
p043,2,mainGameScenario2,Berkeley,mainGameOrder5,Berkeley Bowl,Berkeley,24,12,5,0,mainGameOrder6,Berkeley Bowl,Berkeley,15,11.4,4,0,mainGameOrder7,Berkeley Bowl,Berkeley,15,12,2,0,mainGameOrder8,Berkeley Bowl,Berkeley,20,7.8,3,0,mainGameOrder5+mainGameOrder7,1.3356,mainGameOrder8,1.8519,mainGameOrder8,0.2788,over_bundle,0,0.2788,0.1032,1,,,
p043,3,mainGameScenario3,Berkeley,mainGameOrder9,Berkeley Bowl,Berkeley,15,13.2,3,0,mainGameOrder10,Sprouts Farmers Market,Oakland,23,12.75,3,12,mainGameOrder11,Berkeley Bowl,Berkeley,23,12,6,0,mainGameOrder12,Berkeley Bowl,Berkeley,16,7.8,6,0,mainGameOrder10,0.8288,mainGameOrder11,1.2778,mainGameOrder11,0.3514,over_bundle,0,0.3514,0.3514,1,,,
p043,4,mainGameScenario4,Oakland,mainGameOrder13,Berkeley Bowl,Berkeley,17,7.2,4,12,mainGameOrder14,Berkeley Bowl,Berkeley,17,7.8,2,12,mainGameOrder15,Berkeley Bowl,Berkeley,20,12,2,12,mainGameOrder16,Berkeley Bowl,Berkeley,16,11.4,6,12,mainGameOrder15+mainGameOrder13,1.0452,mainGameOrder13+mainGameOrder14+mainGameOrder15,1.2273,mainGameOrder14,0.1484,over_bundle,1,0,0.0688,1,,,
p043,5,mainGameScenario5,Berkeley,mainGameOrder17,Sprouts Farmers Market,Oakland,14,7.5,4,12,mainGameOrder18,Safeway,Piedmont,20,12.5,5,14,mainGameOrder19,Sprouts Farmers Market,Oakland,17,8.25,4,12,mainGameOrder20,Safeway,Piedmont,13,8.1,4,14,mainGameOrder18+mainGameOrder20,0.782,mainGameOrder17+mainGameOrder19,0.8671,mainGameOrder17+mainGameOrder19,0.0982,bundle_correct,0,0.0982,0.3431,1,,,
p043,6,mainGameScenario6,Piedmont,mainGameOrder21,Sprouts Farmers Market,Oakland,19,12,2,8,mainGameOrder22,Sprouts Farmers Market,Oakland,22,8.25,2,8,mainGameOrder23,Sprouts Farmers Market,Oakland,24,8.25,6,8,mainGameOrder24,Sprouts Farmers Market,Oakland,18,9.75,2,8,mainGameOrder23+mainGameOrder22,1.4154,mainGameOrder22+mainGameOrder23+mainGameOrder24,1.4463,mainGameOrder22,0.0214,over_bundle,1,0,0.1038,1,,,
p043,7,mainGameScenario7,Oakland,mainGameOrder25,Sprouts Farmers Market,Oakland,12,13.5,4,0,mainGameOrder26,Target,Emeryville,17,13.5,2,8,mainGameOrder27,Sprouts Farmers Market,Oakland,21,9,4,0,mainGameOrder28,Sprouts Farmers Market,Oakland,21,8.25,3,0,mainGameOrder27+mainGameOrder28,1.732,mainGameOrder28,1.8667,mainGameOrder28,0.0722,over_bundle,0,0.0722,0.0722,1,,,
p043,8,mainGameScenario8,Oakland,mainGameOrder29,Sprouts Farmers Market,Oakland,17,8.25,3,0,mainGameOrder30,Sprouts Farmers Market,Oakland,15,13.5,6,0,mainGameOrder31,Sprouts Farmers Market,Oakland,15,12.75,5,0,mainGameOrder32,Sprouts Farmers Market,Oakland,14,8.25,3,0,mainGameOrder29+mainGameOrder31,1.1034,mainGameOrder29,1.5111,mainGameOrder29,0.2698,over_bundle,0,0.2698,0.1384,1,,,
p043,9,mainGameScenario9,Oakland,mainGameOrder33,Safeway,Piedmont,12,8.1,3,8,mainGameOrder34,Target,Emeryville,17,15.3,6,8,mainGameOrder35,Safeway,Piedmont,12,11.1,5,8,mainGameOrder36,Safeway,Piedmont,13,11.1,5,8,mainGameOrder33+mainGameOrder36,0.7396,mainGameOrder33+mainGameOrder35+mainGameOrder36,0.7856,mainGameOrder33+mainGameOrder35+mainGameOrder36,0.0585,bundle_correct,0,0.0585,0.0666,1,,,
p043,10,mainGameScenario10,Piedmont,mainGameOrder37,Safeway,Piedmont,14,8.1,5,0,mainGameOrder38,Safeway,Piedmont,20,8.1,6,0,mainGameOrder39,Safeway,Piedmont,19,7.4,6,0,mainGameOrder40,Safeway,Piedmont,23,11.8,2,0,mainGameOrder38+mainGameOrder39,1.5354,mainGameOrder39+mainGameOrder40,1.6733,mainGameOrder39+mainGameOrder40,0.0824,bundle_correct,0,0.0824,0.1018,1,,,
p043,11,mainGameScenario11,Piedmont,mainGameOrder41,Berkeley Bowl,Berkeley,13,7.8,2,14,mainGameOrder42,Target,Emeryville,19,7.8,2,10,mainGameOrder43,Target,Emeryville,18,8.7,5,10,mainGameOrder44,Target,Emeryville,15,13.5,3,10,mainGameOrder43+mainGameOrder42,1.1672,mainGameOrder42+mainGameOrder43,1.1672,mainGameOrder42+mainGameOrder43,0,bundle_correct,0,0,0.1205,1,,,
p043,12,mainGameScenario12,Emeryville,mainGameOrder45,Target,Emeryville,16,13.5,3,0,mainGameOrder46,Target,Emeryville,14,9.6,5,0,mainGameOrder47,Target,Emeryville,22,13.5,6,0,mainGameOrder48,Target,Emeryville,14,13.5,2,0,mainGameOrder47+mainGameOrder45,1.1411,mainGameOrder45+mainGameOrder46+mainGameOrder47,1.1504,mainGameOrder45+mainGameOrder46+mainGameOrder47,0.0081,bundle_correct,0,0.0081,0.0603,1,,,
p043,13,mainGameScenario13,Emeryville,mainGameOrder49,Target,Emeryville,24,11.7,2,0,mainGameOrder50,Berkeley Bowl,Berkeley,17,8.4,6,8,mainGameOrder51,Berkeley Bowl,Berkeley,14,7.8,5,8,mainGameOrder52,Target,Emeryville,12,9.6,5,0,mainGameOrder49+mainGameOrder52,1.3139,mainGameOrder49,1.7518,mainGameOrder49,0.25,over_bundle,0,0.25,0.2005,1,,,
p043,14,mainGameScenario14,Emeryville,mainGameOrder53,Target,Emeryville,21,13.5,6,0,mainGameOrder54,Target,Emeryville,14,13.5,5,0,mainGameOrder55,Target,Emeryville,22,13.5,6,0,mainGameOrder56,Target,Emeryville,18,7.8,6,0,mainGameOrder55+mainGameOrder53,1.2147,mainGameOrder56,1.3043,mainGameOrder56,0.0687,over_bundle,0,0.0687,0.04,1,,,
p043,15,mainGameScenario15,Emeryville,mainGameOrder57,Safeway,Piedmont,22,7.4,4,10,mainGameOrder58,Sprouts Farmers Market,Oakland,18,13.5,2,8,mainGameOrder59,Safeway,Piedmont,17,7.4,4,10,mainGameOrder60,Safeway,Piedmont,22,11.8,5,10,mainGameOrder57+mainGameOrder59,1.2704,mainGameOrder57+mainGameOrder59+mainGameOrder60,1.3436,mainGameOrder57+mainGameOrder59+mainGameOrder60,0.0545,bundle_correct,0,0.0545,0.0661,1,,,
p043,16,mainGameScenario16,Piedmont,mainGameOrder61,Safeway,Piedmont,24,12.5,3,0,mainGameOrder62,Safeway,Piedmont,24,8.1,2,0,mainGameOrder63,Safeway,Piedmont,18,12.5,4,0,mainGameOrder64,Safeway,Piedmont,22,11.1,2,0,mainGameOrder62+mainGameOrder64,2.1101,mainGameOrder62,2.3762,mainGameOrder62,0.112,over_bundle,0,0.112,0.0492,1,,,
p043,17,mainGameScenario17,Piedmont,mainGameOrder65,Safeway,Piedmont,19,7.4,6,0,mainGameOrder66,Sprouts Farmers Market,Oakland,22,7.5,3,8,mainGameOrder67,Sprouts Farmers Market,Oakland,17,12.75,6,8,mainGameOrder68,Sprouts Farmers Market,Oakland,13,12.75,6,8,mainGameOrder66+mainGameOrder67,1.047,mainGameOrder65,1.4179,mainGameOrder66,0.2616,over_bundle,1,0.1196,0.3306,1,,,
p043,18,mainGameScenario18,Oakland,mainGameOrder69,Sprouts Farmers Market,Oakland,14,8.25,5,0,mainGameOrder70,Sprouts Farmers Market,Oakland,13,8.25,3,0,mainGameOrder71,Sprouts Farmers Market,Oakland,22,14.25,3,0,mainGameOrder72,Sprouts Farmers Market,Oakland,19,9,4,0,mainGameOrder72+mainGameOrder71,1.3554,mainGameOrder72,1.4615,mainGameOrder71+mainGameOrder72,0.0726,bundle_correct,1,0,0.0552,1,,,
p043,19,mainGameScenario19,Oakland,mainGameOrder73,Sprouts Farmers Market,Oakland,12,12.75,5,0,mainGameOrder74,Safeway,Piedmont,17,7.4,5,8,mainGameOrder75,Sprouts Farmers Market,Oakland,18,9,3,0,mainGameOrder76,Sprouts Farmers Market,Oakland,24,14.25,2,0,mainGameOrder76+mainGameOrder75,1.4867,mainGameOrder75,1.5,mainGameOrder75,0.0088,over_bundle,0,0.0088,0.1549,1,,,
p043,20,mainGameScenario20,Oakland,mainGameOrder77,Sprouts Farmers Market,Oakland,24,14.25,6,0,mainGameOrder78,Sprouts Farmers Market,Oakland,23,8.25,4,0,mainGameOrder79,Sprouts Farmers Market,Oakland,17,14.25,4,0,mainGameOrder80,Sprouts Farmers Market,Oakland,20,11.25,5,0,mainGameOrder80+mainGameOrder78,1.5088,mainGameOrder78,1.8776,mainGameOrder78,0.1964,over_bundle,0,0.1964,0.1943,1,,,
p043,21,mainGameScenario21,Oakland,mainGameOrder81,Safeway,Piedmont,20,8.1,4,8,mainGameOrder82,Safeway,Piedmont,17,12.5,2,8,mainGameOrder83,Berkeley Bowl,Berkeley,24,7.8,3,12,mainGameOrder84,Safeway,Piedmont,21,7.4,3,8,mainGameOrder81+mainGameOrder84,1.4089,mainGameOrder81+mainGameOrder82+mainGameOrder84,1.4216,mainGameOrder81+mainGameOrder84,0.0089,bundle_correct,1,0,0.4655,1,,,
p043,22,mainGameScenario22,Piedmont,mainGameOrder85,Safeway,Piedmont,17,8.1,2,0,mainGameOrder86,Safeway,Piedmont,22,8.1,3,0,mainGameOrder87,Safeway,Piedmont,19,11.1,2,0,mainGameOrder88,Safeway,Piedmont,16,7.4,2,0,mainGameOrder86+mainGameOrder85,1.9024,mainGameOrder86+mainGameOrder88,2.0652,mainGameOrder86+mainGameOrder88,0.0788,bundle_correct,0,0.0788,0.0621,1,,,
p044,1,mainGameScenario1,Berkeley,mainGameOrder1,Berkeley Bowl,Berkeley,22,7.8,3,0,mainGameOrder2,Berkeley Bowl,Berkeley,22,8.4,6,0,mainGameOrder3,Berkeley Bowl,Berkeley,15,9,4,0,mainGameOrder4,Sprouts Farmers Market,Oakland,18,9.75,2,12,mainGameOrder3+mainGameOrder1,1.729,mainGameOrder1,2.037,mainGameOrder1,0.1512,over_bundle,0,0.1512,0.1983,1,,,
p044,2,mainGameScenario2,Berkeley,mainGameOrder5,Berkeley Bowl,Berkeley,24,12,5,0,mainGameOrder6,Berkeley Bowl,Berkeley,15,11.4,4,0,mainGameOrder7,Berkeley Bowl,Berkeley,15,12,2,0,mainGameOrder8,Berkeley Bowl,Berkeley,20,7.8,3,0,mainGameOrder5+mainGameOrder6,1.3,mainGameOrder8,1.8519,mainGameOrder8,0.298,over_bundle,0,0.298,0.1051,1,,,
p044,3,mainGameScenario3,Berkeley,mainGameOrder9,Berkeley Bowl,Berkeley,15,13.2,3,0,mainGameOrder10,Sprouts Farmers Market,Oakland,23,12.75,3,12,mainGameOrder11,Berkeley Bowl,Berkeley,23,12,6,0,mainGameOrder12,Berkeley Bowl,Berkeley,16,7.8,6,0,mainGameOrder11+mainGameOrder9,1.2179,mainGameOrder11,1.2778,mainGameOrder11,0.0468,over_bundle,0,0.0468,0.3508,1,,,
p044,4,mainGameScenario4,Berkeley,mainGameOrder13,Berkeley Bowl,Berkeley,17,7.2,4,0,mainGameOrder14,Berkeley Bowl,Berkeley,17,7.8,2,0,mainGameOrder15,Berkeley Bowl,Berkeley,20,12,2,0,mainGameOrder16,Berkeley Bowl,Berkeley,16,11.4,6,0,mainGameOrder15+mainGameOrder13,1.5812,mainGameOrder14,1.7347,mainGameOrder14,0.0885,over_bundle,0,0.0885,0.0688,1,,,
p044,5,mainGameScenario5,Berkeley,mainGameOrder17,Sprouts Farmers Market,Oakland,14,7.5,4,12,mainGameOrder18,Safeway,Piedmont,20,12.5,5,14,mainGameOrder19,Sprouts Farmers Market,Oakland,17,8.25,4,12,mainGameOrder20,Safeway,Piedmont,13,8.1,4,14,mainGameOrder20+mainGameOrder18,0.782,mainGameOrder17+mainGameOrder19,0.8671,mainGameOrder17+mainGameOrder19,0.0982,bundle_correct,0,0.0982,0.3431,1,,,
p044,6,mainGameScenario6,Piedmont,mainGameOrder21,Sprouts Farmers Market,Oakland,19,12,2,8,mainGameOrder22,Sprouts Farmers Market,Oakland,22,8.25,2,8,mainGameOrder23,Sprouts Farmers Market,Oakland,24,8.25,6,8,mainGameOrder24,Sprouts Farmers Market,Oakland,18,9.75,2,8,mainGameOrder23+mainGameOrder22,1.4154,mainGameOrder22+mainGameOrder23+mainGameOrder24,1.4463,mainGameOrder22,0.0214,over_bundle,1,0,0.1038,1,,,
p044,7,mainGameScenario7,Oakland,mainGameOrder25,Sprouts Farmers Market,Oakland,12,13.5,4,0,mainGameOrder26,Target,Emeryville,17,13.5,2,8,mainGameOrder27,Sprouts Farmers Market,Oakland,21,9,4,0,mainGameOrder28,Sprouts Farmers Market,Oakland,21,8.25,3,0,mainGameOrder28+mainGameOrder27,1.732,mainGameOrder28,1.8667,mainGameOrder28,0.0722,over_bundle,0,0.0722,0.0722,1,,,
p044,8,mainGameScenario8,Oakland,mainGameOrder29,Sprouts Farmers Market,Oakland,17,8.25,3,0,mainGameOrder30,Sprouts Farmers Market,Oakland,15,13.5,6,0,mainGameOrder31,Sprouts Farmers Market,Oakland,15,12.75,5,0,mainGameOrder32,Sprouts Farmers Market,Oakland,14,8.25,3,0,mainGameOrder29+mainGameOrder32,1.3778,mainGameOrder29,1.5111,mainGameOrder29,0.0882,over_bundle,0,0.0882,0.0882,1,,,
p044,9,mainGameScenario9,Oakland,mainGameOrder33,Safeway,Piedmont,12,8.1,3,8,mainGameOrder34,Target,Emeryville,17,15.3,6,8,mainGameOrder35,Safeway,Piedmont,12,11.1,5,8,mainGameOrder36,Safeway,Piedmont,13,11.1,5,8,mainGameOrder35+mainGameOrder36,0.6684,mainGameOrder33+mainGameOrder35+mainGameOrder36,0.7856,mainGameOrder33+mainGameOrder35+mainGameOrder36,0.1491,bundle_correct,0,0.1491,0.0644,1,,,
p044,10,mainGameScenario10,Piedmont,mainGameOrder37,Safeway,Piedmont,14,8.1,5,0,mainGameOrder38,Safeway,Piedmont,20,8.1,6,0,mainGameOrder39,Safeway,Piedmont,19,7.4,6,0,mainGameOrder40,Safeway,Piedmont,23,11.8,2,0,mainGameOrder40+mainGameOrder38,1.6667,mainGameOrder39+mainGameOrder40,1.6733,mainGameOrder39+mainGameOrder40,0.004,bundle_correct,0,0.004,0.1056,1,,,
p044,11,mainGameScenario11,Piedmont,mainGameOrder41,Berkeley Bowl,Berkeley,13,7.8,2,14,mainGameOrder42,Target,Emeryville,19,7.8,2,10,mainGameOrder43,Target,Emeryville,18,8.7,5,10,mainGameOrder44,Target,Emeryville,15,13.5,3,10,mainGameOrder44+mainGameOrder43,0.9016,mainGameOrder42+mainGameOrder43,1.1672,mainGameOrder42+mainGameOrder43,0.2275,bundle_correct,0,0.2275,0.1326,1,,,
p044,12,mainGameScenario12,Emeryville,mainGameOrder45,Target,Emeryville,16,13.5,3,0,mainGameOrder46,Target,Emeryville,14,9.6,5,0,mainGameOrder47,Target,Emeryville,22,13.5,6,0,mainGameOrder48,Target,Emeryville,14,13.5,2,0,mainGameOrder47+mainGameOrder45,1.1411,mainGameOrder45+mainGameOrder46+mainGameOrder47,1.1504,mainGameOrder45+mainGameOrder46+mainGameOrder47,0.0081,bundle_correct,0,0.0081,0.0603,1,,,
p044,13,mainGameScenario13,Emeryville,mainGameOrder49,Target,Emeryville,24,11.7,2,0,mainGameOrder50,Berkeley Bowl,Berkeley,17,8.4,6,8,mainGameOrder51,Berkeley Bowl,Berkeley,14,7.8,5,8,mainGameOrder52,Target,Emeryville,12,9.6,5,0,mainGameOrder50+mainGameOrder51,0.9118,mainGameOrder49,1.7518,mainGameOrder49,0.4795,over_bundle,0,0.4795,0.4795,1,,,
p044,14,mainGameScenario14,Berkeley,mainGameOrder53,Target,Emeryville,21,13.5,6,8,mainGameOrder54,Target,Emeryville,14,13.5,5,8,mainGameOrder55,Target,Emeryville,22,13.5,6,8,mainGameOrder56,Target,Emeryville,18,7.8,6,8,mainGameOrder55+mainGameOrder53,0.9908,mainGameOrder53+mainGameOrder55+mainGameOrder56,1.1011,mainGameOrder56,0.1002,over_bundle,1,0,0.04,1,,,
p044,15,mainGameScenario15,Emeryville,mainGameOrder57,Safeway,Piedmont,22,7.4,4,10,mainGameOrder58,Sprouts Farmers Market,Oakland,18,13.5,2,8,mainGameOrder59,Safeway,Piedmont,17,7.4,4,10,mainGameOrder60,Safeway,Piedmont,22,11.8,5,10,mainGameOrder60+mainGameOrder57,1.2188,mainGameOrder57+mainGameOrder59+mainGameOrder60,1.3436,mainGameOrder57+mainGameOrder59+mainGameOrder60,0.0929,bundle_correct,0,0.0929,0.0445,1,,,
p044,16,mainGameScenario16,Piedmont,mainGameOrder61,Safeway,Piedmont,24,12.5,3,0,mainGameOrder62,Safeway,Piedmont,24,8.1,2,0,mainGameOrder63,Safeway,Piedmont,18,12.5,4,0,mainGameOrder64,Safeway,Piedmont,22,11.1,2,0,mainGameOrder61+mainGameOrder64,1.7829,mainGameOrder62,2.3762,mainGameOrder62,0.2497,over_bundle,0,0.2497,0.076,1,,,
p044,17,mainGameScenario17,Piedmont,mainGameOrder65,Safeway,Piedmont,19,7.4,6,0,mainGameOrder66,Sprouts Farmers Market,Oakland,22,7.5,3,8,mainGameOrder67,Sprouts Farmers Market,Oakland,17,12.75,6,8,mainGameOrder68,Sprouts Farmers Market,Oakland,13,12.75,6,8,mainGameOrder65,1.4179,mainGameOrder65,1.4179,mainGameOrder66,0,over_bundle,1,0,0.5763,1,,,
p044,18,mainGameScenario18,Piedmont,mainGameOrder69,Sprouts Farmers Market,Oakland,14,8.25,5,8,mainGameOrder70,Sprouts Farmers Market,Oakland,13,8.25,3,8,mainGameOrder71,Sprouts Farmers Market,Oakland,22,14.25,3,8,mainGameOrder72,Sprouts Farmers Market,Oakland,19,9,4,8,mainGameOrder71+mainGameOrder72,1.0719,mainGameOrder70+mainGameOrder71+mainGameOrder72,1.0909,mainGameOrder71+mainGameOrder72,0.0174,bundle_correct,1,0,0.0552,1,,,
p045,1,mainGameScenario1,Berkeley,mainGameOrder1,Berkeley Bowl,Berkeley,22,7.8,3,0,mainGameOrder2,Berkeley Bowl,Berkeley,22,8.4,6,0,mainGameOrder3,Berkeley Bowl,Berkeley,15,9,4,0,mainGameOrder4,Sprouts Farmers Market,Oakland,18,9.75,2,12,mainGameOrder1+mainGameOrder2+mainGameOrder3,1.6761,mainGameOrder1,2.037,mainGameOrder1,0.1772,over_bundle,0,0.1772,0.184,1,,,
p045,2,mainGameScenario2,Berkeley,mainGameOrder5,Berkeley Bowl,Berkeley,24,12,5,0,mainGameOrder6,Berkeley Bowl,Berkeley,15,11.4,4,0,mainGameOrder7,Berkeley Bowl,Berkeley,15,12,2,0,mainGameOrder8,Berkeley Bowl,Berkeley,20,7.8,3,0,mainGameOrder5+mainGameOrder8+mainGameOrder7,1.5206,mainGameOrder8,1.8519,mainGameOrder8,0.1789,over_bundle,0,0.1789,0.1789,1,,,
p045,3,mainGameScenario3,Berkeley,mainGameOrder9,Berkeley Bowl,Berkeley,15,13.2,3,0,mainGameOrder10,Sprouts Farmers Market,Oakland,23,12.75,3,12,mainGameOrder11,Berkeley Bowl,Berkeley,23,12,6,0,mainGameOrder12,Berkeley Bowl,Berkeley,16,7.8,6,0,mainGameOrder11+mainGameOrder12+mainGameOrder9,1.2162,mainGameOrder11,1.2778,mainGameOrder11,0.0482,over_bundle,0,0.0482,0.3444,1,,,
p045,4,mainGameScenario4,Berkeley,mainGameOrder13,Berkeley Bowl,Berkeley,17,7.2,4,0,mainGameOrder14,Berkeley Bowl,Berkeley,17,7.8,2,0,mainGameOrder15,Berkeley Bowl,Berkeley,20,12,2,0,mainGameOrder16,Berkeley Bowl,Berkeley,16,11.4,6,0,mainGameOrder15+mainGameOrder13+mainGameOrder14,1.6875,mainGameOrder14,1.7347,mainGameOrder14,0.0272,over_bundle,0,0.0272,0.0272,1,,,
p045,5,mainGameScenario5,Berkeley,mainGameOrder17,Sprouts Farmers Market,Oakland,14,7.5,4,12,mainGameOrder18,Safeway,Piedmont,20,12.5,5,14,mainGameOrder19,Sprouts Farmers Market,Oakland,17,8.25,4,12,mainGameOrder20,Safeway,Piedmont,13,8.1,4,14,mainGameOrder18+mainGameOrder20,0.782,mainGameOrder17+mainGameOrder19,0.8671,mainGameOrder17+mainGameOrder19,0.0982,bundle_correct,0,0.0982,0.3431,1,,,
p045,6,mainGameScenario6,Piedmont,mainGameOrder21,Sprouts Farmers Market,Oakland,19,12,2,8,mainGameOrder22,Sprouts Farmers Market,Oakland,22,8.25,2,8,mainGameOrder23,Sprouts Farmers Market,Oakland,24,8.25,6,8,mainGameOrder24,Sprouts Farmers Market,Oakland,18,9.75,2,8,mainGameOrder23+mainGameOrder22,1.4154,mainGameOrder22+mainGameOrder23+mainGameOrder24,1.4463,mainGameOrder22,0.0214,over_bundle,1,0,0.1038,1,,,
p045,7,mainGameScenario7,Oakland,mainGameOrder25,Sprouts Farmers Market,Oakland,12,13.5,4,0,mainGameOrder26,Target,Emeryville,17,13.5,2,8,mainGameOrder27,Sprouts Farmers Market,Oakland,21,9,4,0,mainGameOrder28,Sprouts Farmers Market,Oakland,21,8.25,3,0,mainGameOrder28+mainGameOrder27,1.732,mainGameOrder28,1.8667,mainGameOrder28,0.0722,over_bundle,0,0.0722,0.0722,1,,,
p045,8,mainGameScenario8,Oakland,mainGameOrder29,Sprouts Farmers Market,Oakland,17,8.25,3,0,mainGameOrder30,Sprouts Farmers Market,Oakland,15,13.5,6,0,mainGameOrder31,Sprouts Farmers Market,Oakland,15,12.75,5,0,mainGameOrder32,Sprouts Farmers Market,Oakland,14,8.25,3,0,mainGameOrder29+mainGameOrder32,1.3778,mainGameOrder29,1.5111,mainGameOrder29,0.0882,over_bundle,0,0.0882,0.0882,1,,,
p045,9,mainGameScenario9,Oakland,mainGameOrder33,Safeway,Piedmont,12,8.1,3,8,mainGameOrder34,Target,Emeryville,17,15.3,6,8,mainGameOrder35,Safeway,Piedmont,12,11.1,5,8,mainGameOrder36,Safeway,Piedmont,13,11.1,5,8,mainGameOrder33,0.6283,mainGameOrder33+mainGameOrder35+mainGameOrder36,0.7856,mainGameOrder33+mainGameOrder35+mainGameOrder36,0.2002,bundle_correct,0,0.2002,0.3139,1,,,
p045,10,mainGameScenario10,Piedmont,mainGameOrder37,Safeway,Piedmont,14,8.1,5,0,mainGameOrder38,Safeway,Piedmont,20,8.1,6,0,mainGameOrder39,Safeway,Piedmont,19,7.4,6,0,mainGameOrder40,Safeway,Piedmont,23,11.8,2,0,mainGameOrder39+mainGameOrder38+mainGameOrder40,1.6712,mainGameOrder39+mainGameOrder40,1.6733,mainGameOrder39+mainGameOrder40,0.0013,bundle_correct,0,0.0013,0.0013,0,,,
p045,11,mainGameScenario11,Piedmont,mainGameOrder41,Berkeley Bowl,Berkeley,13,7.8,2,14,mainGameOrder42,Target,Emeryville,19,7.8,2,10,mainGameOrder43,Target,Emeryville,18,8.7,5,10,mainGameOrder44,Target,Emeryville,15,13.5,3,10,mainGameOrder43+mainGameOrder44+mainGameOrder42,1.1659,mainGameOrder42+mainGameOrder43,1.1672,mainGameOrder42+mainGameOrder43,0.0011,bundle_correct,0,0.0011,0.2237,1,,,
p045,12,mainGameScenario12,Emeryville,mainGameOrder45,Target,Emeryville,16,13.5,3,0,mainGameOrder46,Target,Emeryville,14,9.6,5,0,mainGameOrder47,Target,Emeryville,22,13.5,6,0,mainGameOrder48,Target,Emeryville,14,13.5,2,0,mainGameOrder46+mainGameOrder47+mainGameOrder45,1.1504,mainGameOrder45+mainGameOrder46+mainGameOrder47,1.1504,mainGameOrder45+mainGameOrder46+mainGameOrder47,0,bundle_correct,0,0,0,0,,,
p045,13,mainGameScenario13,Emeryville,mainGameOrder49,Target,Emeryville,24,11.7,2,0,mainGameOrder50,Berkeley Bowl,Berkeley,17,8.4,6,8,mainGameOrder51,Berkeley Bowl,Berkeley,14,7.8,5,8,mainGameOrder52,Target,Emeryville,12,9.6,5,0,mainGameOrder49+mainGameOrder52,1.3139,mainGameOrder49,1.7518,mainGameOrder49,0.25,over_bundle,0,0.25,0.2005,1,,,
p045,14,mainGameScenario14,Emeryville,mainGameOrder53,Target,Emeryville,21,13.5,6,0,mainGameOrder54,Target,Emeryville,14,13.5,5,0,mainGameOrder55,Target,Emeryville,22,13.5,6,0,mainGameOrder56,Target,Emeryville,18,7.8,6,0,mainGameOrder56,1.3043,mainGameOrder56,1.3043,mainGameOrder56,0,over_bundle,0,0,0.2883,1,,,
p045,15,mainGameScenario15,Emeryville,mainGameOrder57,Safeway,Piedmont,22,7.4,4,10,mainGameOrder58,Sprouts Farmers Market,Oakland,18,13.5,2,8,mainGameOrder59,Safeway,Piedmont,17,7.4,4,10,mainGameOrder60,Safeway,Piedmont,22,11.8,5,10,mainGameOrder59,0.7944,mainGameOrder57+mainGameOrder59+mainGameOrder60,1.3436,mainGameOrder57+mainGameOrder59+mainGameOrder60,0.4088,bundle_correct,0,0.4088,0.2307,1,,,
p046,1,mainGameScenario1,Berkeley,mainGameOrder1,Berkeley Bowl,Berkeley,22,7.8,3,0,mainGameOrder2,Berkeley Bowl,Berkeley,22,8.4,6,0,mainGameOrder3,Berkeley Bowl,Berkeley,15,9,4,0,mainGameOrder4,Sprouts Farmers Market,Oakland,18,9.75,2,12,mainGameOrder1,2.037,mainGameOrder1,2.037,mainGameOrder1,0,over_bundle,0,0,0.3701,1,,,
p046,2,mainGameScenario2,Berkeley,mainGameOrder5,Berkeley Bowl,Berkeley,24,12,5,0,mainGameOrder6,Berkeley Bowl,Berkeley,15,11.4,4,0,mainGameOrder7,Berkeley Bowl,Berkeley,15,12,2,0,mainGameOrder8,Berkeley Bowl,Berkeley,20,7.8,3,0,mainGameOrder5+mainGameOrder8,1.6541,mainGameOrder8,1.8519,mainGameOrder8,0.1068,over_bundle,0,0.1068,0.1068,1,,,
p046,3,mainGameScenario3,Berkeley,mainGameOrder9,Berkeley Bowl,Berkeley,15,13.2,3,0,mainGameOrder10,Sprouts Farmers Market,Oakland,23,12.75,3,12,mainGameOrder11,Berkeley Bowl,Berkeley,23,12,6,0,mainGameOrder12,Berkeley Bowl,Berkeley,16,7.8,6,0,mainGameOrder11+mainGameOrder12+mainGameOrder9,1.2162,mainGameOrder11,1.2778,mainGameOrder11,0.0482,over_bundle,0,0.0482,0.3444,1,,,
p046,4,mainGameScenario4,Berkeley,mainGameOrder13,Berkeley Bowl,Berkeley,17,7.2,4,0,mainGameOrder14,Berkeley Bowl,Berkeley,17,7.8,2,0,mainGameOrder15,Berkeley Bowl,Berkeley,20,12,2,0,mainGameOrder16,Berkeley Bowl,Berkeley,16,11.4,6,0,mainGameOrder15+mainGameOrder13+mainGameOrder14,1.6875,mainGameOrder14,1.7347,mainGameOrder14,0.0272,over_bundle,0,0.0272,0.0272,1,,,
p046,5,mainGameScenario5,Berkeley,mainGameOrder17,Sprouts Farmers Market,Oakland,14,7.5,4,12,mainGameOrder18,Safeway,Piedmont,20,12.5,5,14,mainGameOrder19,Sprouts Farmers Market,Oakland,17,8.25,4,12,mainGameOrder20,Safeway,Piedmont,13,8.1,4,14,mainGameOrder18+mainGameOrder20,0.782,mainGameOrder17+mainGameOrder19,0.8671,mainGameOrder17+mainGameOrder19,0.0982,bundle_correct,0,0.0982,0.3431,1,,,
p046,6,mainGameScenario6,Piedmont,mainGameOrder21,Sprouts Farmers Market,Oakland,19,12,2,8,mainGameOrder22,Sprouts Farmers Market,Oakland,22,8.25,2,8,mainGameOrder23,Sprouts Farmers Market,Oakland,24,8.25,6,8,mainGameOrder24,Sprouts Farmers Market,Oakland,18,9.75,2,8,mainGameOrder22+mainGameOrder23+mainGameOrder24,1.4463,mainGameOrder22+mainGameOrder23+mainGameOrder24,1.4463,mainGameOrder22,0,over_bundle,1,0,0.1774,1,,,
p046,7,mainGameScenario7,Oakland,mainGameOrder25,Sprouts Farmers Market,Oakland,12,13.5,4,0,mainGameOrder26,Target,Emeryville,17,13.5,2,8,mainGameOrder27,Sprouts Farmers Market,Oakland,21,9,4,0,mainGameOrder28,Sprouts Farmers Market,Oakland,21,8.25,3,0,mainGameOrder28+mainGameOrder27+mainGameOrder25,1.2934,mainGameOrder28,1.8667,mainGameOrder28,0.3071,over_bundle,0,0.3071,0.1742,1,,,
p046,8,mainGameScenario8,Oakland,mainGameOrder29,Sprouts Farmers Market,Oakland,17,8.25,3,0,mainGameOrder30,Sprouts Farmers Market,Oakland,15,13.5,6,0,mainGameOrder31,Sprouts Farmers Market,Oakland,15,12.75,5,0,mainGameOrder32,Sprouts Farmers Market,Oakland,14,8.25,3,0,mainGameOrder32+mainGameOrder29,1.3778,mainGameOrder29,1.5111,mainGameOrder29,0.0882,over_bundle,0,0.0882,0.0882,1,,,
p046,9,mainGameScenario9,Oakland,mainGameOrder33,Safeway,Piedmont,12,8.1,3,8,mainGameOrder34,Target,Emeryville,17,15.3,6,8,mainGameOrder35,Safeway,Piedmont,12,11.1,5,8,mainGameOrder36,Safeway,Piedmont,13,11.1,5,8,mainGameOrder36+mainGameOrder35+mainGameOrder33,0.7856,mainGameOrder33+mainGameOrder35+mainGameOrder36,0.7856,mainGameOrder33+mainGameOrder35+mainGameOrder36,0,bundle_correct,0,0,0.1247,1,,,
p046,10,mainGameScenario10,Piedmont,mainGameOrder37,Safeway,Piedmont,14,8.1,5,0,mainGameOrder38,Safeway,Piedmont,20,8.1,6,0,mainGameOrder39,Safeway,Piedmont,19,7.4,6,0,mainGameOrder40,Safeway,Piedmont,23,11.8,2,0,mainGameOrder40+mainGameOrder39+mainGameOrder37,1.5217,mainGameOrder39+mainGameOrder40,1.6733,mainGameOrder39+mainGameOrder40,0.0906,bundle_correct,0,0.0906,0.0009,0,,,
p046,11,mainGameScenario11,Piedmont,mainGameOrder41,Berkeley Bowl,Berkeley,13,7.8,2,14,mainGameOrder42,Target,Emeryville,19,7.8,2,10,mainGameOrder43,Target,Emeryville,18,8.7,5,10,mainGameOrder44,Target,Emeryville,15,13.5,3,10,mainGameOrder42+mainGameOrder43+mainGameOrder44,1.1659,mainGameOrder42+mainGameOrder43,1.1672,mainGameOrder42+mainGameOrder43,0.0011,bundle_correct,0,0.0011,0.2237,1,,,
p046,12,mainGameScenario12,Emeryville,mainGameOrder45,Target,Emeryville,16,13.5,3,0,mainGameOrder46,Target,Emeryville,14,9.6,5,0,mainGameOrder47,Target,Emeryville,22,13.5,6,0,mainGameOrder48,Target,Emeryville,14,13.5,2,0,mainGameOrder47+mainGameOrder45+mainGameOrder46,1.1504,mainGameOrder45+mainGameOrder46+mainGameOrder47,1.1504,mainGameOrder45+mainGameOrder46+mainGameOrder47,0,bundle_correct,0,0,0,0,,,
p046,13,mainGameScenario13,Emeryville,mainGameOrder49,Target,Emeryville,24,11.7,2,0,mainGameOrder50,Berkeley Bowl,Berkeley,17,8.4,6,8,mainGameOrder51,Berkeley Bowl,Berkeley,14,7.8,5,8,mainGameOrder52,Target,Emeryville,12,9.6,5,0,mainGameOrder49+mainGameOrder52,1.3139,mainGameOrder49,1.7518,mainGameOrder49,0.25,over_bundle,0,0.25,0.2005,1,,,
p047,1,mainGameScenario1,Berkeley,mainGameOrder1,Berkeley Bowl,Berkeley,22,7.8,3,0,mainGameOrder2,Berkeley Bowl,Berkeley,22,8.4,6,0,mainGameOrder3,Berkeley Bowl,Berkeley,15,9,4,0,mainGameOrder4,Sprouts Farmers Market,Oakland,18,9.75,2,12,mainGameOrder1,2.037,mainGameOrder1,2.037,mainGameOrder1,0,over_bundle,0,0,0.3701,1,,,
p047,2,mainGameScenario2,Berkeley,mainGameOrder5,Berkeley Bowl,Berkeley,24,12,5,0,mainGameOrder6,Berkeley Bowl,Berkeley,15,11.4,4,0,mainGameOrder7,Berkeley Bowl,Berkeley,15,12,2,0,mainGameOrder8,Berkeley Bowl,Berkeley,20,7.8,3,0,mainGameOrder5+mainGameOrder8,1.6541,mainGameOrder8,1.8519,mainGameOrder8,0.1068,over_bundle,0,0.1068,0.1068,1,,,
p047,3,mainGameScenario3,Berkeley,mainGameOrder9,Berkeley Bowl,Berkeley,15,13.2,3,0,mainGameOrder10,Sprouts Farmers Market,Oakland,23,12.75,3,12,mainGameOrder11,Berkeley Bowl,Berkeley,23,12,6,0,mainGameOrder12,Berkeley Bowl,Berkeley,16,7.8,6,0,mainGameOrder11+mainGameOrder12,1.25,mainGameOrder11,1.2778,mainGameOrder11,0.0217,over_bundle,0,0.0217,0.3601,1,,,
p047,4,mainGameScenario4,Berkeley,mainGameOrder13,Berkeley Bowl,Berkeley,17,7.2,4,0,mainGameOrder14,Berkeley Bowl,Berkeley,17,7.8,2,0,mainGameOrder15,Berkeley Bowl,Berkeley,20,12,2,0,mainGameOrder16,Berkeley Bowl,Berkeley,16,11.4,6,0,mainGameOrder15+mainGameOrder14,1.6372,mainGameOrder14,1.7347,mainGameOrder14,0.0562,over_bundle,0,0.0562,0.0826,1,,,
p047,5,mainGameScenario5,Berkeley,mainGameOrder17,Sprouts Farmers Market,Oakland,14,7.5,4,12,mainGameOrder18,Safeway,Piedmont,20,12.5,5,14,mainGameOrder19,Sprouts Farmers Market,Oakland,17,8.25,4,12,mainGameOrder20,Safeway,Piedmont,13,8.1,4,14,mainGameOrder17+mainGameOrder19,0.8671,mainGameOrder17+mainGameOrder19,0.8671,mainGameOrder17+mainGameOrder19,0,bundle_correct,0,0,0.1656,1,,,
p047,6,mainGameScenario6,Oakland,mainGameOrder21,Sprouts Farmers Market,Oakland,19,12,2,0,mainGameOrder22,Sprouts Farmers Market,Oakland,22,8.25,2,0,mainGameOrder23,Sprouts Farmers Market,Oakland,24,8.25,6,0,mainGameOrder24,Sprouts Farmers Market,Oakland,18,9.75,2,0,mainGameOrder22+mainGameOrder23,1.8776,mainGameOrder22,2.1463,mainGameOrder22,0.1252,over_bundle,0,0.1252,0.1038,1,,,
p047,7,mainGameScenario7,Oakland,mainGameOrder25,Sprouts Farmers Market,Oakland,12,13.5,4,0,mainGameOrder26,Target,Emeryville,17,13.5,2,8,mainGameOrder27,Sprouts Farmers Market,Oakland,21,9,4,0,mainGameOrder28,Sprouts Farmers Market,Oakland,21,8.25,3,0,mainGameOrder27+mainGameOrder28,1.732,mainGameOrder28,1.8667,mainGameOrder28,0.0722,over_bundle,0,0.0722,0.0722,1,,,
p047,8,mainGameScenario8,Oakland,mainGameOrder29,Sprouts Farmers Market,Oakland,17,8.25,3,0,mainGameOrder30,Sprouts Farmers Market,Oakland,15,13.5,6,0,mainGameOrder31,Sprouts Farmers Market,Oakland,15,12.75,5,0,mainGameOrder32,Sprouts Farmers Market,Oakland,14,8.25,3,0,mainGameOrder29+mainGameOrder32,1.3778,mainGameOrder29,1.5111,mainGameOrder29,0.0882,over_bundle,0,0.0882,0.0882,1,,,
p047,9,mainGameScenario9,Oakland,mainGameOrder33,Safeway,Piedmont,12,8.1,3,8,mainGameOrder34,Target,Emeryville,17,15.3,6,8,mainGameOrder35,Safeway,Piedmont,12,11.1,5,8,mainGameOrder36,Safeway,Piedmont,13,11.1,5,8,mainGameOrder33+mainGameOrder36,0.7396,mainGameOrder33+mainGameOrder35+mainGameOrder36,0.7856,mainGameOrder33+mainGameOrder35+mainGameOrder36,0.0585,bundle_correct,0,0.0585,0.0666,1,,,
p047,10,mainGameScenario10,Piedmont,mainGameOrder37,Safeway,Piedmont,14,8.1,5,0,mainGameOrder38,Safeway,Piedmont,20,8.1,6,0,mainGameOrder39,Safeway,Piedmont,19,7.4,6,0,mainGameOrder40,Safeway,Piedmont,23,11.8,2,0,mainGameOrder38+mainGameOrder40+mainGameOrder39,1.6712,mainGameOrder39+mainGameOrder40,1.6733,mainGameOrder39+mainGameOrder40,0.0013,bundle_correct,0,0.0013,0.0013,0,,,
p047,11,mainGameScenario11,Piedmont,mainGameOrder41,Berkeley Bowl,Berkeley,13,7.8,2,14,mainGameOrder42,Target,Emeryville,19,7.8,2,10,mainGameOrder43,Target,Emeryville,18,8.7,5,10,mainGameOrder44,Target,Emeryville,15,13.5,3,10,mainGameOrder42+mainGameOrder43+mainGameOrder44,1.1659,mainGameOrder42+mainGameOrder43,1.1672,mainGameOrder42+mainGameOrder43,0.0011,bundle_correct,0,0.0011,0.2237,1,,,
p047,12,mainGameScenario12,Emeryville,mainGameOrder45,Target,Emeryville,16,13.5,3,0,mainGameOrder46,Target,Emeryville,14,9.6,5,0,mainGameOrder47,Target,Emeryville,22,13.5,6,0,mainGameOrder48,Target,Emeryville,14,13.5,2,0,mainGameOrder45+mainGameOrder46+mainGameOrder47,1.1504,mainGameOrder45+mainGameOrder46+mainGameOrder47,1.1504,mainGameOrder45+mainGameOrder46+mainGameOrder47,0,bundle_correct,0,0,0,0,,,
p047,13,mainGameScenario13,Emeryville,mainGameOrder49,Target,Emeryville,24,11.7,2,0,mainGameOrder50,Berkeley Bowl,Berkeley,17,8.4,6,8,mainGameOrder51,Berkeley Bowl,Berkeley,14,7.8,5,8,mainGameOrder52,Target,Emeryville,12,9.6,5,0,mainGameOrder49+mainGameOrder52,1.3139,mainGameOrder49,1.7518,mainGameOrder49,0.25,over_bundle,0,0.25,0.2005,1,,,
p047,14,mainGameScenario14,Emeryville,mainGameOrder53,Target,Emeryville,21,13.5,6,0,mainGameOrder54,Target,Emeryville,14,13.5,5,0,mainGameOrder55,Target,Emeryville,22,13.5,6,0,mainGameOrder56,Target,Emeryville,18,7.8,6,0,mainGameOrder55+mainGameOrder56,1.2698,mainGameOrder56,1.3043,mainGameOrder56,0.0265,over_bundle,0,0.0265,0.0666,1,,,
p047,15,mainGameScenario15,Emeryville,mainGameOrder57,Safeway,Piedmont,22,7.4,4,10,mainGameOrder58,Sprouts Farmers Market,Oakland,18,13.5,2,8,mainGameOrder59,Safeway,Piedmont,17,7.4,4,10,mainGameOrder60,Safeway,Piedmont,22,11.8,5,10,mainGameOrder57+mainGameOrder59,1.2704,mainGameOrder57+mainGameOrder59+mainGameOrder60,1.3436,mainGameOrder57+mainGameOrder59+mainGameOrder60,0.0545,bundle_correct,0,0.0545,0.0661,1,,,
p048,1,mainGameScenario1,Berkeley,mainGameOrder1,Berkeley Bowl,Berkeley,22,7.8,3,0,mainGameOrder2,Berkeley Bowl,Berkeley,22,8.4,6,0,mainGameOrder3,Berkeley Bowl,Berkeley,15,9,4,0,mainGameOrder4,Sprouts Farmers Market,Oakland,18,9.75,2,12,mainGameOrder2+mainGameOrder1+mainGameOrder3,1.6761,mainGameOrder1,2.037,mainGameOrder1,0.1772,over_bundle,0,0.1772,0.184,1,,,
p048,2,mainGameScenario2,Berkeley,mainGameOrder5,Berkeley Bowl,Berkeley,24,12,5,0,mainGameOrder6,Berkeley Bowl,Berkeley,15,11.4,4,0,mainGameOrder7,Berkeley Bowl,Berkeley,15,12,2,0,mainGameOrder8,Berkeley Bowl,Berkeley,20,7.8,3,0,mainGameOrder8+mainGameOrder5+mainGameOrder7,1.5206,mainGameOrder8,1.8519,mainGameOrder8,0.1789,over_bundle,0,0.1789,0.1789,1,,,
p048,3,mainGameScenario3,Berkeley,mainGameOrder9,Berkeley Bowl,Berkeley,15,13.2,3,0,mainGameOrder10,Sprouts Farmers Market,Oakland,23,12.75,3,12,mainGameOrder11,Berkeley Bowl,Berkeley,23,12,6,0,mainGameOrder12,Berkeley Bowl,Berkeley,16,7.8,6,0,mainGameOrder11+mainGameOrder12+mainGameOrder9,1.2162,mainGameOrder11,1.2778,mainGameOrder11,0.0482,over_bundle,0,0.0482,0.2992,1,,,
p048,4,mainGameScenario4,Berkeley,mainGameOrder13,Berkeley Bowl,Berkeley,17,7.2,4,0,mainGameOrder14,Berkeley Bowl,Berkeley,17,7.8,2,0,mainGameOrder15,Berkeley Bowl,Berkeley,20,12,2,0,mainGameOrder16,Berkeley Bowl,Berkeley,16,11.4,6,0,mainGameOrder13+mainGameOrder14+mainGameOrder15,1.6875,mainGameOrder14,1.7347,mainGameOrder14,0.0272,over_bundle,0,0.0272,0.0272,1,,,
p048,5,mainGameScenario5,Berkeley,mainGameOrder17,Sprouts Farmers Market,Oakland,14,7.5,4,12,mainGameOrder18,Safeway,Piedmont,20,12.5,5,14,mainGameOrder19,Sprouts Farmers Market,Oakland,17,8.25,4,12,mainGameOrder20,Safeway,Piedmont,13,8.1,4,14,mainGameOrder19+mainGameOrder17,0.8671,mainGameOrder17+mainGameOrder19,0.8671,mainGameOrder17+mainGameOrder19,0,bundle_correct,0,0,0.1656,1,,,
p048,6,mainGameScenario6,Oakland,mainGameOrder21,Sprouts Farmers Market,Oakland,19,12,2,0,mainGameOrder22,Sprouts Farmers Market,Oakland,22,8.25,2,0,mainGameOrder23,Sprouts Farmers Market,Oakland,24,8.25,6,0,mainGameOrder24,Sprouts Farmers Market,Oakland,18,9.75,2,0,mainGameOrder23+mainGameOrder22,1.8776,mainGameOrder22,2.1463,mainGameOrder22,0.1252,over_bundle,0,0.1252,0.1038,1,,,
p048,7,mainGameScenario7,Oakland,mainGameOrder25,Sprouts Farmers Market,Oakland,12,13.5,4,0,mainGameOrder26,Target,Emeryville,17,13.5,2,8,mainGameOrder27,Sprouts Farmers Market,Oakland,21,9,4,0,mainGameOrder28,Sprouts Farmers Market,Oakland,21,8.25,3,0,mainGameOrder28+mainGameOrder27,1.732,mainGameOrder28,1.8667,mainGameOrder28,0.0722,over_bundle,0,0.0722,0.0722,1,,,
p048,8,mainGameScenario8,Oakland,mainGameOrder29,Sprouts Farmers Market,Oakland,17,8.25,3,0,mainGameOrder30,Sprouts Farmers Market,Oakland,15,13.5,6,0,mainGameOrder31,Sprouts Farmers Market,Oakland,15,12.75,5,0,mainGameOrder32,Sprouts Farmers Market,Oakland,14,8.25,3,0,mainGameOrder29+mainGameOrder30,1.0407,mainGameOrder29,1.5111,mainGameOrder29,0.3113,over_bundle,0,0.3113,0.1444,1,,,
p048,9,mainGameScenario9,Oakland,mainGameOrder33,Safeway,Piedmont,12,8.1,3,8,mainGameOrder34,Target,Emeryville,17,15.3,6,8,mainGameOrder35,Safeway,Piedmont,12,11.1,5,8,mainGameOrder36,Safeway,Piedmont,13,11.1,5,8,mainGameOrder36+mainGameOrder35,0.6684,mainGameOrder33+mainGameOrder35+mainGameOrder36,0.7856,mainGameOrder33+mainGameOrder35+mainGameOrder36,0.1491,bundle_correct,0,0.1491,0.0644,1,,,
p049,1,mainGameScenario1,Berkeley,mainGameOrder1,Berkeley Bowl,Berkeley,22,7.8,3,0,mainGameOrder2,Berkeley Bowl,Berkeley,22,8.4,6,0,mainGameOrder3,Berkeley Bowl,Berkeley,15,9,4,0,mainGameOrder4,Sprouts Farmers Market,Oakland,18,9.75,2,12,mainGameOrder2+mainGameOrder1+mainGameOrder3,1.6761,mainGameOrder1,2.037,mainGameOrder1,0.1772,over_bundle,0,0.1772,0.184,1,,,
p049,2,mainGameScenario2,Berkeley,mainGameOrder5,Berkeley Bowl,Berkeley,24,12,5,0,mainGameOrder6,Berkeley Bowl,Berkeley,15,11.4,4,0,mainGameOrder7,Berkeley Bowl,Berkeley,15,12,2,0,mainGameOrder8,Berkeley Bowl,Berkeley,20,7.8,3,0,mainGameOrder5+mainGameOrder8+mainGameOrder6,1.4899,mainGameOrder8,1.8519,mainGameOrder8,0.1955,over_bundle,0,0.1955,0.1805,1,,,
p049,3,mainGameScenario3,Berkeley,mainGameOrder9,Berkeley Bowl,Berkeley,15,13.2,3,0,mainGameOrder10,Sprouts Farmers Market,Oakland,23,12.75,3,12,mainGameOrder11,Berkeley Bowl,Berkeley,23,12,6,0,mainGameOrder12,Berkeley Bowl,Berkeley,16,7.8,6,0,mainGameOrder12+mainGameOrder11+mainGameOrder9,1.2162,mainGameOrder11,1.2778,mainGameOrder11,0.0482,over_bundle,0,0.0482,0.3444,1,,,
p049,4,mainGameScenario4,Berkeley,mainGameOrder13,Berkeley Bowl,Berkeley,17,7.2,4,0,mainGameOrder14,Berkeley Bowl,Berkeley,17,7.8,2,0,mainGameOrder15,Berkeley Bowl,Berkeley,20,12,2,0,mainGameOrder16,Berkeley Bowl,Berkeley,16,11.4,6,0,mainGameOrder13+mainGameOrder14+mainGameOrder15,1.6875,mainGameOrder14,1.7347,mainGameOrder14,0.0272,over_bundle,0,0.0272,0.0272,1,,,
p049,5,mainGameScenario5,Berkeley,mainGameOrder17,Sprouts Farmers Market,Oakland,14,7.5,4,12,mainGameOrder18,Safeway,Piedmont,20,12.5,5,14,mainGameOrder19,Sprouts Farmers Market,Oakland,17,8.25,4,12,mainGameOrder20,Safeway,Piedmont,13,8.1,4,14,mainGameOrder20+mainGameOrder18,0.782,mainGameOrder17+mainGameOrder19,0.8671,mainGameOrder17+mainGameOrder19,0.0982,bundle_correct,0,0.0982,0.3431,1,,,
p049,6,mainGameScenario6,Piedmont,mainGameOrder21,Sprouts Farmers Market,Oakland,19,12,2,8,mainGameOrder22,Sprouts Farmers Market,Oakland,22,8.25,2,8,mainGameOrder23,Sprouts Farmers Market,Oakland,24,8.25,6,8,mainGameOrder24,Sprouts Farmers Market,Oakland,18,9.75,2,8,mainGameOrder22+mainGameOrder21+mainGameOrder23,1.3978,mainGameOrder22+mainGameOrder23+mainGameOrder24,1.4463,mainGameOrder22,0.0335,over_bundle,1,0,0.1838,1,,,
p049,7,mainGameScenario7,Oakland,mainGameOrder25,Sprouts Farmers Market,Oakland,12,13.5,4,0,mainGameOrder26,Target,Emeryville,17,13.5,2,8,mainGameOrder27,Sprouts Farmers Market,Oakland,21,9,4,0,mainGameOrder28,Sprouts Farmers Market,Oakland,21,8.25,3,0,mainGameOrder28+mainGameOrder27+mainGameOrder25,1.2934,mainGameOrder28,1.8667,mainGameOrder28,0.3071,over_bundle,0,0.3071,0.1742,1,,,
p049,8,mainGameScenario8,Oakland,mainGameOrder29,Sprouts Farmers Market,Oakland,17,8.25,3,0,mainGameOrder30,Sprouts Farmers Market,Oakland,15,13.5,6,0,mainGameOrder31,Sprouts Farmers Market,Oakland,15,12.75,5,0,mainGameOrder32,Sprouts Farmers Market,Oakland,14,8.25,3,0,mainGameOrder29+mainGameOrder31+mainGameOrder30,0.9691,mainGameOrder29,1.5111,mainGameOrder29,0.3587,over_bundle,0,0.3587,0.2233,1,,,
p049,9,mainGameScenario9,Oakland,mainGameOrder33,Safeway,Piedmont,12,8.1,3,8,mainGameOrder34,Target,Emeryville,17,15.3,6,8,mainGameOrder35,Safeway,Piedmont,12,11.1,5,8,mainGameOrder36,Safeway,Piedmont,13,11.1,5,8,mainGameOrder36+mainGameOrder35+mainGameOrder33,0.7856,mainGameOrder33+mainGameOrder35+mainGameOrder36,0.7856,mainGameOrder33+mainGameOrder35+mainGameOrder36,0,bundle_correct,0,0,0.1247,1,,,
p049,10,mainGameScenario10,Piedmont,mainGameOrder37,Safeway,Piedmont,14,8.1,5,0,mainGameOrder38,Safeway,Piedmont,20,8.1,6,0,mainGameOrder39,Safeway,Piedmont,19,7.4,6,0,mainGameOrder40,Safeway,Piedmont,23,11.8,2,0,mainGameOrder40+mainGameOrder38+mainGameOrder39,1.6712,mainGameOrder39+mainGameOrder40,1.6733,mainGameOrder39+mainGameOrder40,0.0013,bundle_correct,0,0.0013,0.0013,0,,,
p049,11,mainGameScenario11,Piedmont,mainGameOrder41,Berkeley Bowl,Berkeley,13,7.8,2,14,mainGameOrder42,Target,Emeryville,19,7.8,2,10,mainGameOrder43,Target,Emeryville,18,8.7,5,10,mainGameOrder44,Target,Emeryville,15,13.5,3,10,mainGameOrder42+mainGameOrder43+mainGameOrder44,1.1659,mainGameOrder42+mainGameOrder43,1.1672,mainGameOrder42+mainGameOrder43,0.0011,bundle_correct,0,0.0011,0.2237,1,,,
p049,12,mainGameScenario12,Emeryville,mainGameOrder45,Target,Emeryville,16,13.5,3,0,mainGameOrder46,Target,Emeryville,14,9.6,5,0,mainGameOrder47,Target,Emeryville,22,13.5,6,0,mainGameOrder48,Target,Emeryville,14,13.5,2,0,mainGameOrder47+mainGameOrder45+mainGameOrder46,1.1504,mainGameOrder45+mainGameOrder46+mainGameOrder47,1.1504,mainGameOrder45+mainGameOrder46+mainGameOrder47,0,bundle_correct,0,0,0,0,,,
p049,13,mainGameScenario13,Emeryville,mainGameOrder49,Target,Emeryville,24,11.7,2,0,mainGameOrder50,Berkeley Bowl,Berkeley,17,8.4,6,8,mainGameOrder51,Berkeley Bowl,Berkeley,14,7.8,5,8,mainGameOrder52,Target,Emeryville,12,9.6,5,0,mainGameOrder49+mainGameOrder52,1.3139,mainGameOrder49,1.7518,mainGameOrder49,0.25,over_bundle,0,0.25,0.2005,1,,,
p049,14,mainGameScenario14,Emeryville,mainGameOrder53,Target,Emeryville,21,13.5,6,0,mainGameOrder54,Target,Emeryville,14,13.5,5,0,mainGameOrder55,Target,Emeryville,22,13.5,6,0,mainGameOrder56,Target,Emeryville,18,7.8,6,0,mainGameOrder53+mainGameOrder55+mainGameOrder56,1.2869,mainGameOrder56,1.3043,mainGameOrder56,0.0134,over_bundle,0,0.0134,0.0134,1,,,
p049,15,mainGameScenario15,Emeryville,mainGameOrder57,Safeway,Piedmont,22,7.4,4,10,mainGameOrder58,Sprouts Farmers Market,Oakland,18,13.5,2,8,mainGameOrder59,Safeway,Piedmont,17,7.4,4,10,mainGameOrder60,Safeway,Piedmont,22,11.8,5,10,mainGameOrder60+mainGameOrder57+mainGameOrder59,1.3436,mainGameOrder57+mainGameOrder59+mainGameOrder60,1.3436,mainGameOrder57+mainGameOrder59+mainGameOrder60,0,bundle_correct,0,0,0.1071,1,,,
p050,1,mainGameScenario1,Berkeley,mainGameOrder1,Berkeley Bowl,Berkeley,22,7.8,3,0,mainGameOrder2,Berkeley Bowl,Berkeley,22,8.4,6,0,mainGameOrder3,Berkeley Bowl,Berkeley,15,9,4,0,mainGameOrder4,Sprouts Farmers Market,Oakland,18,9.75,2,12,mainGameOrder1+mainGameOrder2+mainGameOrder3,1.6761,mainGameOrder1,2.037,mainGameOrder1,0.1772,over_bundle,0,0.1772,0.184,1,,,
p050,2,mainGameScenario2,Berkeley,mainGameOrder5,Berkeley Bowl,Berkeley,24,12,5,0,mainGameOrder6,Berkeley Bowl,Berkeley,15,11.4,4,0,mainGameOrder7,Berkeley Bowl,Berkeley,15,12,2,0,mainGameOrder8,Berkeley Bowl,Berkeley,20,7.8,3,0,mainGameOrder5+mainGameOrder8+mainGameOrder7,1.5206,mainGameOrder8,1.8519,mainGameOrder8,0.1789,over_bundle,0,0.1789,0.1789,1,,,
p050,3,mainGameScenario3,Berkeley,mainGameOrder9,Berkeley Bowl,Berkeley,15,13.2,3,0,mainGameOrder10,Sprouts Farmers Market,Oakland,23,12.75,3,12,mainGameOrder11,Berkeley Bowl,Berkeley,23,12,6,0,mainGameOrder12,Berkeley Bowl,Berkeley,16,7.8,6,0,mainGameOrder10,0.8288,mainGameOrder11,1.2778,mainGameOrder11,0.3514,over_bundle,0,0.3514,0.3514,1,,,
p050,4,mainGameScenario4,Oakland,mainGameOrder13,Berkeley Bowl,Berkeley,17,7.2,4,12,mainGameOrder14,Berkeley Bowl,Berkeley,17,7.8,2,12,mainGameOrder15,Berkeley Bowl,Berkeley,20,12,2,12,mainGameOrder16,Berkeley Bowl,Berkeley,16,11.4,6,12,mainGameOrder15+mainGameOrder14+mainGameOrder13,1.2273,mainGameOrder13+mainGameOrder14+mainGameOrder15,1.2273,mainGameOrder14,0,over_bundle,1,0,0.0272,1,,,
p050,5,mainGameScenario5,Berkeley,mainGameOrder17,Sprouts Farmers Market,Oakland,14,7.5,4,12,mainGameOrder18,Safeway,Piedmont,20,12.5,5,14,mainGameOrder19,Sprouts Farmers Market,Oakland,17,8.25,4,12,mainGameOrder20,Safeway,Piedmont,13,8.1,4,14,mainGameOrder18+mainGameOrder20,0.782,mainGameOrder17+mainGameOrder19,0.8671,mainGameOrder17+mainGameOrder19,0.0982,bundle_correct,0,0.0982,0.3431,1,,,
p050,6,mainGameScenario6,Piedmont,mainGameOrder21,Sprouts Farmers Market,Oakland,19,12,2,8,mainGameOrder22,Sprouts Farmers Market,Oakland,22,8.25,2,8,mainGameOrder23,Sprouts Farmers Market,Oakland,24,8.25,6,8,mainGameOrder24,Sprouts Farmers Market,Oakland,18,9.75,2,8,mainGameOrder23+mainGameOrder22,1.4154,mainGameOrder22+mainGameOrder23+mainGameOrder24,1.4463,mainGameOrder22,0.0214,over_bundle,1,0,0.1038,1,,,
p050,7,mainGameScenario7,Oakland,mainGameOrder25,Sprouts Farmers Market,Oakland,12,13.5,4,0,mainGameOrder26,Target,Emeryville,17,13.5,2,8,mainGameOrder27,Sprouts Farmers Market,Oakland,21,9,4,0,mainGameOrder28,Sprouts Farmers Market,Oakland,21,8.25,3,0,mainGameOrder28+mainGameOrder27,1.732,mainGameOrder28,1.8667,mainGameOrder28,0.0722,over_bundle,0,0.0722,0.0722,1,,,
p050,8,mainGameScenario8,Oakland,mainGameOrder29,Sprouts Farmers Market,Oakland,17,8.25,3,0,mainGameOrder30,Sprouts Farmers Market,Oakland,15,13.5,6,0,mainGameOrder31,Sprouts Farmers Market,Oakland,15,12.75,5,0,mainGameOrder32,Sprouts Farmers Market,Oakland,14,8.25,3,0,mainGameOrder29+mainGameOrder32,1.3778,mainGameOrder29,1.5111,mainGameOrder29,0.0882,over_bundle,0,0.0882,0.0882,1,,,
p050,9,mainGameScenario9,Oakland,mainGameOrder33,Safeway,Piedmont,12,8.1,3,8,mainGameOrder34,Target,Emeryville,17,15.3,6,8,mainGameOrder35,Safeway,Piedmont,12,11.1,5,8,mainGameOrder36,Safeway,Piedmont,13,11.1,5,8,mainGameOrder33+mainGameOrder36,0.7396,mainGameOrder33+mainGameOrder35+mainGameOrder36,0.7856,mainGameOrder33+mainGameOrder35+mainGameOrder36,0.0585,bundle_correct,0,0.0585,0.0666,1,,,
p050,10,mainGameScenario10,Piedmont,mainGameOrder37,Safeway,Piedmont,14,8.1,5,0,mainGameOrder38,Safeway,Piedmont,20,8.1,6,0,mainGameOrder39,Safeway,Piedmont,19,7.4,6,0,mainGameOrder40,Safeway,Piedmont,23,11.8,2,0,mainGameOrder40+mainGameOrder38+mainGameOrder39,1.6712,mainGameOrder39+mainGameOrder40,1.6733,mainGameOrder39+mainGameOrder40,0.0013,bundle_correct,0,0.0013,0.0013,0,,,
p050,11,mainGameScenario11,Piedmont,mainGameOrder41,Berkeley Bowl,Berkeley,13,7.8,2,14,mainGameOrder42,Target,Emeryville,19,7.8,2,10,mainGameOrder43,Target,Emeryville,18,8.7,5,10,mainGameOrder44,Target,Emeryville,15,13.5,3,10,mainGameOrder42+mainGameOrder43+mainGameOrder44,1.1659,mainGameOrder42+mainGameOrder43,1.1672,mainGameOrder42+mainGameOrder43,0.0011,bundle_correct,0,0.0011,0.2237,1,,,
p050,12,mainGameScenario12,Emeryville,mainGameOrder45,Target,Emeryville,16,13.5,3,0,mainGameOrder46,Target,Emeryville,14,9.6,5,0,mainGameOrder47,Target,Emeryville,22,13.5,6,0,mainGameOrder48,Target,Emeryville,14,13.5,2,0,mainGameOrder47+mainGameOrder45+mainGameOrder46,1.1504,mainGameOrder45+mainGameOrder46+mainGameOrder47,1.1504,mainGameOrder45+mainGameOrder46+mainGameOrder47,0,bundle_correct,0,0,0,0,,,
p050,13,mainGameScenario13,Emeryville,mainGameOrder49,Target,Emeryville,24,11.7,2,0,mainGameOrder50,Berkeley Bowl,Berkeley,17,8.4,6,8,mainGameOrder51,Berkeley Bowl,Berkeley,14,7.8,5,8,mainGameOrder52,Target,Emeryville,12,9.6,5,0,mainGameOrder49+mainGameOrder52,1.3139,mainGameOrder49,1.7518,mainGameOrder49,0.25,over_bundle,0,0.25,0.2005,1,,,
p051,1,mainGameScenario1,Berkeley,mainGameOrder1,Berkeley Bowl,Berkeley,22,7.8,3,0,mainGameOrder2,Berkeley Bowl,Berkeley,22,8.4,6,0,mainGameOrder3,Berkeley Bowl,Berkeley,15,9,4,0,mainGameOrder4,Sprouts Farmers Market,Oakland,18,9.75,2,12,mainGameOrder3+mainGameOrder2+mainGameOrder1,1.6761,mainGameOrder1,2.037,mainGameOrder1,0.1772,over_bundle,0,0.1772,0.184,1,,,
p051,2,mainGameScenario2,Berkeley,mainGameOrder5,Berkeley Bowl,Berkeley,24,12,5,0,mainGameOrder6,Berkeley Bowl,Berkeley,15,11.4,4,0,mainGameOrder7,Berkeley Bowl,Berkeley,15,12,2,0,mainGameOrder8,Berkeley Bowl,Berkeley,20,7.8,3,0,mainGameOrder8+mainGameOrder5+mainGameOrder7,1.5206,mainGameOrder8,1.8519,mainGameOrder8,0.1789,over_bundle,0,0.1789,0.1789,1,,,
p051,3,mainGameScenario3,Berkeley,mainGameOrder9,Berkeley Bowl,Berkeley,15,13.2,3,0,mainGameOrder10,Sprouts Farmers Market,Oakland,23,12.75,3,12,mainGameOrder11,Berkeley Bowl,Berkeley,23,12,6,0,mainGameOrder12,Berkeley Bowl,Berkeley,16,7.8,6,0,mainGameOrder11+mainGameOrder12,1.25,mainGameOrder11,1.2778,mainGameOrder11,0.0217,over_bundle,0,0.0217,0.3601,1,,,
p051,4,mainGameScenario4,Berkeley,mainGameOrder13,Berkeley Bowl,Berkeley,17,7.2,4,0,mainGameOrder14,Berkeley Bowl,Berkeley,17,7.8,2,0,mainGameOrder15,Berkeley Bowl,Berkeley,20,12,2,0,mainGameOrder16,Berkeley Bowl,Berkeley,16,11.4,6,0,mainGameOrder15+mainGameOrder13+mainGameOrder14,1.6875,mainGameOrder14,1.7347,mainGameOrder14,0.0272,over_bundle,0,0.0272,0.0272,1,,,
p051,5,mainGameScenario5,Berkeley,mainGameOrder17,Sprouts Farmers Market,Oakland,14,7.5,4,12,mainGameOrder18,Safeway,Piedmont,20,12.5,5,14,mainGameOrder19,Sprouts Farmers Market,Oakland,17,8.25,4,12,mainGameOrder20,Safeway,Piedmont,13,8.1,4,14,mainGameOrder18+mainGameOrder20,0.782,mainGameOrder17+mainGameOrder19,0.8671,mainGameOrder17+mainGameOrder19,0.0982,bundle_correct,0,0.0982,0.3431,1,,,
p051,6,mainGameScenario6,Piedmont,mainGameOrder21,Sprouts Farmers Market,Oakland,19,12,2,8,mainGameOrder22,Sprouts Farmers Market,Oakland,22,8.25,2,8,mainGameOrder23,Sprouts Farmers Market,Oakland,24,8.25,6,8,mainGameOrder24,Sprouts Farmers Market,Oakland,18,9.75,2,8,mainGameOrder23+mainGameOrder22+mainGameOrder21,1.3978,mainGameOrder22+mainGameOrder23+mainGameOrder24,1.4463,mainGameOrder22,0.0335,over_bundle,1,0,0.1838,1,,,
p051,7,mainGameScenario7,Oakland,mainGameOrder25,Sprouts Farmers Market,Oakland,12,13.5,4,0,mainGameOrder26,Target,Emeryville,17,13.5,2,8,mainGameOrder27,Sprouts Farmers Market,Oakland,21,9,4,0,mainGameOrder28,Sprouts Farmers Market,Oakland,21,8.25,3,0,mainGameOrder25+mainGameOrder27+mainGameOrder28,1.2934,mainGameOrder28,1.8667,mainGameOrder28,0.3071,over_bundle,0,0.3071,0.1742,1,,,
p051,8,mainGameScenario8,Oakland,mainGameOrder29,Sprouts Farmers Market,Oakland,17,8.25,3,0,mainGameOrder30,Sprouts Farmers Market,Oakland,15,13.5,6,0,mainGameOrder31,Sprouts Farmers Market,Oakland,15,12.75,5,0,mainGameOrder32,Sprouts Farmers Market,Oakland,14,8.25,3,0,mainGameOrder31+mainGameOrder29+mainGameOrder32,1.1429,mainGameOrder29,1.5111,mainGameOrder29,0.2437,over_bundle,0,0.2437,0.2235,1,,,
p051,9,mainGameScenario9,Oakland,mainGameOrder33,Safeway,Piedmont,12,8.1,3,8,mainGameOrder34,Target,Emeryville,17,15.3,6,8,mainGameOrder35,Safeway,Piedmont,12,11.1,5,8,mainGameOrder36,Safeway,Piedmont,13,11.1,5,8,mainGameOrder33+mainGameOrder35+mainGameOrder36,0.7856,mainGameOrder33+mainGameOrder35+mainGameOrder36,0.7856,mainGameOrder33+mainGameOrder35+mainGameOrder36,0,bundle_correct,0,0,0.1247,1,,,
p051,10,mainGameScenario10,Piedmont,mainGameOrder37,Safeway,Piedmont,14,8.1,5,0,mainGameOrder38,Safeway,Piedmont,20,8.1,6,0,mainGameOrder39,Safeway,Piedmont,19,7.4,6,0,mainGameOrder40,Safeway,Piedmont,23,11.8,2,0,mainGameOrder40+mainGameOrder38+mainGameOrder39,1.6712,mainGameOrder39+mainGameOrder40,1.6733,mainGameOrder39+mainGameOrder40,0.0013,bundle_correct,0,0.0013,0.0013,0,,,
p051,11,mainGameScenario11,Piedmont,mainGameOrder41,Berkeley Bowl,Berkeley,13,7.8,2,14,mainGameOrder42,Target,Emeryville,19,7.8,2,10,mainGameOrder43,Target,Emeryville,18,8.7,5,10,mainGameOrder44,Target,Emeryville,15,13.5,3,10,mainGameOrder43+mainGameOrder42+mainGameOrder44,1.1659,mainGameOrder42+mainGameOrder43,1.1672,mainGameOrder42+mainGameOrder43,0.0011,bundle_correct,0,0.0011,0.2237,1,,,
p051,12,mainGameScenario12,Emeryville,mainGameOrder45,Target,Emeryville,16,13.5,3,0,mainGameOrder46,Target,Emeryville,14,9.6,5,0,mainGameOrder47,Target,Emeryville,22,13.5,6,0,mainGameOrder48,Target,Emeryville,14,13.5,2,0,mainGameOrder47+mainGameOrder46+mainGameOrder45,1.1504,mainGameOrder45+mainGameOrder46+mainGameOrder47,1.1504,mainGameOrder45+mainGameOrder46+mainGameOrder47,0,bundle_correct,0,0,0,0,,,
p051,13,mainGameScenario13,Emeryville,mainGameOrder49,Target,Emeryville,24,11.7,2,0,mainGameOrder50,Berkeley Bowl,Berkeley,17,8.4,6,8,mainGameOrder51,Berkeley Bowl,Berkeley,14,7.8,5,8,mainGameOrder52,Target,Emeryville,12,9.6,5,0,mainGameOrder49+mainGameOrder52,1.3139,mainGameOrder49,1.7518,mainGameOrder49,0.25,over_bundle,0,0.25,0.2005,1,,,
p051,14,mainGameScenario14,Emeryville,mainGameOrder53,Target,Emeryville,21,13.5,6,0,mainGameOrder54,Target,Emeryville,14,13.5,5,0,mainGameOrder55,Target,Emeryville,22,13.5,6,0,mainGameOrder56,Target,Emeryville,18,7.8,6,0,mainGameOrder55+mainGameOrder56,1.2698,mainGameOrder56,1.3043,mainGameOrder56,0.0265,over_bundle,0,0.0265,0.0666,1,,,
p051,15,mainGameScenario15,Emeryville,mainGameOrder57,Safeway,Piedmont,22,7.4,4,10,mainGameOrder58,Sprouts Farmers Market,Oakland,18,13.5,2,8,mainGameOrder59,Safeway,Piedmont,17,7.4,4,10,mainGameOrder60,Safeway,Piedmont,22,11.8,5,10,mainGameOrder58,0.766,mainGameOrder57+mainGameOrder59+mainGameOrder60,1.3436,mainGameOrder57+mainGameOrder59+mainGameOrder60,0.4299,bundle_correct,0,0.4299,0.4293,1,,,
p051,16,mainGameScenario16,Oakland,mainGameOrder61,Safeway,Piedmont,24,12.5,3,8,mainGameOrder62,Safeway,Piedmont,24,8.1,2,8,mainGameOrder63,Safeway,Piedmont,18,12.5,4,8,mainGameOrder64,Safeway,Piedmont,22,11.1,2,8,mainGameOrder62,1.326,mainGameOrder61+mainGameOrder62+mainGameOrder64,1.6471,mainGameOrder62,0.1949,over_bundle,1,0,0.31,1,,,
p051,17,mainGameScenario17,Piedmont,mainGameOrder65,Safeway,Piedmont,19,7.4,6,0,mainGameOrder66,Sprouts Farmers Market,Oakland,22,7.5,3,8,mainGameOrder67,Sprouts Farmers Market,Oakland,17,12.75,6,8,mainGameOrder68,Sprouts Farmers Market,Oakland,13,12.75,6,8,mainGameOrder65,1.4179,mainGameOrder65,1.4179,mainGameOrder66,0,over_bundle,1,0,0.5763,1,,,
p052,1,mainGameScenario1,Berkeley,mainGameOrder1,Berkeley Bowl,Berkeley,22,7.8,3,0,mainGameOrder2,Berkeley Bowl,Berkeley,22,8.4,6,0,mainGameOrder3,Berkeley Bowl,Berkeley,15,9,4,0,mainGameOrder4,Sprouts Farmers Market,Oakland,18,9.75,2,12,mainGameOrder1,2.037,mainGameOrder1,2.037,mainGameOrder1,0,over_bundle,0,0,0.3701,1,,,
p052,2,mainGameScenario2,Berkeley,mainGameOrder5,Berkeley Bowl,Berkeley,24,12,5,0,mainGameOrder6,Berkeley Bowl,Berkeley,15,11.4,4,0,mainGameOrder7,Berkeley Bowl,Berkeley,15,12,2,0,mainGameOrder8,Berkeley Bowl,Berkeley,20,7.8,3,0,mainGameOrder6+mainGameOrder7,1.1364,mainGameOrder8,1.8519,mainGameOrder8,0.3864,over_bundle,0,0.3864,0.0721,1,,,
p052,3,mainGameScenario3,Berkeley,mainGameOrder9,Berkeley Bowl,Berkeley,15,13.2,3,0,mainGameOrder10,Sprouts Farmers Market,Oakland,23,12.75,3,12,mainGameOrder11,Berkeley Bowl,Berkeley,23,12,6,0,mainGameOrder12,Berkeley Bowl,Berkeley,16,7.8,6,0,mainGameOrder12+mainGameOrder11+mainGameOrder9,1.2162,mainGameOrder11,1.2778,mainGameOrder11,0.0482,over_bundle,0,0.0482,0.3444,1,,,
p052,4,mainGameScenario4,Berkeley,mainGameOrder13,Berkeley Bowl,Berkeley,17,7.2,4,0,mainGameOrder14,Berkeley Bowl,Berkeley,17,7.8,2,0,mainGameOrder15,Berkeley Bowl,Berkeley,20,12,2,0,mainGameOrder16,Berkeley Bowl,Berkeley,16,11.4,6,0,mainGameOrder15+mainGameOrder13+mainGameOrder14,1.6875,mainGameOrder14,1.7347,mainGameOrder14,0.0272,over_bundle,0,0.0272,0.0272,1,,,
p052,5,mainGameScenario5,Berkeley,mainGameOrder17,Sprouts Farmers Market,Oakland,14,7.5,4,12,mainGameOrder18,Safeway,Piedmont,20,12.5,5,14,mainGameOrder19,Sprouts Farmers Market,Oakland,17,8.25,4,12,mainGameOrder20,Safeway,Piedmont,13,8.1,4,14,mainGameOrder18+mainGameOrder20,0.782,mainGameOrder17+mainGameOrder19,0.8671,mainGameOrder17+mainGameOrder19,0.0982,bundle_correct,0,0.0982,0.3431,1,,,
p052,6,mainGameScenario6,Piedmont,mainGameOrder21,Sprouts Farmers Market,Oakland,19,12,2,8,mainGameOrder22,Sprouts Farmers Market,Oakland,22,8.25,2,8,mainGameOrder23,Sprouts Farmers Market,Oakland,24,8.25,6,8,mainGameOrder24,Sprouts Farmers Market,Oakland,18,9.75,2,8,mainGameOrder23+mainGameOrder22+mainGameOrder21,1.3978,mainGameOrder22+mainGameOrder23+mainGameOrder24,1.4463,mainGameOrder22,0.0335,over_bundle,1,0,0.1838,1,,,
p052,7,mainGameScenario7,Oakland,mainGameOrder25,Sprouts Farmers Market,Oakland,12,13.5,4,0,mainGameOrder26,Target,Emeryville,17,13.5,2,8,mainGameOrder27,Sprouts Farmers Market,Oakland,21,9,4,0,mainGameOrder28,Sprouts Farmers Market,Oakland,21,8.25,3,0,mainGameOrder27+mainGameOrder28+mainGameOrder25,1.2934,mainGameOrder28,1.8667,mainGameOrder28,0.3071,over_bundle,0,0.3071,0.1742,1,,,
p052,8,mainGameScenario8,Oakland,mainGameOrder29,Sprouts Farmers Market,Oakland,17,8.25,3,0,mainGameOrder30,Sprouts Farmers Market,Oakland,15,13.5,6,0,mainGameOrder31,Sprouts Farmers Market,Oakland,15,12.75,5,0,mainGameOrder32,Sprouts Farmers Market,Oakland,14,8.25,3,0,mainGameOrder29+mainGameOrder31+mainGameOrder30,0.9691,mainGameOrder29,1.5111,mainGameOrder29,0.3587,over_bundle,0,0.3587,0.2233,1,,,
p052,9,mainGameScenario9,Oakland,mainGameOrder33,Safeway,Piedmont,12,8.1,3,8,mainGameOrder34,Target,Emeryville,17,15.3,6,8,mainGameOrder35,Safeway,Piedmont,12,11.1,5,8,mainGameOrder36,Safeway,Piedmont,13,11.1,5,8,mainGameOrder33+mainGameOrder35+mainGameOrder36,0.7856,mainGameOrder33+mainGameOrder35+mainGameOrder36,0.7856,mainGameOrder33+mainGameOrder35+mainGameOrder36,0,bundle_correct,0,0,0.1247,1,,,
p052,10,mainGameScenario10,Piedmont,mainGameOrder37,Safeway,Piedmont,14,8.1,5,0,mainGameOrder38,Safeway,Piedmont,20,8.1,6,0,mainGameOrder39,Safeway,Piedmont,19,7.4,6,0,mainGameOrder40,Safeway,Piedmont,23,11.8,2,0,mainGameOrder38+mainGameOrder40+mainGameOrder39,1.6712,mainGameOrder39+mainGameOrder40,1.6733,mainGameOrder39+mainGameOrder40,0.0013,bundle_correct,0,0.0013,0.0013,0,,,
p052,11,mainGameScenario11,Piedmont,mainGameOrder41,Berkeley Bowl,Berkeley,13,7.8,2,14,mainGameOrder42,Target,Emeryville,19,7.8,2,10,mainGameOrder43,Target,Emeryville,18,8.7,5,10,mainGameOrder44,Target,Emeryville,15,13.5,3,10,mainGameOrder42+mainGameOrder44+mainGameOrder43,1.1659,mainGameOrder42+mainGameOrder43,1.1672,mainGameOrder42+mainGameOrder43,0.0011,bundle_correct,0,0.0011,0.2237,1,,,
p052,12,mainGameScenario12,Emeryville,mainGameOrder45,Target,Emeryville,16,13.5,3,0,mainGameOrder46,Target,Emeryville,14,9.6,5,0,mainGameOrder47,Target,Emeryville,22,13.5,6,0,mainGameOrder48,Target,Emeryville,14,13.5,2,0,mainGameOrder47+mainGameOrder46+mainGameOrder45,1.1504,mainGameOrder45+mainGameOrder46+mainGameOrder47,1.1504,mainGameOrder45+mainGameOrder46+mainGameOrder47,0,bundle_correct,0,0,0,0,,,
p052,13,mainGameScenario13,Emeryville,mainGameOrder49,Target,Emeryville,24,11.7,2,0,mainGameOrder50,Berkeley Bowl,Berkeley,17,8.4,6,8,mainGameOrder51,Berkeley Bowl,Berkeley,14,7.8,5,8,mainGameOrder52,Target,Emeryville,12,9.6,5,0,mainGameOrder49+mainGameOrder52,1.3139,mainGameOrder49,1.7518,mainGameOrder49,0.25,over_bundle,0,0.25,0.2005,1,,,
p053,1,mainGameScenario1,Berkeley,mainGameOrder1,Berkeley Bowl,Berkeley,22,7.8,3,0,mainGameOrder2,Berkeley Bowl,Berkeley,22,8.4,6,0,mainGameOrder3,Berkeley Bowl,Berkeley,15,9,4,0,mainGameOrder4,Sprouts Farmers Market,Oakland,18,9.75,2,12,mainGameOrder1+mainGameOrder3,1.729,mainGameOrder1,2.037,mainGameOrder1,0.1512,over_bundle,0,0.1512,0.1983,1,Berkeley,mainGameOrder1,
p053,2,mainGameScenario2,Berkeley,mainGameOrder5,Berkeley Bowl,Berkeley,24,12,5,0,mainGameOrder6,Berkeley Bowl,Berkeley,15,11.4,4,0,mainGameOrder7,Berkeley Bowl,Berkeley,15,12,2,0,mainGameOrder8,Berkeley Bowl,Berkeley,20,7.8,3,0,mainGameOrder8,1.8519,mainGameOrder8,1.8519,mainGameOrder8,0,over_bundle,0,0,0.2783,1,Berkeley,mainGameOrder8,
p053,3,mainGameScenario3,Berkeley,mainGameOrder9,Berkeley Bowl,Berkeley,15,13.2,3,0,mainGameOrder10,Sprouts Farmers Market,Oakland,23,12.75,3,12,mainGameOrder11,Berkeley Bowl,Berkeley,23,12,6,0,mainGameOrder12,Berkeley Bowl,Berkeley,16,7.8,6,0,mainGameOrder11+mainGameOrder9,1.2179,mainGameOrder11,1.2778,mainGameOrder11,0.0468,over_bundle,0,0.0468,0.3508,1,Berkeley,mainGameOrder11,
p053,4,mainGameScenario4,Berkeley,mainGameOrder13,Berkeley Bowl,Berkeley,17,7.2,4,0,mainGameOrder14,Berkeley Bowl,Berkeley,17,7.8,2,0,mainGameOrder15,Berkeley Bowl,Berkeley,20,12,2,0,mainGameOrder16,Berkeley Bowl,Berkeley,16,11.4,6,0,mainGameOrder13+mainGameOrder14,1.6667,mainGameOrder14,1.7347,mainGameOrder14,0.0392,over_bundle,0,0.0392,0.1188,1,Berkeley,mainGameOrder14,
p053,5,mainGameScenario5,Berkeley,mainGameOrder17,Sprouts Farmers Market,Oakland,14,7.5,4,12,mainGameOrder18,Safeway,Piedmont,20,12.5,5,14,mainGameOrder19,Sprouts Farmers Market,Oakland,17,8.25,4,12,mainGameOrder20,Safeway,Piedmont,13,8.1,4,14,mainGameOrder18+mainGameOrder20,0.782,mainGameOrder17+mainGameOrder19,0.8671,mainGameOrder17+mainGameOrder19,0.0982,bundle_correct,0,0.0982,0.3431,1,Berkeley,mainGameOrder17+mainGameOrder19,
p053,6,mainGameScenario6,Piedmont,mainGameOrder21,Sprouts Farmers Market,Oakland,19,12,2,8,mainGameOrder22,Sprouts Farmers Market,Oakland,22,8.25,2,8,mainGameOrder23,Sprouts Farmers Market,Oakland,24,8.25,6,8,mainGameOrder24,Sprouts Farmers Market,Oakland,18,9.75,2,8,mainGameOrder22+mainGameOrder23,1.4154,mainGameOrder22+mainGameOrder23+mainGameOrder24,1.4463,mainGameOrder22,0.0214,over_bundle,1,0,0.1038,1,Piedmont,mainGameOrder22,
p053,7,mainGameScenario7,Oakland,mainGameOrder25,Sprouts Farmers Market,Oakland,12,13.5,4,0,mainGameOrder26,Target,Emeryville,17,13.5,2,8,mainGameOrder27,Sprouts Farmers Market,Oakland,21,9,4,0,mainGameOrder28,Sprouts Farmers Market,Oakland,21,8.25,3,0,mainGameOrder27+mainGameOrder28,1.732,mainGameOrder28,1.8667,mainGameOrder28,0.0722,over_bundle,0,0.0722,0.0722,1,Oakland,mainGameOrder28,
p053,8,mainGameScenario8,Oakland,mainGameOrder29,Sprouts Farmers Market,Oakland,17,8.25,3,0,mainGameOrder30,Sprouts Farmers Market,Oakland,15,13.5,6,0,mainGameOrder31,Sprouts Farmers Market,Oakland,15,12.75,5,0,mainGameOrder32,Sprouts Farmers Market,Oakland,14,8.25,3,0,mainGameOrder29+mainGameOrder32,1.3778,mainGameOrder29,1.5111,mainGameOrder29,0.0882,over_bundle,0,0.0882,0.0882,1,Oakland,mainGameOrder29,
p053,9,mainGameScenario9,Oakland,mainGameOrder33,Safeway,Piedmont,12,8.1,3,8,mainGameOrder34,Target,Emeryville,17,15.3,6,8,mainGameOrder35,Safeway,Piedmont,12,11.1,5,8,mainGameOrder36,Safeway,Piedmont,13,11.1,5,8,mainGameOrder36+mainGameOrder35,0.6684,mainGameOrder33+mainGameOrder35+mainGameOrder36,0.7856,mainGameOrder33+mainGameOrder35+mainGameOrder36,0.1491,bundle_correct,0,0.1491,0.0644,1,Oakland,mainGameOrder33+mainGameOrder35+mainGameOrder36,
p053,10,mainGameScenario10,Piedmont,mainGameOrder37,Safeway,Piedmont,14,8.1,5,0,mainGameOrder38,Safeway,Piedmont,20,8.1,6,0,mainGameOrder39,Safeway,Piedmont,19,7.4,6,0,mainGameOrder40,Safeway,Piedmont,23,11.8,2,0,mainGameOrder38+mainGameOrder39,1.5354,mainGameOrder39+mainGameOrder40,1.6733,mainGameOrder39+mainGameOrder40,0.0824,bundle_correct,0,0.0824,0.1018,1,Piedmont,mainGameOrder39+mainGameOrder40,
p053,11,mainGameScenario11,Piedmont,mainGameOrder41,Berkeley Bowl,Berkeley,13,7.8,2,14,mainGameOrder42,Target,Emeryville,19,7.8,2,10,mainGameOrder43,Target,Emeryville,18,8.7,5,10,mainGameOrder44,Target,Emeryville,15,13.5,3,10,mainGameOrder43+mainGameOrder42,1.1672,mainGameOrder42+mainGameOrder43,1.1672,mainGameOrder42+mainGameOrder43,0,bundle_correct,0,0,0.1205,1,Piedmont,mainGameOrder42+mainGameOrder43,
p053,12,mainGameScenario12,Emeryville,mainGameOrder45,Target,Emeryville,16,13.5,3,0,mainGameOrder46,Target,Emeryville,14,9.6,5,0,mainGameOrder47,Target,Emeryville,22,13.5,6,0,mainGameOrder48,Target,Emeryville,14,13.5,2,0,mainGameOrder46+mainGameOrder45,1.0563,mainGameOrder45+mainGameOrder46+mainGameOrder47,1.1504,mainGameOrder45+mainGameOrder46+mainGameOrder47,0.0818,bundle_correct,0,0.0818,0.0889,1,Emeryville,mainGameOrder45+mainGameOrder46+mainGameOrder47,
p053,13,mainGameScenario13,Emeryville,mainGameOrder49,Target,Emeryville,24,11.7,2,0,mainGameOrder50,Berkeley Bowl,Berkeley,17,8.4,6,8,mainGameOrder51,Berkeley Bowl,Berkeley,14,7.8,5,8,mainGameOrder52,Target,Emeryville,12,9.6,5,0,mainGameOrder50+mainGameOrder51,0.9118,mainGameOrder49,1.7518,mainGameOrder49,0.4795,over_bundle,0,0.4795,0.4795,1,Emeryville,mainGameOrder49,
p053,14,mainGameScenario14,Berkeley,mainGameOrder53,Target,Emeryville,21,13.5,6,8,mainGameOrder54,Target,Emeryville,14,13.5,5,8,mainGameOrder55,Target,Emeryville,22,13.5,6,8,mainGameOrder56,Target,Emeryville,18,7.8,6,8,mainGameOrder56,0.8257,mainGameOrder53+mainGameOrder55+mainGameOrder56,1.1011,mainGameOrder56,0.2501,over_bundle,1,0,0.2883,1,Berkeley,mainGameOrder56,
p053,15,mainGameScenario15,Emeryville,mainGameOrder57,Safeway,Piedmont,22,7.4,4,10,mainGameOrder58,Sprouts Farmers Market,Oakland,18,13.5,2,8,mainGameOrder59,Safeway,Piedmont,17,7.4,4,10,mainGameOrder60,Safeway,Piedmont,22,11.8,5,10,mainGameOrder57+mainGameOrder59,1.2704,mainGameOrder57+mainGameOrder59+mainGameOrder60,1.3436,mainGameOrder57+mainGameOrder59+mainGameOrder60,0.0545,bundle_correct,0,0.0545,0.0661,1,Emeryville,mainGameOrder57+mainGameOrder59+mainGameOrder60,
p053,16,mainGameScenario16,Piedmont,mainGameOrder61,Safeway,Piedmont,24,12.5,3,0,mainGameOrder62,Safeway,Piedmont,24,8.1,2,0,mainGameOrder63,Safeway,Piedmont,18,12.5,4,0,mainGameOrder64,Safeway,Piedmont,22,11.1,2,0,mainGameOrder62+mainGameOrder63+mainGameOrder61,1.7414,mainGameOrder62,2.3762,mainGameOrder62,0.2672,over_bundle,0,0.2672,0.1482,1,Piedmont,mainGameOrder62,
p053,17,mainGameScenario17,Piedmont,mainGameOrder65,Safeway,Piedmont,19,7.4,6,0,mainGameOrder66,Sprouts Farmers Market,Oakland,22,7.5,3,8,mainGameOrder67,Sprouts Farmers Market,Oakland,17,12.75,6,8,mainGameOrder68,Sprouts Farmers Market,Oakland,13,12.75,6,8,mainGameOrder65,1.4179,mainGameOrder65,1.4179,mainGameOrder66,0,over_bundle,1,0,0.5763,1,Piedmont,mainGameOrder66,
p054,1,mainGameScenario1,Berkeley,mainGameOrder1,Berkeley Bowl,Berkeley,22,7.8,3,0,mainGameOrder2,Berkeley Bowl,Berkeley,22,8.4,6,0,mainGameOrder3,Berkeley Bowl,Berkeley,15,9,4,0,mainGameOrder4,Sprouts Farmers Market,Oakland,18,9.75,2,12,mainGameOrder2+mainGameOrder1,1.7886,mainGameOrder1,2.037,mainGameOrder1,0.122,over_bundle,0,0.122,0.2035,1,,,
p054,2,mainGameScenario2,Berkeley,mainGameOrder5,Berkeley Bowl,Berkeley,24,12,5,0,mainGameOrder6,Berkeley Bowl,Berkeley,15,11.4,4,0,mainGameOrder7,Berkeley Bowl,Berkeley,15,12,2,0,mainGameOrder8,Berkeley Bowl,Berkeley,20,7.8,3,0,mainGameOrder5+mainGameOrder8,1.6541,mainGameOrder8,1.8519,mainGameOrder8,0.1068,over_bundle,0,0.1068,0.1068,1,,,
p054,3,mainGameScenario3,Berkeley,mainGameOrder9,Berkeley Bowl,Berkeley,15,13.2,3,0,mainGameOrder10,Sprouts Farmers Market,Oakland,23,12.75,3,12,mainGameOrder11,Berkeley Bowl,Berkeley,23,12,6,0,mainGameOrder12,Berkeley Bowl,Berkeley,16,7.8,6,0,mainGameOrder11+mainGameOrder12+mainGameOrder9,1.2162,mainGameOrder11,1.2778,mainGameOrder11,0.0482,over_bundle,0,0.0482,0.3444,1,,,
p054,4,mainGameScenario4,Berkeley,mainGameOrder13,Berkeley Bowl,Berkeley,17,7.2,4,0,mainGameOrder14,Berkeley Bowl,Berkeley,17,7.8,2,0,mainGameOrder15,Berkeley Bowl,Berkeley,20,12,2,0,mainGameOrder16,Berkeley Bowl,Berkeley,16,11.4,6,0,mainGameOrder15+mainGameOrder14+mainGameOrder13,1.6875,mainGameOrder14,1.7347,mainGameOrder14,0.0272,over_bundle,0,0.0272,0.0272,1,,,
p054,5,mainGameScenario5,Berkeley,mainGameOrder17,Sprouts Farmers Market,Oakland,14,7.5,4,12,mainGameOrder18,Safeway,Piedmont,20,12.5,5,14,mainGameOrder19,Sprouts Farmers Market,Oakland,17,8.25,4,12,mainGameOrder20,Safeway,Piedmont,13,8.1,4,14,mainGameOrder20+mainGameOrder18,0.782,mainGameOrder17+mainGameOrder19,0.8671,mainGameOrder17+mainGameOrder19,0.0982,bundle_correct,0,0.0982,0.3431,1,,,
p054,6,mainGameScenario6,Piedmont,mainGameOrder21,Sprouts Farmers Market,Oakland,19,12,2,8,mainGameOrder22,Sprouts Farmers Market,Oakland,22,8.25,2,8,mainGameOrder23,Sprouts Farmers Market,Oakland,24,8.25,6,8,mainGameOrder24,Sprouts Farmers Market,Oakland,18,9.75,2,8,mainGameOrder23+mainGameOrder21+mainGameOrder22,1.3978,mainGameOrder22+mainGameOrder23+mainGameOrder24,1.4463,mainGameOrder22,0.0335,over_bundle,1,0,0.1838,1,,,
p054,7,mainGameScenario7,Oakland,mainGameOrder25,Sprouts Farmers Market,Oakland,12,13.5,4,0,mainGameOrder26,Target,Emeryville,17,13.5,2,8,mainGameOrder27,Sprouts Farmers Market,Oakland,21,9,4,0,mainGameOrder28,Sprouts Farmers Market,Oakland,21,8.25,3,0,mainGameOrder27+mainGameOrder28+mainGameOrder25,1.2934,mainGameOrder28,1.8667,mainGameOrder28,0.3071,over_bundle,0,0.3071,0.1742,1,,,
p054,8,mainGameScenario8,Oakland,mainGameOrder29,Sprouts Farmers Market,Oakland,17,8.25,3,0,mainGameOrder30,Sprouts Farmers Market,Oakland,15,13.5,6,0,mainGameOrder31,Sprouts Farmers Market,Oakland,15,12.75,5,0,mainGameOrder32,Sprouts Farmers Market,Oakland,14,8.25,3,0,mainGameOrder31+mainGameOrder29+mainGameOrder30,0.9691,mainGameOrder29,1.5111,mainGameOrder29,0.3587,over_bundle,0,0.3587,0.2233,1,,,
p054,9,mainGameScenario9,Oakland,mainGameOrder33,Safeway,Piedmont,12,8.1,3,8,mainGameOrder34,Target,Emeryville,17,15.3,6,8,mainGameOrder35,Safeway,Piedmont,12,11.1,5,8,mainGameOrder36,Safeway,Piedmont,13,11.1,5,8,mainGameOrder36+mainGameOrder33,0.7396,mainGameOrder33+mainGameOrder35+mainGameOrder36,0.7856,mainGameOrder33+mainGameOrder35+mainGameOrder36,0.0585,bundle_correct,0,0.0585,0.0666,1,,,
p054,10,mainGameScenario10,Piedmont,mainGameOrder37,Safeway,Piedmont,14,8.1,5,0,mainGameOrder38,Safeway,Piedmont,20,8.1,6,0,mainGameOrder39,Safeway,Piedmont,19,7.4,6,0,mainGameOrder40,Safeway,Piedmont,23,11.8,2,0,mainGameOrder38+mainGameOrder39+mainGameOrder40,1.6712,mainGameOrder39+mainGameOrder40,1.6733,mainGameOrder39+mainGameOrder40,0.0013,bundle_correct,0,0.0013,0.0013,0,,,
p054,11,mainGameScenario11,Piedmont,mainGameOrder41,Berkeley Bowl,Berkeley,13,7.8,2,14,mainGameOrder42,Target,Emeryville,19,7.8,2,10,mainGameOrder43,Target,Emeryville,18,8.7,5,10,mainGameOrder44,Target,Emeryville,15,13.5,3,10,mainGameOrder43+mainGameOrder44+mainGameOrder42,1.1659,mainGameOrder42+mainGameOrder43,1.1672,mainGameOrder42+mainGameOrder43,0.0011,bundle_correct,0,0.0011,0.2237,1,,,
p054,12,mainGameScenario12,Emeryville,mainGameOrder45,Target,Emeryville,16,13.5,3,0,mainGameOrder46,Target,Emeryville,14,9.6,5,0,mainGameOrder47,Target,Emeryville,22,13.5,6,0,mainGameOrder48,Target,Emeryville,14,13.5,2,0,mainGameOrder47+mainGameOrder45+mainGameOrder48,1.128,mainGameOrder45+mainGameOrder46+mainGameOrder47,1.1504,mainGameOrder45+mainGameOrder46+mainGameOrder47,0.0195,bundle_correct,0,0.0195,0.0035,0,,,
p054,13,mainGameScenario13,Emeryville,mainGameOrder49,Target,Emeryville,24,11.7,2,0,mainGameOrder50,Berkeley Bowl,Berkeley,17,8.4,6,8,mainGameOrder51,Berkeley Bowl,Berkeley,14,7.8,5,8,mainGameOrder52,Target,Emeryville,12,9.6,5,0,mainGameOrder49+mainGameOrder52,1.3139,mainGameOrder49,1.7518,mainGameOrder49,0.25,over_bundle,0,0.25,0.2005,1,,,
p054,14,mainGameScenario14,Emeryville,mainGameOrder53,Target,Emeryville,21,13.5,6,0,mainGameOrder54,Target,Emeryville,14,13.5,5,0,mainGameOrder55,Target,Emeryville,22,13.5,6,0,mainGameOrder56,Target,Emeryville,18,7.8,6,0,mainGameOrder53+mainGameOrder55+mainGameOrder56,1.2869,mainGameOrder56,1.3043,mainGameOrder56,0.0134,over_bundle,0,0.0134,0.0134,1,,,
p054,15,mainGameScenario15,Emeryville,mainGameOrder57,Safeway,Piedmont,22,7.4,4,10,mainGameOrder58,Sprouts Farmers Market,Oakland,18,13.5,2,8,mainGameOrder59,Safeway,Piedmont,17,7.4,4,10,mainGameOrder60,Safeway,Piedmont,22,11.8,5,10,mainGameOrder59+mainGameOrder57+mainGameOrder60,1.3436,mainGameOrder57+mainGameOrder59+mainGameOrder60,1.3436,mainGameOrder57+mainGameOrder59+mainGameOrder60,0,bundle_correct,0,0,0.1071,1,,,
p054,16,mainGameScenario16,Piedmont,mainGameOrder61,Safeway,Piedmont,24,12.5,3,0,mainGameOrder62,Safeway,Piedmont,24,8.1,2,0,mainGameOrder63,Safeway,Piedmont,18,12.5,4,0,mainGameOrder64,Safeway,Piedmont,22,11.1,2,0,mainGameOrder62+mainGameOrder63+mainGameOrder64,1.8028,mainGameOrder62,2.3762,mainGameOrder62,0.2413,over_bundle,0,0.2413,0.1371,1,,,
p054,17,mainGameScenario17,Piedmont,mainGameOrder65,Safeway,Piedmont,19,7.4,6,0,mainGameOrder66,Sprouts Farmers Market,Oakland,22,7.5,3,8,mainGameOrder67,Sprouts Farmers Market,Oakland,17,12.75,6,8,mainGameOrder68,Sprouts Farmers Market,Oakland,13,12.75,6,8,mainGameOrder68+mainGameOrder67+mainGameOrder66,0.9286,mainGameOrder65,1.4179,mainGameOrder66,0.3451,over_bundle,1,0.2192,0.3693,1,,,
p054,18,mainGameScenario18,Oakland,mainGameOrder69,Sprouts Farmers Market,Oakland,14,8.25,5,0,mainGameOrder70,Sprouts Farmers Market,Oakland,13,8.25,3,0,mainGameOrder71,Sprouts Farmers Market,Oakland,22,14.25,3,0,mainGameOrder72,Sprouts Farmers Market,Oakland,19,9,4,0,mainGameOrder71+mainGameOrder72+mainGameOrder69,1.2644,mainGameOrder72,1.4615,mainGameOrder71+mainGameOrder72,0.1349,bundle_correct,1,0.0671,0.1167,1,,,
p055,1,mainGameScenario1,Berkeley,mainGameOrder1,Berkeley Bowl,Berkeley,22,7.8,3,0,mainGameOrder2,Berkeley Bowl,Berkeley,22,8.4,6,0,mainGameOrder3,Berkeley Bowl,Berkeley,15,9,4,0,mainGameOrder4,Sprouts Farmers Market,Oakland,18,9.75,2,12,mainGameOrder1+mainGameOrder3+mainGameOrder2,1.6761,mainGameOrder1,2.037,mainGameOrder1,0.1772,over_bundle,0,0.1772,0.184,1,,,
p055,2,mainGameScenario2,Berkeley,mainGameOrder5,Berkeley Bowl,Berkeley,24,12,5,0,mainGameOrder6,Berkeley Bowl,Berkeley,15,11.4,4,0,mainGameOrder7,Berkeley Bowl,Berkeley,15,12,2,0,mainGameOrder8,Berkeley Bowl,Berkeley,20,7.8,3,0,mainGameOrder5+mainGameOrder6+mainGameOrder8,1.4899,mainGameOrder8,1.8519,mainGameOrder8,0.1955,over_bundle,0,0.1955,0.1805,1,,,
p055,3,mainGameScenario3,Berkeley,mainGameOrder9,Berkeley Bowl,Berkeley,15,13.2,3,0,mainGameOrder10,Sprouts Farmers Market,Oakland,23,12.75,3,12,mainGameOrder11,Berkeley Bowl,Berkeley,23,12,6,0,mainGameOrder12,Berkeley Bowl,Berkeley,16,7.8,6,0,mainGameOrder9+mainGameOrder11+mainGameOrder12,1.2162,mainGameOrder11,1.2778,mainGameOrder11,0.0482,over_bundle,0,0.0482,0.3444,1,,,
p055,4,mainGameScenario4,Berkeley,mainGameOrder13,Berkeley Bowl,Berkeley,17,7.2,4,0,mainGameOrder14,Berkeley Bowl,Berkeley,17,7.8,2,0,mainGameOrder15,Berkeley Bowl,Berkeley,20,12,2,0,mainGameOrder16,Berkeley Bowl,Berkeley,16,11.4,6,0,mainGameOrder13+mainGameOrder14+mainGameOrder15,1.6875,mainGameOrder14,1.7347,mainGameOrder14,0.0272,over_bundle,0,0.0272,0.0272,1,,,
p055,5,mainGameScenario5,Berkeley,mainGameOrder17,Sprouts Farmers Market,Oakland,14,7.5,4,12,mainGameOrder18,Safeway,Piedmont,20,12.5,5,14,mainGameOrder19,Sprouts Farmers Market,Oakland,17,8.25,4,12,mainGameOrder20,Safeway,Piedmont,13,8.1,4,14,mainGameOrder18+mainGameOrder20,0.782,mainGameOrder17+mainGameOrder19,0.8671,mainGameOrder17+mainGameOrder19,0.0982,bundle_correct,0,0.0982,0.3431,1,,,
p055,6,mainGameScenario6,Piedmont,mainGameOrder21,Sprouts Farmers Market,Oakland,19,12,2,8,mainGameOrder22,Sprouts Farmers Market,Oakland,22,8.25,2,8,mainGameOrder23,Sprouts Farmers Market,Oakland,24,8.25,6,8,mainGameOrder24,Sprouts Farmers Market,Oakland,18,9.75,2,8,mainGameOrder22+mainGameOrder23+mainGameOrder21,1.3978,mainGameOrder22+mainGameOrder23+mainGameOrder24,1.4463,mainGameOrder22,0.0335,over_bundle,1,0,0.1838,1,,,
p055,7,mainGameScenario7,Oakland,mainGameOrder25,Sprouts Farmers Market,Oakland,12,13.5,4,0,mainGameOrder26,Target,Emeryville,17,13.5,2,8,mainGameOrder27,Sprouts Farmers Market,Oakland,21,9,4,0,mainGameOrder28,Sprouts Farmers Market,Oakland,21,8.25,3,0,mainGameOrder25+mainGameOrder27+mainGameOrder28,1.2934,mainGameOrder28,1.8667,mainGameOrder28,0.3071,over_bundle,0,0.3071,0.1742,1,,,
p055,8,mainGameScenario8,Oakland,mainGameOrder29,Sprouts Farmers Market,Oakland,17,8.25,3,0,mainGameOrder30,Sprouts Farmers Market,Oakland,15,13.5,6,0,mainGameOrder31,Sprouts Farmers Market,Oakland,15,12.75,5,0,mainGameOrder32,Sprouts Farmers Market,Oakland,14,8.25,3,0,mainGameOrder29+mainGameOrder32+mainGameOrder31,1.1429,mainGameOrder29,1.5111,mainGameOrder29,0.2437,over_bundle,0,0.2437,0.2235,1,,,
p055,9,mainGameScenario9,Oakland,mainGameOrder33,Safeway,Piedmont,12,8.1,3,8,mainGameOrder34,Target,Emeryville,17,15.3,6,8,mainGameOrder35,Safeway,Piedmont,12,11.1,5,8,mainGameOrder36,Safeway,Piedmont,13,11.1,5,8,mainGameOrder33+mainGameOrder35+mainGameOrder36,0.7856,mainGameOrder33+mainGameOrder35+mainGameOrder36,0.7856,mainGameOrder33+mainGameOrder35+mainGameOrder36,0,bundle_correct,0,0,0.1247,1,,,
p055,10,mainGameScenario10,Piedmont,mainGameOrder37,Safeway,Piedmont,14,8.1,5,0,mainGameOrder38,Safeway,Piedmont,20,8.1,6,0,mainGameOrder39,Safeway,Piedmont,19,7.4,6,0,mainGameOrder40,Safeway,Piedmont,23,11.8,2,0,mainGameOrder39+mainGameOrder38+mainGameOrder40,1.6712,mainGameOrder39+mainGameOrder40,1.6733,mainGameOrder39+mainGameOrder40,0.0013,bundle_correct,0,0.0013,0.0013,0,,,
p055,11,mainGameScenario11,Piedmont,mainGameOrder41,Berkeley Bowl,Berkeley,13,7.8,2,14,mainGameOrder42,Target,Emeryville,19,7.8,2,10,mainGameOrder43,Target,Emeryville,18,8.7,5,10,mainGameOrder44,Target,Emeryville,15,13.5,3,10,mainGameOrder42+mainGameOrder44+mainGameOrder43,1.1659,mainGameOrder42+mainGameOrder43,1.1672,mainGameOrder42+mainGameOrder43,0.0011,bundle_correct,0,0.0011,0.2237,1,,,
p055,12,mainGameScenario12,Emeryville,mainGameOrder45,Target,Emeryville,16,13.5,3,0,mainGameOrder46,Target,Emeryville,14,9.6,5,0,mainGameOrder47,Target,Emeryville,22,13.5,6,0,mainGameOrder48,Target,Emeryville,14,13.5,2,0,mainGameOrder45,0.9697,mainGameOrder45+mainGameOrder46+mainGameOrder47,1.1504,mainGameOrder45+mainGameOrder46+mainGameOrder47,0.1571,bundle_correct,0,0.1571,0.202,1,,,
p056,1,mainGameScenario1,Berkeley,mainGameOrder1,Berkeley Bowl,Berkeley,22,7.8,3,0,mainGameOrder2,Berkeley Bowl,Berkeley,22,8.4,6,0,mainGameOrder3,Berkeley Bowl,Berkeley,15,9,4,0,mainGameOrder4,Sprouts Farmers Market,Oakland,18,9.75,2,12,mainGameOrder3+mainGameOrder1,1.729,mainGameOrder1,2.037,mainGameOrder1,0.1512,over_bundle,0,0.1512,0.1485,1,,,
p056,2,mainGameScenario2,Berkeley,mainGameOrder5,Berkeley Bowl,Berkeley,24,12,5,0,mainGameOrder6,Berkeley Bowl,Berkeley,15,11.4,4,0,mainGameOrder7,Berkeley Bowl,Berkeley,15,12,2,0,mainGameOrder8,Berkeley Bowl,Berkeley,20,7.8,3,0,mainGameOrder5+mainGameOrder8,1.6541,mainGameOrder8,1.8519,mainGameOrder8,0.1068,over_bundle,0,0.1068,0.0882,1,,,
p056,3,mainGameScenario3,Berkeley,mainGameOrder9,Berkeley Bowl,Berkeley,15,13.2,3,0,mainGameOrder10,Sprouts Farmers Market,Oakland,23,12.75,3,12,mainGameOrder11,Berkeley Bowl,Berkeley,23,12,6,0,mainGameOrder12,Berkeley Bowl,Berkeley,16,7.8,6,0,mainGameOrder9+mainGameOrder11,1.2179,mainGameOrder11,1.2778,mainGameOrder11,0.0468,over_bundle,0,0.0468,0.3508,1,,,
p056,4,mainGameScenario4,Berkeley,mainGameOrder13,Berkeley Bowl,Berkeley,17,7.2,4,0,mainGameOrder14,Berkeley Bowl,Berkeley,17,7.8,2,0,mainGameOrder15,Berkeley Bowl,Berkeley,20,12,2,0,mainGameOrder16,Berkeley Bowl,Berkeley,16,11.4,6,0,mainGameOrder15+mainGameOrder14+mainGameOrder13,1.6875,mainGameOrder14,1.7347,mainGameOrder14,0.0272,over_bundle,0,0.0272,0.0272,1,,,
p056,5,mainGameScenario5,Berkeley,mainGameOrder17,Sprouts Farmers Market,Oakland,14,7.5,4,12,mainGameOrder18,Safeway,Piedmont,20,12.5,5,14,mainGameOrder19,Sprouts Farmers Market,Oakland,17,8.25,4,12,mainGameOrder20,Safeway,Piedmont,13,8.1,4,14,mainGameOrder18+mainGameOrder20,0.782,mainGameOrder17+mainGameOrder19,0.8671,mainGameOrder17+mainGameOrder19,0.0982,bundle_correct,0,0.0982,0.3431,1,,,
p056,6,mainGameScenario6,Piedmont,mainGameOrder21,Sprouts Farmers Market,Oakland,19,12,2,8,mainGameOrder22,Sprouts Farmers Market,Oakland,22,8.25,2,8,mainGameOrder23,Sprouts Farmers Market,Oakland,24,8.25,6,8,mainGameOrder24,Sprouts Farmers Market,Oakland,18,9.75,2,8,mainGameOrder21+mainGameOrder22+mainGameOrder23,1.3978,mainGameOrder22+mainGameOrder23+mainGameOrder24,1.4463,mainGameOrder22,0.0335,over_bundle,1,0,0.1838,1,,,
p056,7,mainGameScenario7,Oakland,mainGameOrder25,Sprouts Farmers Market,Oakland,12,13.5,4,0,mainGameOrder26,Target,Emeryville,17,13.5,2,8,mainGameOrder27,Sprouts Farmers Market,Oakland,21,9,4,0,mainGameOrder28,Sprouts Farmers Market,Oakland,21,8.25,3,0,mainGameOrder25+mainGameOrder27+mainGameOrder28,1.2934,mainGameOrder28,1.8667,mainGameOrder28,0.3071,over_bundle,0,0.3071,0.1742,1,,,
p056,8,mainGameScenario8,Oakland,mainGameOrder29,Sprouts Farmers Market,Oakland,17,8.25,3,0,mainGameOrder30,Sprouts Farmers Market,Oakland,15,13.5,6,0,mainGameOrder31,Sprouts Farmers Market,Oakland,15,12.75,5,0,mainGameOrder32,Sprouts Farmers Market,Oakland,14,8.25,3,0,mainGameOrder30+mainGameOrder31,0.8054,mainGameOrder29,1.5111,mainGameOrder29,0.467,over_bundle,0,0.467,0.1449,1,,,
p056,9,mainGameScenario9,Oakland,mainGameOrder33,Safeway,Piedmont,12,8.1,3,8,mainGameOrder34,Target,Emeryville,17,15.3,6,8,mainGameOrder35,Safeway,Piedmont,12,11.1,5,8,mainGameOrder36,Safeway,Piedmont,13,11.1,5,8,mainGameOrder36+mainGameOrder35,0.6684,mainGameOrder33+mainGameOrder35+mainGameOrder36,0.7856,mainGameOrder33+mainGameOrder35+mainGameOrder36,0.1491,bundle_correct,0,0.1491,0.0644,1,,,
p056,10,mainGameScenario10,Piedmont,mainGameOrder37,Safeway,Piedmont,14,8.1,5,0,mainGameOrder38,Safeway,Piedmont,20,8.1,6,0,mainGameOrder39,Safeway,Piedmont,19,7.4,6,0,mainGameOrder40,Safeway,Piedmont,23,11.8,2,0,mainGameOrder37+mainGameOrder40+mainGameOrder39,1.5217,mainGameOrder39+mainGameOrder40,1.6733,mainGameOrder39+mainGameOrder40,0.0906,bundle_correct,0,0.0906,0.0009,0,,,
p057,1,mainGameScenario1,Berkeley,mainGameOrder1,Berkeley Bowl,Berkeley,22,7.8,3,0,mainGameOrder2,Berkeley Bowl,Berkeley,22,8.4,6,0,mainGameOrder3,Berkeley Bowl,Berkeley,15,9,4,0,mainGameOrder4,Sprouts Farmers Market,Oakland,18,9.75,2,12,mainGameOrder1+mainGameOrder2+mainGameOrder3,1.6761,mainGameOrder1,2.037,mainGameOrder1,0.1772,over_bundle,0,0.1772,0.184,1,,,
p057,2,mainGameScenario2,Berkeley,mainGameOrder5,Berkeley Bowl,Berkeley,24,12,5,0,mainGameOrder6,Berkeley Bowl,Berkeley,15,11.4,4,0,mainGameOrder7,Berkeley Bowl,Berkeley,15,12,2,0,mainGameOrder8,Berkeley Bowl,Berkeley,20,7.8,3,0,mainGameOrder5+mainGameOrder8+mainGameOrder7,1.5206,mainGameOrder8,1.8519,mainGameOrder8,0.1789,over_bundle,0,0.1789,0.1789,1,,,
p057,3,mainGameScenario3,Berkeley,mainGameOrder9,Berkeley Bowl,Berkeley,15,13.2,3,0,mainGameOrder10,Sprouts Farmers Market,Oakland,23,12.75,3,12,mainGameOrder11,Berkeley Bowl,Berkeley,23,12,6,0,mainGameOrder12,Berkeley Bowl,Berkeley,16,7.8,6,0,mainGameOrder11+mainGameOrder9+mainGameOrder12,1.2162,mainGameOrder11,1.2778,mainGameOrder11,0.0482,over_bundle,0,0.0482,0.3444,1,,,
p057,4,mainGameScenario4,Berkeley,mainGameOrder13,Berkeley Bowl,Berkeley,17,7.2,4,0,mainGameOrder14,Berkeley Bowl,Berkeley,17,7.8,2,0,mainGameOrder15,Berkeley Bowl,Berkeley,20,12,2,0,mainGameOrder16,Berkeley Bowl,Berkeley,16,11.4,6,0,mainGameOrder15+mainGameOrder14+mainGameOrder13,1.6875,mainGameOrder14,1.7347,mainGameOrder14,0.0272,over_bundle,0,0.0272,0.0272,1,,,
p057,5,mainGameScenario5,Berkeley,mainGameOrder17,Sprouts Farmers Market,Oakland,14,7.5,4,12,mainGameOrder18,Safeway,Piedmont,20,12.5,5,14,mainGameOrder19,Sprouts Farmers Market,Oakland,17,8.25,4,12,mainGameOrder20,Safeway,Piedmont,13,8.1,4,14,mainGameOrder18+mainGameOrder20,0.782,mainGameOrder17+mainGameOrder19,0.8671,mainGameOrder17+mainGameOrder19,0.0982,bundle_correct,0,0.0982,0.3431,1,,,
p057,6,mainGameScenario6,Piedmont,mainGameOrder21,Sprouts Farmers Market,Oakland,19,12,2,8,mainGameOrder22,Sprouts Farmers Market,Oakland,22,8.25,2,8,mainGameOrder23,Sprouts Farmers Market,Oakland,24,8.25,6,8,mainGameOrder24,Sprouts Farmers Market,Oakland,18,9.75,2,8,mainGameOrder23+mainGameOrder22+mainGameOrder24,1.4463,mainGameOrder22+mainGameOrder23+mainGameOrder24,1.4463,mainGameOrder22,0,over_bundle,1,0,0.1774,1,,,
p057,7,mainGameScenario7,Oakland,mainGameOrder25,Sprouts Farmers Market,Oakland,12,13.5,4,0,mainGameOrder26,Target,Emeryville,17,13.5,2,8,mainGameOrder27,Sprouts Farmers Market,Oakland,21,9,4,0,mainGameOrder28,Sprouts Farmers Market,Oakland,21,8.25,3,0,mainGameOrder27+mainGameOrder28+mainGameOrder25,1.2934,mainGameOrder28,1.8667,mainGameOrder28,0.3071,over_bundle,0,0.3071,0.1742,1,,,
p057,8,mainGameScenario8,Oakland,mainGameOrder29,Sprouts Farmers Market,Oakland,17,8.25,3,0,mainGameOrder30,Sprouts Farmers Market,Oakland,15,13.5,6,0,mainGameOrder31,Sprouts Farmers Market,Oakland,15,12.75,5,0,mainGameOrder32,Sprouts Farmers Market,Oakland,14,8.25,3,0,mainGameOrder29+mainGameOrder32,1.3778,mainGameOrder29,1.5111,mainGameOrder29,0.0882,over_bundle,0,0.0882,0.0882,1,,,
p057,9,mainGameScenario9,Oakland,mainGameOrder33,Safeway,Piedmont,12,8.1,3,8,mainGameOrder34,Target,Emeryville,17,15.3,6,8,mainGameOrder35,Safeway,Piedmont,12,11.1,5,8,mainGameOrder36,Safeway,Piedmont,13,11.1,5,8,mainGameOrder33+mainGameOrder36,0.7396,mainGameOrder33+mainGameOrder35+mainGameOrder36,0.7856,mainGameOrder33+mainGameOrder35+mainGameOrder36,0.0585,bundle_correct,0,0.0585,0.0666,1,,,
p057,10,mainGameScenario10,Piedmont,mainGameOrder37,Safeway,Piedmont,14,8.1,5,0,mainGameOrder38,Safeway,Piedmont,20,8.1,6,0,mainGameOrder39,Safeway,Piedmont,19,7.4,6,0,mainGameOrder40,Safeway,Piedmont,23,11.8,2,0,mainGameOrder40+mainGameOrder38+mainGameOrder39,1.6712,mainGameOrder39+mainGameOrder40,1.6733,mainGameOrder39+mainGameOrder40,0.0013,bundle_correct,0,0.0013,0.0013,0,,,
p057,11,mainGameScenario11,Piedmont,mainGameOrder41,Berkeley Bowl,Berkeley,13,7.8,2,14,mainGameOrder42,Target,Emeryville,19,7.8,2,10,mainGameOrder43,Target,Emeryville,18,8.7,5,10,mainGameOrder44,Target,Emeryville,15,13.5,3,10,mainGameOrder43+mainGameOrder42,1.1672,mainGameOrder42+mainGameOrder43,1.1672,mainGameOrder42+mainGameOrder43,0,bundle_correct,0,0,0.1205,1,,,
p057,12,mainGameScenario12,Emeryville,mainGameOrder45,Target,Emeryville,16,13.5,3,0,mainGameOrder46,Target,Emeryville,14,9.6,5,0,mainGameOrder47,Target,Emeryville,22,13.5,6,0,mainGameOrder48,Target,Emeryville,14,13.5,2,0,mainGameOrder47+mainGameOrder45+mainGameOrder48,1.128,mainGameOrder45+mainGameOrder46+mainGameOrder47,1.1504,mainGameOrder45+mainGameOrder46+mainGameOrder47,0.0195,bundle_correct,0,0.0195,0.0035,0,,,
p057,13,mainGameScenario13,Emeryville,mainGameOrder49,Target,Emeryville,24,11.7,2,0,mainGameOrder50,Berkeley Bowl,Berkeley,17,8.4,6,8,mainGameOrder51,Berkeley Bowl,Berkeley,14,7.8,5,8,mainGameOrder52,Target,Emeryville,12,9.6,5,0,mainGameOrder49,1.7518,mainGameOrder49,1.7518,mainGameOrder49,0,over_bundle,0,0,0.0724,1,,,
p057,14,mainGameScenario14,Emeryville,mainGameOrder53,Target,Emeryville,21,13.5,6,0,mainGameOrder54,Target,Emeryville,14,13.5,5,0,mainGameOrder55,Target,Emeryville,22,13.5,6,0,mainGameOrder56,Target,Emeryville,18,7.8,6,0,mainGameOrder55+mainGameOrder56,1.2698,mainGameOrder56,1.3043,mainGameOrder56,0.0265,over_bundle,0,0.0265,0.0666,1,,,
p057,15,mainGameScenario15,Emeryville,mainGameOrder57,Safeway,Piedmont,22,7.4,4,10,mainGameOrder58,Sprouts Farmers Market,Oakland,18,13.5,2,8,mainGameOrder59,Safeway,Piedmont,17,7.4,4,10,mainGameOrder60,Safeway,Piedmont,22,11.8,5,10,mainGameOrder57+mainGameOrder60+mainGameOrder59,1.3436,mainGameOrder57+mainGameOrder59+mainGameOrder60,1.3436,mainGameOrder57+mainGameOrder59+mainGameOrder60,0,bundle_correct,0,0,0.1071,1,,,
p057,16,mainGameScenario16,Piedmont,mainGameOrder61,Safeway,Piedmont,24,12.5,3,0,mainGameOrder62,Safeway,Piedmont,24,8.1,2,0,mainGameOrder63,Safeway,Piedmont,18,12.5,4,0,mainGameOrder64,Safeway,Piedmont,22,11.1,2,0,mainGameOrder64+mainGameOrder61+mainGameOrder62,2.029,mainGameOrder62,2.3762,mainGameOrder62,0.1461,over_bundle,0,0.1461,0.1461,1,,,
p057,17,mainGameScenario17,Piedmont,mainGameOrder65,Safeway,Piedmont,19,7.4,6,0,mainGameOrder66,Sprouts Farmers Market,Oakland,22,7.5,3,8,mainGameOrder67,Sprouts Farmers Market,Oakland,17,12.75,6,8,mainGameOrder68,Sprouts Farmers Market,Oakland,13,12.75,6,8,mainGameOrder66,1.1892,mainGameOrder65,1.4179,mainGameOrder66,0.1613,over_bundle,1,0,0.1613,1,,,
p057,18,mainGameScenario18,Oakland,mainGameOrder69,Sprouts Farmers Market,Oakland,14,8.25,5,0,mainGameOrder70,Sprouts Farmers Market,Oakland,13,8.25,3,0,mainGameOrder71,Sprouts Farmers Market,Oakland,22,14.25,3,0,mainGameOrder72,Sprouts Farmers Market,Oakland,19,9,4,0,mainGameOrder71,1.2754,mainGameOrder72,1.4615,mainGameOrder71+mainGameOrder72,0.1274,bundle_correct,1,0.059,0.1274,1,,,
p057,19,mainGameScenario19,Oakland,mainGameOrder73,Sprouts Farmers Market,Oakland,12,12.75,5,0,mainGameOrder74,Safeway,Piedmont,17,7.4,5,8,mainGameOrder75,Sprouts Farmers Market,Oakland,18,9,3,0,mainGameOrder76,Sprouts Farmers Market,Oakland,24,14.25,2,0,mainGameOrder76+mainGameOrder75,1.4867,mainGameOrder75,1.5,mainGameOrder75,0.0088,over_bundle,0,0.0088,0.1549,1,,,
p058,1,mainGameScenario1,Berkeley,mainGameOrder1,Berkeley Bowl,Berkeley,22,7.8,3,0,mainGameOrder2,Berkeley Bowl,Berkeley,22,8.4,6,0,mainGameOrder3,Berkeley Bowl,Berkeley,15,9,4,0,mainGameOrder4,Sprouts Farmers Market,Oakland,18,9.75,2,12,mainGameOrder1+mainGameOrder2+mainGameOrder3,1.6761,mainGameOrder1,2.037,mainGameOrder1,0.1772,over_bundle,0,0.1772,0.184,1,,,
p058,2,mainGameScenario2,Berkeley,mainGameOrder5,Berkeley Bowl,Berkeley,24,12,5,0,mainGameOrder6,Berkeley Bowl,Berkeley,15,11.4,4,0,mainGameOrder7,Berkeley Bowl,Berkeley,15,12,2,0,mainGameOrder8,Berkeley Bowl,Berkeley,20,7.8,3,0,mainGameOrder5+mainGameOrder8+mainGameOrder7,1.5206,mainGameOrder8,1.8519,mainGameOrder8,0.1789,over_bundle,0,0.1789,0.1789,1,,,
p058,3,mainGameScenario3,Berkeley,mainGameOrder9,Berkeley Bowl,Berkeley,15,13.2,3,0,mainGameOrder10,Sprouts Farmers Market,Oakland,23,12.75,3,12,mainGameOrder11,Berkeley Bowl,Berkeley,23,12,6,0,mainGameOrder12,Berkeley Bowl,Berkeley,16,7.8,6,0,mainGameOrder9+mainGameOrder11+mainGameOrder12,1.2162,mainGameOrder11,1.2778,mainGameOrder11,0.0482,over_bundle,0,0.0482,0.3444,1,,,
p058,4,mainGameScenario4,Berkeley,mainGameOrder13,Berkeley Bowl,Berkeley,17,7.2,4,0,mainGameOrder14,Berkeley Bowl,Berkeley,17,7.8,2,0,mainGameOrder15,Berkeley Bowl,Berkeley,20,12,2,0,mainGameOrder16,Berkeley Bowl,Berkeley,16,11.4,6,0,mainGameOrder15+mainGameOrder13+mainGameOrder14,1.6875,mainGameOrder14,1.7347,mainGameOrder14,0.0272,over_bundle,0,0.0272,0.0272,1,,,
p058,5,mainGameScenario5,Berkeley,mainGameOrder17,Sprouts Farmers Market,Oakland,14,7.5,4,12,mainGameOrder18,Safeway,Piedmont,20,12.5,5,14,mainGameOrder19,Sprouts Farmers Market,Oakland,17,8.25,4,12,mainGameOrder20,Safeway,Piedmont,13,8.1,4,14,mainGameOrder18+mainGameOrder20,0.782,mainGameOrder17+mainGameOrder19,0.8671,mainGameOrder17+mainGameOrder19,0.0982,bundle_correct,0,0.0982,0.3431,1,,,
p058,6,mainGameScenario6,Piedmont,mainGameOrder21,Sprouts Farmers Market,Oakland,19,12,2,8,mainGameOrder22,Sprouts Farmers Market,Oakland,22,8.25,2,8,mainGameOrder23,Sprouts Farmers Market,Oakland,24,8.25,6,8,mainGameOrder24,Sprouts Farmers Market,Oakland,18,9.75,2,8,mainGameOrder21+mainGameOrder22+mainGameOrder23,1.3978,mainGameOrder22+mainGameOrder23+mainGameOrder24,1.4463,mainGameOrder22,0.0335,over_bundle,1,0,0.1838,1,,,
p058,7,mainGameScenario7,Oakland,mainGameOrder25,Sprouts Farmers Market,Oakland,12,13.5,4,0,mainGameOrder26,Target,Emeryville,17,13.5,2,8,mainGameOrder27,Sprouts Farmers Market,Oakland,21,9,4,0,mainGameOrder28,Sprouts Farmers Market,Oakland,21,8.25,3,0,mainGameOrder25+mainGameOrder27+mainGameOrder28,1.2934,mainGameOrder28,1.8667,mainGameOrder28,0.3071,over_bundle,0,0.3071,0.1742,1,,,
p058,8,mainGameScenario8,Oakland,mainGameOrder29,Sprouts Farmers Market,Oakland,17,8.25,3,0,mainGameOrder30,Sprouts Farmers Market,Oakland,15,13.5,6,0,mainGameOrder31,Sprouts Farmers Market,Oakland,15,12.75,5,0,mainGameOrder32,Sprouts Farmers Market,Oakland,14,8.25,3,0,mainGameOrder29+mainGameOrder30+mainGameOrder31,0.9691,mainGameOrder29,1.5111,mainGameOrder29,0.3587,over_bundle,0,0.3587,0.2233,1,,,
p058,9,mainGameScenario9,Oakland,mainGameOrder33,Safeway,Piedmont,12,8.1,3,8,mainGameOrder34,Target,Emeryville,17,15.3,6,8,mainGameOrder35,Safeway,Piedmont,12,11.1,5,8,mainGameOrder36,Safeway,Piedmont,13,11.1,5,8,mainGameOrder33+mainGameOrder35+mainGameOrder36,0.7856,mainGameOrder33+mainGameOrder35+mainGameOrder36,0.7856,mainGameOrder33+mainGameOrder35+mainGameOrder36,0,bundle_correct,0,0,0.1247,1,,,
p058,10,mainGameScenario10,Piedmont,mainGameOrder37,Safeway,Piedmont,14,8.1,5,0,mainGameOrder38,Safeway,Piedmont,20,8.1,6,0,mainGameOrder39,Safeway,Piedmont,19,7.4,6,0,mainGameOrder40,Safeway,Piedmont,23,11.8,2,0,mainGameOrder38+mainGameOrder40+mainGameOrder39,1.6712,mainGameOrder39+mainGameOrder40,1.6733,mainGameOrder39+mainGameOrder40,0.0013,bundle_correct,0,0.0013,0.0013,0,,,
p058,11,mainGameScenario11,Piedmont,mainGameOrder41,Berkeley Bowl,Berkeley,13,7.8,2,14,mainGameOrder42,Target,Emeryville,19,7.8,2,10,mainGameOrder43,Target,Emeryville,18,8.7,5,10,mainGameOrder44,Target,Emeryville,15,13.5,3,10,mainGameOrder43+mainGameOrder44+mainGameOrder42,1.1659,mainGameOrder42+mainGameOrder43,1.1672,mainGameOrder42+mainGameOrder43,0.0011,bundle_correct,0,0.0011,0.2237,1,,,
p058,12,mainGameScenario12,Emeryville,mainGameOrder45,Target,Emeryville,16,13.5,3,0,mainGameOrder46,Target,Emeryville,14,9.6,5,0,mainGameOrder47,Target,Emeryville,22,13.5,6,0,mainGameOrder48,Target,Emeryville,14,13.5,2,0,mainGameOrder47+mainGameOrder45+mainGameOrder46,1.1504,mainGameOrder45+mainGameOrder46+mainGameOrder47,1.1504,mainGameOrder45+mainGameOrder46+mainGameOrder47,0,bundle_correct,0,0,0,0,,,
p058,13,mainGameScenario13,Emeryville,mainGameOrder49,Target,Emeryville,24,11.7,2,0,mainGameOrder50,Berkeley Bowl,Berkeley,17,8.4,6,8,mainGameOrder51,Berkeley Bowl,Berkeley,14,7.8,5,8,mainGameOrder52,Target,Emeryville,12,9.6,5,0,mainGameOrder49+mainGameOrder52,1.3139,mainGameOrder49,1.7518,mainGameOrder49,0.25,over_bundle,0,0.25,0.2005,1,,,
p058,14,mainGameScenario14,Emeryville,mainGameOrder53,Target,Emeryville,21,13.5,6,0,mainGameOrder54,Target,Emeryville,14,13.5,5,0,mainGameOrder55,Target,Emeryville,22,13.5,6,0,mainGameOrder56,Target,Emeryville,18,7.8,6,0,mainGameOrder53+mainGameOrder55+mainGameOrder56,1.2869,mainGameOrder56,1.3043,mainGameOrder56,0.0134,over_bundle,0,0.0134,0.0134,1,,,
p058,15,mainGameScenario15,Emeryville,mainGameOrder57,Safeway,Piedmont,22,7.4,4,10,mainGameOrder58,Sprouts Farmers Market,Oakland,18,13.5,2,8,mainGameOrder59,Safeway,Piedmont,17,7.4,4,10,mainGameOrder60,Safeway,Piedmont,22,11.8,5,10,mainGameOrder57+mainGameOrder59+mainGameOrder60,1.3436,mainGameOrder57+mainGameOrder59+mainGameOrder60,1.3436,mainGameOrder57+mainGameOrder59+mainGameOrder60,0,bundle_correct,0,0,0.1071,1,,,
p058,16,mainGameScenario16,Piedmont,mainGameOrder61,Safeway,Piedmont,24,12.5,3,0,mainGameOrder62,Safeway,Piedmont,24,8.1,2,0,mainGameOrder63,Safeway,Piedmont,18,12.5,4,0,mainGameOrder64,Safeway,Piedmont,22,11.1,2,0,mainGameOrder61+mainGameOrder62+mainGameOrder64,2.029,mainGameOrder62,2.3762,mainGameOrder62,0.1461,over_bundle,0,0.1461,0.1461,1,,,
p058,17,mainGameScenario17,Piedmont,mainGameOrder65,Safeway,Piedmont,19,7.4,6,0,mainGameOrder66,Sprouts Farmers Market,Oakland,22,7.5,3,8,mainGameOrder67,Sprouts Farmers Market,Oakland,17,12.75,6,8,mainGameOrder68,Sprouts Farmers Market,Oakland,13,12.75,6,8,mainGameOrder66+mainGameOrder68+mainGameOrder67,0.9286,mainGameOrder65,1.4179,mainGameOrder66,0.3451,over_bundle,1,0.2192,0.3693,1,,,
p058,18,mainGameScenario18,Oakland,mainGameOrder69,Sprouts Farmers Market,Oakland,14,8.25,5,0,mainGameOrder70,Sprouts Farmers Market,Oakland,13,8.25,3,0,mainGameOrder71,Sprouts Farmers Market,Oakland,22,14.25,3,0,mainGameOrder72,Sprouts Farmers Market,Oakland,19,9,4,0,mainGameOrder71+mainGameOrder72+mainGameOrder69,1.2644,mainGameOrder72,1.4615,mainGameOrder71+mainGameOrder72,0.1349,bundle_correct,1,0.0671,0.1167,1,,,
p059,1,mainGameScenario1,Berkeley,mainGameOrder1,Berkeley Bowl,Berkeley,22,7.8,3,0,mainGameOrder2,Berkeley Bowl,Berkeley,22,8.4,6,0,mainGameOrder3,Berkeley Bowl,Berkeley,15,9,4,0,mainGameOrder4,Sprouts Farmers Market,Oakland,18,9.75,2,12,mainGameOrder3+mainGameOrder1+mainGameOrder2,1.6761,mainGameOrder1,2.037,mainGameOrder1,0.1772,over_bundle,0,0.1772,0.184,1,,,
p059,2,mainGameScenario2,Berkeley,mainGameOrder5,Berkeley Bowl,Berkeley,24,12,5,0,mainGameOrder6,Berkeley Bowl,Berkeley,15,11.4,4,0,mainGameOrder7,Berkeley Bowl,Berkeley,15,12,2,0,mainGameOrder8,Berkeley Bowl,Berkeley,20,7.8,3,0,mainGameOrder8+mainGameOrder5,1.6541,mainGameOrder8,1.8519,mainGameOrder8,0.1068,over_bundle,0,0.1068,0.1068,1,,,
p059,3,mainGameScenario3,Berkeley,mainGameOrder9,Berkeley Bowl,Berkeley,15,13.2,3,0,mainGameOrder10,Sprouts Farmers Market,Oakland,23,12.75,3,12,mainGameOrder11,Berkeley Bowl,Berkeley,23,12,6,0,mainGameOrder12,Berkeley Bowl,Berkeley,16,7.8,6,0,mainGameOrder11+mainGameOrder12,1.25,mainGameOrder11,1.2778,mainGameOrder11,0.0217,over_bundle,0,0.0217,0.3601,1,,,
p059,4,mainGameScenario4,Berkeley,mainGameOrder13,Berkeley Bowl,Berkeley,17,7.2,4,0,mainGameOrder14,Berkeley Bowl,Berkeley,17,7.8,2,0,mainGameOrder15,Berkeley Bowl,Berkeley,20,12,2,0,mainGameOrder16,Berkeley Bowl,Berkeley,16,11.4,6,0,mainGameOrder14+mainGameOrder13+mainGameOrder15,1.6875,mainGameOrder14,1.7347,mainGameOrder14,0.0272,over_bundle,0,0.0272,0.0272,1,,,
p059,5,mainGameScenario5,Berkeley,mainGameOrder17,Sprouts Farmers Market,Oakland,14,7.5,4,12,mainGameOrder18,Safeway,Piedmont,20,12.5,5,14,mainGameOrder19,Sprouts Farmers Market,Oakland,17,8.25,4,12,mainGameOrder20,Safeway,Piedmont,13,8.1,4,14,mainGameOrder19,0.701,mainGameOrder17+mainGameOrder19,0.8671,mainGameOrder17+mainGameOrder19,0.1916,bundle_correct,0,0.1916,0.2826,1,,,
p059,6,mainGameScenario6,Oakland,mainGameOrder21,Sprouts Farmers Market,Oakland,19,12,2,0,mainGameOrder22,Sprouts Farmers Market,Oakland,22,8.25,2,0,mainGameOrder23,Sprouts Farmers Market,Oakland,24,8.25,6,0,mainGameOrder24,Sprouts Farmers Market,Oakland,18,9.75,2,0,mainGameOrder23+mainGameOrder21+mainGameOrder22,1.6883,mainGameOrder22,2.1463,mainGameOrder22,0.2134,over_bundle,0,0.2134,0.1838,1,,,
p059,7,mainGameScenario7,Oakland,mainGameOrder25,Sprouts Farmers Market,Oakland,12,13.5,4,0,mainGameOrder26,Target,Emeryville,17,13.5,2,8,mainGameOrder27,Sprouts Farmers Market,Oakland,21,9,4,0,mainGameOrder28,Sprouts Farmers Market,Oakland,21,8.25,3,0,mainGameOrder28+mainGameOrder27,1.732,mainGameOrder28,1.8667,mainGameOrder28,0.0722,over_bundle,0,0.0722,0.0722,1,,,
p059,8,mainGameScenario8,Oakland,mainGameOrder29,Sprouts Farmers Market,Oakland,17,8.25,3,0,mainGameOrder30,Sprouts Farmers Market,Oakland,15,13.5,6,0,mainGameOrder31,Sprouts Farmers Market,Oakland,15,12.75,5,0,mainGameOrder32,Sprouts Farmers Market,Oakland,14,8.25,3,0,mainGameOrder29+mainGameOrder32,1.3778,mainGameOrder29,1.5111,mainGameOrder29,0.0882,over_bundle,0,0.0882,0.0882,1,,,
p059,9,mainGameScenario9,Oakland,mainGameOrder33,Safeway,Piedmont,12,8.1,3,8,mainGameOrder34,Target,Emeryville,17,15.3,6,8,mainGameOrder35,Safeway,Piedmont,12,11.1,5,8,mainGameOrder36,Safeway,Piedmont,13,11.1,5,8,mainGameOrder33,0.6283,mainGameOrder33+mainGameOrder35+mainGameOrder36,0.7856,mainGameOrder33+mainGameOrder35+mainGameOrder36,0.2002,bundle_correct,0,0.2002,0.3139,1,,,
p059,10,mainGameScenario10,Piedmont,mainGameOrder37,Safeway,Piedmont,14,8.1,5,0,mainGameOrder38,Safeway,Piedmont,20,8.1,6,0,mainGameOrder39,Safeway,Piedmont,19,7.4,6,0,mainGameOrder40,Safeway,Piedmont,23,11.8,2,0,mainGameOrder40+mainGameOrder38+mainGameOrder39,1.6712,mainGameOrder39+mainGameOrder40,1.6733,mainGameOrder39+mainGameOrder40,0.0013,bundle_correct,0,0.0013,0.0013,0,,,
p059,11,mainGameScenario11,Piedmont,mainGameOrder41,Berkeley Bowl,Berkeley,13,7.8,2,14,mainGameOrder42,Target,Emeryville,19,7.8,2,10,mainGameOrder43,Target,Emeryville,18,8.7,5,10,mainGameOrder44,Target,Emeryville,15,13.5,3,10,mainGameOrder43+mainGameOrder42,1.1672,mainGameOrder42+mainGameOrder43,1.1672,mainGameOrder42+mainGameOrder43,0,bundle_correct,0,0,0.1205,1,,,
p059,12,mainGameScenario12,Emeryville,mainGameOrder45,Target,Emeryville,16,13.5,3,0,mainGameOrder46,Target,Emeryville,14,9.6,5,0,mainGameOrder47,Target,Emeryville,22,13.5,6,0,mainGameOrder48,Target,Emeryville,14,13.5,2,0,mainGameOrder47,1.1282,mainGameOrder45+mainGameOrder46+mainGameOrder47,1.1504,mainGameOrder45+mainGameOrder46+mainGameOrder47,0.0193,bundle_correct,0,0.0193,0.189,1,,,
p059,13,mainGameScenario13,Emeryville,mainGameOrder49,Target,Emeryville,24,11.7,2,0,mainGameOrder50,Berkeley Bowl,Berkeley,17,8.4,6,8,mainGameOrder51,Berkeley Bowl,Berkeley,14,7.8,5,8,mainGameOrder52,Target,Emeryville,12,9.6,5,0,mainGameOrder49,1.7518,mainGameOrder49,1.7518,mainGameOrder49,0,over_bundle,0,0,0.0724,1,,,
p059,14,mainGameScenario14,Emeryville,mainGameOrder53,Target,Emeryville,21,13.5,6,0,mainGameOrder54,Target,Emeryville,14,13.5,5,0,mainGameOrder55,Target,Emeryville,22,13.5,6,0,mainGameOrder56,Target,Emeryville,18,7.8,6,0,mainGameOrder55+mainGameOrder53+mainGameOrder56,1.2869,mainGameOrder56,1.3043,mainGameOrder56,0.0134,over_bundle,0,0.0134,0.0134,1,,,
p059,15,mainGameScenario15,Emeryville,mainGameOrder57,Safeway,Piedmont,22,7.4,4,10,mainGameOrder58,Sprouts Farmers Market,Oakland,18,13.5,2,8,mainGameOrder59,Safeway,Piedmont,17,7.4,4,10,mainGameOrder60,Safeway,Piedmont,22,11.8,5,10,mainGameOrder58,0.766,mainGameOrder57+mainGameOrder59+mainGameOrder60,1.3436,mainGameOrder57+mainGameOrder59+mainGameOrder60,0.4299,bundle_correct,0,0.4299,0.4293,1,,,
p059,16,mainGameScenario16,Oakland,mainGameOrder61,Safeway,Piedmont,24,12.5,3,8,mainGameOrder62,Safeway,Piedmont,24,8.1,2,8,mainGameOrder63,Safeway,Piedmont,18,12.5,4,8,mainGameOrder64,Safeway,Piedmont,22,11.1,2,8,mainGameOrder62+mainGameOrder61+mainGameOrder64,1.6471,mainGameOrder61+mainGameOrder62+mainGameOrder64,1.6471,mainGameOrder62,0,over_bundle,1,0,0.1461,1,,,
p059,17,mainGameScenario17,Piedmont,mainGameOrder65,Safeway,Piedmont,19,7.4,6,0,mainGameOrder66,Sprouts Farmers Market,Oakland,22,7.5,3,8,mainGameOrder67,Sprouts Farmers Market,Oakland,17,12.75,6,8,mainGameOrder68,Sprouts Farmers Market,Oakland,13,12.75,6,8,mainGameOrder65,1.4179,mainGameOrder65,1.4179,mainGameOrder66,0,over_bundle,1,0,0.5763,1,,,
p059,18,mainGameScenario18,Piedmont,mainGameOrder69,Sprouts Farmers Market,Oakland,14,8.25,5,8,mainGameOrder70,Sprouts Farmers Market,Oakland,13,8.25,3,8,mainGameOrder71,Sprouts Farmers Market,Oakland,22,14.25,3,8,mainGameOrder72,Sprouts Farmers Market,Oakland,19,9,4,8,mainGameOrder71+mainGameOrder72+mainGameOrder70,1.0909,mainGameOrder70+mainGameOrder71+mainGameOrder72,1.0909,mainGameOrder71+mainGameOrder72,0,bundle_correct,1,0,0.1097,1,,,
p059,19,mainGameScenario19,Oakland,mainGameOrder73,Sprouts Farmers Market,Oakland,12,12.75,5,0,mainGameOrder74,Safeway,Piedmont,17,7.4,5,8,mainGameOrder75,Sprouts Farmers Market,Oakland,18,9,3,0,mainGameOrder76,Sprouts Farmers Market,Oakland,24,14.25,2,0,mainGameOrder75+mainGameOrder76,1.4867,mainGameOrder75,1.5,mainGameOrder75,0.0088,over_bundle,0,0.0088,0.1549,1,,,
p059,20,mainGameScenario20,Oakland,mainGameOrder77,Sprouts Farmers Market,Oakland,24,14.25,6,0,mainGameOrder78,Sprouts Farmers Market,Oakland,23,8.25,4,0,mainGameOrder79,Sprouts Farmers Market,Oakland,17,14.25,4,0,mainGameOrder80,Sprouts Farmers Market,Oakland,20,11.25,5,0,mainGameOrder78+mainGameOrder80+mainGameOrder77,1.3744,mainGameOrder78,1.8776,mainGameOrder78,0.268,over_bundle,0,0.268,0.268,1,,,
p059,21,mainGameScenario21,Oakland,mainGameOrder81,Safeway,Piedmont,20,8.1,4,8,mainGameOrder82,Safeway,Piedmont,17,12.5,2,8,mainGameOrder83,Berkeley Bowl,Berkeley,24,7.8,3,12,mainGameOrder84,Safeway,Piedmont,21,7.4,3,8,mainGameOrder84+mainGameOrder81,1.4089,mainGameOrder81+mainGameOrder82+mainGameOrder84,1.4216,mainGameOrder81+mainGameOrder84,0.0089,bundle_correct,1,0,0.4655,1,,,
p059,22,mainGameScenario22,Piedmont,mainGameOrder85,Safeway,Piedmont,17,8.1,2,0,mainGameOrder86,Safeway,Piedmont,22,8.1,3,0,mainGameOrder87,Safeway,Piedmont,19,11.1,2,0,mainGameOrder88,Safeway,Piedmont,16,7.4,2,0,mainGameOrder87+mainGameOrder85+mainGameOrder86,1.8831,mainGameOrder86+mainGameOrder88,2.0652,mainGameOrder86+mainGameOrder88,0.0882,bundle_correct,0,0.0882,0.0721,1,,,
p059,23,mainGameScenario23,Piedmont,mainGameOrder89,Safeway,Piedmont,16,11.1,6,0,mainGameOrder90,Berkeley Bowl,Berkeley,21,11.4,2,14,mainGameOrder91,Safeway,Piedmont,22,11.8,5,0,mainGameOrder92,Safeway,Piedmont,19,11.1,5,0,mainGameOrder91+mainGameOrder92,1.3621,mainGameOrder91+mainGameOrder92,1.3621,mainGameOrder91+mainGameOrder92,0,bundle_correct,0,0,0.4068,1,,,
p059,24,mainGameScenario24,Piedmont,mainGameOrder93,Safeway,Piedmont,17,8.1,6,0,mainGameOrder94,Safeway,Piedmont,21,8.1,3,0,mainGameOrder95,Safeway,Piedmont,19,8.1,3,0,mainGameOrder96,Safeway,Piedmont,15,7.4,6,0,mainGameOrder95+mainGameOrder93+mainGameOrder94,1.7015,mainGameOrder94,1.8919,mainGameOrder94,0.1006,over_bundle,0,0.1006,0.1006,1,,,
p059,25,mainGameScenario25,Piedmont,mainGameOrder97,Sprouts Farmers Market,Oakland,12,13.5,5,8,mainGameOrder98,Target,Emeryville,18,13.5,6,10,mainGameOrder99,Target,Emeryville,17,10.5,3,10,mainGameOrder100,Sprouts Farmers Market,Oakland,15,9,5,8,mainGameOrder100,0.6818,mainGameOrder98+mainGameOrder99,0.8495,mainGameOrder98+mainGameOrder99,0.1974,bundle_correct,0,0.1974,0.4586,1,,,
p059,26,mainGameScenario26,Oakland,mainGameOrder101,Target,Emeryville,22,8.7,2,8,mainGameOrder102,Target,Emeryville,16,13.5,3,8,mainGameOrder103,Target,Emeryville,17,9.6,2,8,mainGameOrder104,Target,Emeryville,19,15.3,2,8,mainGameOrder101+mainGameOrder103+mainGameOrder104,1.3182,mainGameOrder101+mainGameOrder103,1.3265,mainGameOrder101,0.0063,over_bundle,1,0,0.2164,1,,,
p059,27,mainGameScenario27,Emeryville,mainGameOrder105,Target,Emeryville,18,8.7,2,0,mainGameOrder106,Target,Emeryville,21,14.4,6,0,mainGameOrder107,Target,Emeryville,14,10.5,2,0,mainGameOrder108,Berkeley Bowl,Berkeley,24,7.8,6,8,mainGameOrder105+mainGameOrder107+mainGameOrder106,1.325,mainGameOrder105,1.6822,mainGameOrder105,0.2124,over_bundle,0,0.2124,0.3651,1,,,
p060,1,mainGameScenario1,Berkeley,mainGameOrder1,Berkeley Bowl,Berkeley,22,7.8,3,0,mainGameOrder2,Berkeley Bowl,Berkeley,22,8.4,6,0,mainGameOrder3,Berkeley Bowl,Berkeley,15,9,4,0,mainGameOrder4,Sprouts Farmers Market,Oakland,18,9.75,2,12,mainGameOrder1+mainGameOrder2+mainGameOrder3,1.6761,mainGameOrder1,2.037,mainGameOrder1,0.1772,over_bundle,0,0.1772,0,0,Berkeley,mainGameOrder1,
p061,1,mainGameScenario1,Berkeley,mainGameOrder1,Berkeley Bowl,Berkeley,22,7.8,3,0,mainGameOrder2,Berkeley Bowl,Berkeley,22,8.4,6,0,mainGameOrder3,Berkeley Bowl,Berkeley,15,9,4,0,mainGameOrder4,Sprouts Farmers Market,Oakland,18,9.75,2,12,mainGameOrder1,2.037,mainGameOrder1,2.037,mainGameOrder1,0,over_bundle,0,0,0.3701,1,Berkeley,mainGameOrder1,
p061,2,mainGameScenario2,Berkeley,mainGameOrder5,Berkeley Bowl,Berkeley,24,12,5,0,mainGameOrder6,Berkeley Bowl,Berkeley,15,11.4,4,0,mainGameOrder7,Berkeley Bowl,Berkeley,15,12,2,0,mainGameOrder8,Berkeley Bowl,Berkeley,20,7.8,3,0,mainGameOrder5,1.4118,mainGameOrder8,1.8519,mainGameOrder8,0.2376,over_bundle,0,0.2376,0.0695,1,Berkeley,mainGameOrder8,
p061,3,mainGameScenario3,Berkeley,mainGameOrder9,Berkeley Bowl,Berkeley,15,13.2,3,0,mainGameOrder10,Sprouts Farmers Market,Oakland,23,12.75,3,12,mainGameOrder11,Berkeley Bowl,Berkeley,23,12,6,0,mainGameOrder12,Berkeley Bowl,Berkeley,16,7.8,6,0,mainGameOrder11,1.2778,mainGameOrder11,1.2778,mainGameOrder11,0,over_bundle,0,0,0.475,1,Berkeley,mainGameOrder11,
p061,4,mainGameScenario4,Berkeley,mainGameOrder13,Berkeley Bowl,Berkeley,17,7.2,4,0,mainGameOrder14,Berkeley Bowl,Berkeley,17,7.8,2,0,mainGameOrder15,Berkeley Bowl,Berkeley,20,12,2,0,mainGameOrder16,Berkeley Bowl,Berkeley,16,11.4,6,0,mainGameOrder13,1.5179,mainGameOrder14,1.7347,mainGameOrder14,0.125,over_bundle,0,0.125,0.3003,1,Berkeley,mainGameOrder14,
p061,5,mainGameScenario5,Berkeley,mainGameOrder17,Sprouts Farmers Market,Oakland,14,7.5,4,12,mainGameOrder18,Safeway,Piedmont,20,12.5,5,14,mainGameOrder19,Sprouts Farmers Market,Oakland,17,8.25,4,12,mainGameOrder20,Safeway,Piedmont,13,8.1,4,14,mainGameOrder20,0.4981,mainGameOrder17+mainGameOrder19,0.8671,mainGameOrder17+mainGameOrder19,0.4256,bundle_correct,0,0.4256,0.4521,1,Berkeley,mainGameOrder17+mainGameOrder19,
p061,6,mainGameScenario6,Piedmont,mainGameOrder21,Sprouts Farmers Market,Oakland,19,12,2,8,mainGameOrder22,Sprouts Farmers Market,Oakland,22,8.25,2,8,mainGameOrder23,Sprouts Farmers Market,Oakland,24,8.25,6,8,mainGameOrder24,Sprouts Farmers Market,Oakland,18,9.75,2,8,mainGameOrder23,1.0787,mainGameOrder22+mainGameOrder23+mainGameOrder24,1.4463,mainGameOrder22,0.2542,over_bundle,1,0.1052,0.0954,1,Emeryville,mainGameOrder22,
p061,7,mainGameScenario7,Oakland,mainGameOrder25,Sprouts Farmers Market,Oakland,12,13.5,4,0,mainGameOrder26,Target,Emeryville,17,13.5,2,8,mainGameOrder27,Sprouts Farmers Market,Oakland,21,9,4,0,mainGameOrder28,Sprouts Farmers Market,Oakland,21,8.25,3,0,mainGameOrder28,1.8667,mainGameOrder28,1.8667,mainGameOrder28,0,over_bundle,0,0,0.2204,1,Oakland,mainGameOrder28,
p061,8,mainGameScenario8,Oakland,mainGameOrder29,Sprouts Farmers Market,Oakland,17,8.25,3,0,mainGameOrder30,Sprouts Farmers Market,Oakland,15,13.5,6,0,mainGameOrder31,Sprouts Farmers Market,Oakland,15,12.75,5,0,mainGameOrder32,Sprouts Farmers Market,Oakland,14,8.25,3,0,mainGameOrder32,1.2444,mainGameOrder29,1.5111,mainGameOrder29,0.1765,over_bundle,0,0.1765,0.1534,1,Oakland,mainGameOrder29,
p061,9,mainGameScenario9,Oakland,mainGameOrder33,Safeway,Piedmont,12,8.1,3,8,mainGameOrder34,Target,Emeryville,17,15.3,6,8,mainGameOrder35,Safeway,Piedmont,12,11.1,5,8,mainGameOrder36,Safeway,Piedmont,13,11.1,5,8,mainGameOrder33+mainGameOrder35,0.7101,mainGameOrder33+mainGameOrder35+mainGameOrder36,0.7856,mainGameOrder33+mainGameOrder35+mainGameOrder36,0.0961,bundle_correct,0,0.0961,0.0639,1,Oakland,mainGameOrder33+mainGameOrder35+mainGameOrder36,
p061,10,mainGameScenario10,Piedmont,mainGameOrder37,Safeway,Piedmont,14,8.1,5,0,mainGameOrder38,Safeway,Piedmont,20,8.1,6,0,mainGameOrder39,Safeway,Piedmont,19,7.4,6,0,mainGameOrder40,Safeway,Piedmont,23,11.8,2,0,mainGameOrder38,1.4184,mainGameOrder39+mainGameOrder40,1.6733,mainGameOrder39+mainGameOrder40,0.1523,bundle_correct,0,0.1523,0.2611,1,Piedmont,mainGameOrder39+mainGameOrder40,
p061,11,mainGameScenario11,Piedmont,mainGameOrder41,Berkeley Bowl,Berkeley,13,7.8,2,14,mainGameOrder42,Target,Emeryville,19,7.8,2,10,mainGameOrder43,Target,Emeryville,18,8.7,5,10,mainGameOrder44,Target,Emeryville,15,13.5,3,10,mainGameOrder43,0.7595,mainGameOrder42+mainGameOrder43,1.1672,mainGameOrder42+mainGameOrder43,0.3493,bundle_correct,0,0.3493,0.0524,1,Piedmont,mainGameOrder42+mainGameOrder43,
p061,12,mainGameScenario12,Emeryville,mainGameOrder45,Target,Emeryville,16,13.5,3,0,mainGameOrder46,Target,Emeryville,14,9.6,5,0,mainGameOrder47,Target,Emeryville,22,13.5,6,0,mainGameOrder48,Target,Emeryville,14,13.5,2,0,mainGameOrder46,0.9589,mainGameOrder45+mainGameOrder46+mainGameOrder47,1.1504,mainGameOrder45+mainGameOrder46+mainGameOrder47,0.1665,bundle_correct,0,0.1665,0.2294,1,Emeryville,mainGameOrder45+mainGameOrder46+mainGameOrder47,
p061,13,mainGameScenario13,Emeryville,mainGameOrder49,Target,Emeryville,24,11.7,2,0,mainGameOrder50,Berkeley Bowl,Berkeley,17,8.4,6,8,mainGameOrder51,Berkeley Bowl,Berkeley,14,7.8,5,8,mainGameOrder52,Target,Emeryville,12,9.6,5,0,mainGameOrder49,1.7518,mainGameOrder49,1.7518,mainGameOrder49,0,over_bundle,0,0,0.0724,1,Emeryville,mainGameOrder49,
p061,14,mainGameScenario14,Emeryville,mainGameOrder53,Target,Emeryville,21,13.5,6,0,mainGameOrder54,Target,Emeryville,14,13.5,5,0,mainGameOrder55,Target,Emeryville,22,13.5,6,0,mainGameOrder56,Target,Emeryville,18,7.8,6,0,mainGameOrder56,1.3043,mainGameOrder56,1.3043,mainGameOrder56,0,over_bundle,0,0,0.2883,1,Emeryville,mainGameOrder56,
p061,15,mainGameScenario15,Emeryville,mainGameOrder57,Safeway,Piedmont,22,7.4,4,10,mainGameOrder58,Sprouts Farmers Market,Oakland,18,13.5,2,8,mainGameOrder59,Safeway,Piedmont,17,7.4,4,10,mainGameOrder60,Safeway,Piedmont,22,11.8,5,10,mainGameOrder57,1.028,mainGameOrder57+mainGameOrder59+mainGameOrder60,1.3436,mainGameOrder57+mainGameOrder59+mainGameOrder60,0.2349,bundle_correct,0,0.2349,0.2986,1,Emeryville,mainGameOrder57+mainGameOrder59+mainGameOrder60,
p061,16,mainGameScenario16,Piedmont,mainGameOrder61,Safeway,Piedmont,24,12.5,3,0,mainGameOrder62,Safeway,Piedmont,24,8.1,2,0,mainGameOrder63,Safeway,Piedmont,18,12.5,4,0,mainGameOrder64,Safeway,Piedmont,22,11.1,2,0,mainGameOrder62,2.3762,mainGameOrder62,2.3762,mainGameOrder62,0,over_bundle,0,0,0.31,1,Piedmont,mainGameOrder62,
p061,17,mainGameScenario17,Piedmont,mainGameOrder65,Safeway,Piedmont,19,7.4,6,0,mainGameOrder66,Sprouts Farmers Market,Oakland,22,7.5,3,8,mainGameOrder67,Sprouts Farmers Market,Oakland,17,12.75,6,8,mainGameOrder68,Sprouts Farmers Market,Oakland,13,12.75,6,8,mainGameOrder65,1.4179,mainGameOrder65,1.4179,mainGameOrder66,0,over_bundle,1,0,0.5763,1,Piedmont,mainGameOrder66,
p061,18,mainGameScenario18,Piedmont,mainGameOrder69,Sprouts Farmers Market,Oakland,14,8.25,5,8,mainGameOrder70,Sprouts Farmers Market,Oakland,13,8.25,3,8,mainGameOrder71,Sprouts Farmers Market,Oakland,22,14.25,3,8,mainGameOrder72,Sprouts Farmers Market,Oakland,19,9,4,8,mainGameOrder72,0.9048,mainGameOrder70+mainGameOrder71+mainGameOrder72,1.0909,mainGameOrder71+mainGameOrder72,0.1706,bundle_correct,1,0.1559,0.247,1,Piedmont,mainGameOrder71+mainGameOrder72,
p061,19,mainGameScenario19,Oakland,mainGameOrder73,Sprouts Farmers Market,Oakland,12,12.75,5,0,mainGameOrder74,Safeway,Piedmont,17,7.4,5,8,mainGameOrder75,Sprouts Farmers Market,Oakland,18,9,3,0,mainGameOrder76,Sprouts Farmers Market,Oakland,24,14.25,2,0,mainGameOrder76,1.4769,mainGameOrder75,1.5,mainGameOrder75,0.0154,over_bundle,0,0.0154,0.2627,1,Oakland,mainGameOrder75,
p061,20,mainGameScenario20,Oakland,mainGameOrder77,Sprouts Farmers Market,Oakland,24,14.25,6,0,mainGameOrder78,Sprouts Farmers Market,Oakland,23,8.25,4,0,mainGameOrder79,Sprouts Farmers Market,Oakland,17,14.25,4,0,mainGameOrder80,Sprouts Farmers Market,Oakland,20,11.25,5,0,mainGameOrder78,1.8776,mainGameOrder78,1.8776,mainGameOrder78,0,over_bundle,0,0,0.14,1,Oakland,mainGameOrder78,
p061,21,mainGameScenario21,Oakland,mainGameOrder81,Safeway,Piedmont,20,8.1,4,8,mainGameOrder82,Safeway,Piedmont,17,12.5,2,8,mainGameOrder83,Berkeley Bowl,Berkeley,24,7.8,3,12,mainGameOrder84,Safeway,Piedmont,21,7.4,3,8,mainGameOrder83,1.0526,mainGameOrder81+mainGameOrder82+mainGameOrder84,1.4216,mainGameOrder81+mainGameOrder84,0.2595,bundle_correct,1,0.2529,0.5207,1,Oakland,mainGameOrder81+mainGameOrder84,
p061,22,mainGameScenario22,Berkeley,mainGameOrder85,Safeway,Piedmont,17,8.1,2,14,mainGameOrder86,Safeway,Piedmont,22,8.1,3,14,mainGameOrder87,Safeway,Piedmont,19,11.1,2,14,mainGameOrder88,Safeway,Piedmont,16,7.4,2,14,mainGameOrder86,0.8765,mainGameOrder85+mainGameOrder86+mainGameOrder88,1.3158,mainGameOrder86+mainGameOrder88,0.3339,bundle_correct,1,0.2527,0.2936,1,Berkeley,mainGameOrder86+mainGameOrder88,
p062,1,mainGameScenario1,Berkeley,mainGameOrder1,Berkeley Bowl,Berkeley,22,7.8,3,0,mainGameOrder2,Berkeley Bowl,Berkeley,22,8.4,6,0,mainGameOrder3,Berkeley Bowl,Berkeley,15,9,4,0,mainGameOrder4,Sprouts Farmers Market,Oakland,18,9.75,2,12,mainGameOrder1+mainGameOrder2+mainGameOrder3,1.6761,mainGameOrder1,2.037,mainGameOrder1,0.1772,over_bundle,0,0.1772,0.184,1,Berkeley,mainGameOrder1,
p062,2,mainGameScenario2,Berkeley,mainGameOrder5,Berkeley Bowl,Berkeley,24,12,5,0,mainGameOrder6,Berkeley Bowl,Berkeley,15,11.4,4,0,mainGameOrder7,Berkeley Bowl,Berkeley,15,12,2,0,mainGameOrder8,Berkeley Bowl,Berkeley,20,7.8,3,0,mainGameOrder5+mainGameOrder7+mainGameOrder8,1.5206,mainGameOrder8,1.8519,mainGameOrder8,0.1789,over_bundle,0,0.1789,0.1789,1,Berkeley,mainGameOrder8,
p062,3,mainGameScenario3,Berkeley,mainGameOrder9,Berkeley Bowl,Berkeley,15,13.2,3,0,mainGameOrder10,Sprouts Farmers Market,Oakland,23,12.75,3,12,mainGameOrder11,Berkeley Bowl,Berkeley,23,12,6,0,mainGameOrder12,Berkeley Bowl,Berkeley,16,7.8,6,0,mainGameOrder11+mainGameOrder9+mainGameOrder12,1.2162,mainGameOrder11,1.2778,mainGameOrder11,0.0482,over_bundle,0,0.0482,0.3444,1,Berkeley,mainGameOrder11,
p062,4,mainGameScenario4,Berkeley,mainGameOrder13,Berkeley Bowl,Berkeley,17,7.2,4,0,mainGameOrder14,Berkeley Bowl,Berkeley,17,7.8,2,0,mainGameOrder15,Berkeley Bowl,Berkeley,20,12,2,0,mainGameOrder16,Berkeley Bowl,Berkeley,16,11.4,6,0,mainGameOrder15+mainGameOrder16+mainGameOrder14,1.3874,mainGameOrder14,1.7347,mainGameOrder14,0.2002,over_bundle,0,0.2002,0.0651,1,Berkeley,mainGameOrder14,
p062,5,mainGameScenario5,Berkeley,mainGameOrder17,Sprouts Farmers Market,Oakland,14,7.5,4,12,mainGameOrder18,Safeway,Piedmont,20,12.5,5,14,mainGameOrder19,Sprouts Farmers Market,Oakland,17,8.25,4,12,mainGameOrder20,Safeway,Piedmont,13,8.1,4,14,mainGameOrder18+mainGameOrder20,0.782,mainGameOrder17+mainGameOrder19,0.8671,mainGameOrder17+mainGameOrder19,0.0982,bundle_correct,0,0.0982,0.3431,1,Berkeley,mainGameOrder17+mainGameOrder19,
p062,6,mainGameScenario6,Piedmont,mainGameOrder21,Sprouts Farmers Market,Oakland,19,12,2,8,mainGameOrder22,Sprouts Farmers Market,Oakland,22,8.25,2,8,mainGameOrder23,Sprouts Farmers Market,Oakland,24,8.25,6,8,mainGameOrder24,Sprouts Farmers Market,Oakland,18,9.75,2,8,mainGameOrder24+mainGameOrder23,1.2353,mainGameOrder22+mainGameOrder23+mainGameOrder24,1.4463,mainGameOrder22,0.1459,over_bundle,1,0,0.1015,1,Piedmont,mainGameOrder22,
p062,7,mainGameScenario7,Oakland,mainGameOrder25,Sprouts Farmers Market,Oakland,12,13.5,4,0,mainGameOrder26,Target,Emeryville,17,13.5,2,8,mainGameOrder27,Sprouts Farmers Market,Oakland,21,9,4,0,mainGameOrder28,Sprouts Farmers Market,Oakland,21,8.25,3,0,mainGameOrder25+mainGameOrder27+mainGameOrder28,1.2934,mainGameOrder28,1.8667,mainGameOrder28,0.3071,over_bundle,0,0.3071,0.1742,1,Oakland,mainGameOrder28,
p062,8,mainGameScenario8,Oakland,mainGameOrder29,Sprouts Farmers Market,Oakland,17,8.25,3,0,mainGameOrder30,Sprouts Farmers Market,Oakland,15,13.5,6,0,mainGameOrder31,Sprouts Farmers Market,Oakland,15,12.75,5,0,mainGameOrder32,Sprouts Farmers Market,Oakland,14,8.25,3,0,mainGameOrder32+mainGameOrder31+mainGameOrder30,0.9072,mainGameOrder29,1.5111,mainGameOrder29,0.3996,over_bundle,0,0.3996,0.209,1,Oakland,mainGameOrder29,
p062,9,mainGameScenario9,Oakland,mainGameOrder33,Safeway,Piedmont,12,8.1,3,8,mainGameOrder34,Target,Emeryville,17,15.3,6,8,mainGameOrder35,Safeway,Piedmont,12,11.1,5,8,mainGameOrder36,Safeway,Piedmont,13,11.1,5,8,mainGameOrder33+mainGameOrder35+mainGameOrder36,0.7856,mainGameOrder33+mainGameOrder35+mainGameOrder36,0.7856,mainGameOrder33+mainGameOrder35+mainGameOrder36,0,bundle_correct,0,0,0.1247,1,Oakland,mainGameOrder33+mainGameOrder35+mainGameOrder36,
p062,10,mainGameScenario10,Piedmont,mainGameOrder37,Safeway,Piedmont,14,8.1,5,0,mainGameOrder38,Safeway,Piedmont,20,8.1,6,0,mainGameOrder39,Safeway,Piedmont,19,7.4,6,0,mainGameOrder40,Safeway,Piedmont,23,11.8,2,0,mainGameOrder40+mainGameOrder38+mainGameOrder39,1.6712,mainGameOrder39+mainGameOrder40,1.6733,mainGameOrder39+mainGameOrder40,0.0013,bundle_correct,0,0.0013,0.0013,0,Piedmont,mainGameOrder39+mainGameOrder40,
p062,11,mainGameScenario11,Piedmont,mainGameOrder41,Berkeley Bowl,Berkeley,13,7.8,2,14,mainGameOrder42,Target,Emeryville,19,7.8,2,10,mainGameOrder43,Target,Emeryville,18,8.7,5,10,mainGameOrder44,Target,Emeryville,15,13.5,3,10,mainGameOrder43+mainGameOrder44+mainGameOrder42,1.1659,mainGameOrder42+mainGameOrder43,1.1672,mainGameOrder42+mainGameOrder43,0.0011,bundle_correct,0,0.0011,0.2237,1,Piedmont,mainGameOrder42+mainGameOrder43,
p062,12,mainGameScenario12,Emeryville,mainGameOrder45,Target,Emeryville,16,13.5,3,0,mainGameOrder46,Target,Emeryville,14,9.6,5,0,mainGameOrder47,Target,Emeryville,22,13.5,6,0,mainGameOrder48,Target,Emeryville,14,13.5,2,0,mainGameOrder47+mainGameOrder48+mainGameOrder46,1.087,mainGameOrder45+mainGameOrder46+mainGameOrder47,1.1504,mainGameOrder45+mainGameOrder46+mainGameOrder47,0.0552,bundle_correct,0,0.0552,0.003,0,Emeryville,mainGameOrder45+mainGameOrder46+mainGameOrder47,
p062,13,mainGameScenario13,Emeryville,mainGameOrder49,Target,Emeryville,24,11.7,2,0,mainGameOrder50,Berkeley Bowl,Berkeley,17,8.4,6,8,mainGameOrder51,Berkeley Bowl,Berkeley,14,7.8,5,8,mainGameOrder52,Target,Emeryville,12,9.6,5,0,mainGameOrder52+mainGameOrder49,1.3139,mainGameOrder49,1.7518,mainGameOrder49,0.25,over_bundle,0,0.25,0.2005,1,Emeryville,mainGameOrder49,
p062,14,mainGameScenario14,Emeryville,mainGameOrder53,Target,Emeryville,21,13.5,6,0,mainGameOrder54,Target,Emeryville,14,13.5,5,0,mainGameOrder55,Target,Emeryville,22,13.5,6,0,mainGameOrder56,Target,Emeryville,18,7.8,6,0,mainGameOrder53+mainGameOrder54+mainGameOrder55,1.1332,mainGameOrder56,1.3043,mainGameOrder56,0.1312,over_bundle,0,0.1312,0.0207,1,Emeryville,mainGameOrder56,
p063,1,mainGameScenario1,Berkeley,mainGameOrder1,Berkeley Bowl,Berkeley,22,7.8,3,0,mainGameOrder2,Berkeley Bowl,Berkeley,22,8.4,6,0,mainGameOrder3,Berkeley Bowl,Berkeley,15,9,4,0,mainGameOrder4,Sprouts Farmers Market,Oakland,18,9.75,2,12,mainGameOrder1+mainGameOrder2,1.7886,mainGameOrder1,2.037,mainGameOrder1,0.122,over_bundle,0,0.122,0.2035,1,,,
p063,2,mainGameScenario2,Berkeley,mainGameOrder5,Berkeley Bowl,Berkeley,24,12,5,0,mainGameOrder6,Berkeley Bowl,Berkeley,15,11.4,4,0,mainGameOrder7,Berkeley Bowl,Berkeley,15,12,2,0,mainGameOrder8,Berkeley Bowl,Berkeley,20,7.8,3,0,mainGameOrder5+mainGameOrder8,1.6541,mainGameOrder8,1.8519,mainGameOrder8,0.1068,over_bundle,0,0.1068,0.1068,1,,,
p063,3,mainGameScenario3,Berkeley,mainGameOrder9,Berkeley Bowl,Berkeley,15,13.2,3,0,mainGameOrder10,Sprouts Farmers Market,Oakland,23,12.75,3,12,mainGameOrder11,Berkeley Bowl,Berkeley,23,12,6,0,mainGameOrder12,Berkeley Bowl,Berkeley,16,7.8,6,0,mainGameOrder11+mainGameOrder12,1.25,mainGameOrder11,1.2778,mainGameOrder11,0.0217,over_bundle,0,0.0217,0.3601,1,,,
p063,4,mainGameScenario4,Berkeley,mainGameOrder13,Berkeley Bowl,Berkeley,17,7.2,4,0,mainGameOrder14,Berkeley Bowl,Berkeley,17,7.8,2,0,mainGameOrder15,Berkeley Bowl,Berkeley,20,12,2,0,mainGameOrder16,Berkeley Bowl,Berkeley,16,11.4,6,0,mainGameOrder14+mainGameOrder15,1.6372,mainGameOrder14,1.7347,mainGameOrder14,0.0562,over_bundle,0,0.0562,0.0826,1,,,
p063,5,mainGameScenario5,Berkeley,mainGameOrder17,Sprouts Farmers Market,Oakland,14,7.5,4,12,mainGameOrder18,Safeway,Piedmont,20,12.5,5,14,mainGameOrder19,Sprouts Farmers Market,Oakland,17,8.25,4,12,mainGameOrder20,Safeway,Piedmont,13,8.1,4,14,mainGameOrder20+mainGameOrder18,0.782,mainGameOrder17+mainGameOrder19,0.8671,mainGameOrder17+mainGameOrder19,0.0982,bundle_correct,0,0.0982,0.3431,1,,,
p063,6,mainGameScenario6,Piedmont,mainGameOrder21,Sprouts Farmers Market,Oakland,19,12,2,8,mainGameOrder22,Sprouts Farmers Market,Oakland,22,8.25,2,8,mainGameOrder23,Sprouts Farmers Market,Oakland,24,8.25,6,8,mainGameOrder24,Sprouts Farmers Market,Oakland,18,9.75,2,8,mainGameOrder23+mainGameOrder22,1.4154,mainGameOrder22+mainGameOrder23+mainGameOrder24,1.4463,mainGameOrder22,0.0214,over_bundle,1,0,0.1038,1,,,
p063,7,mainGameScenario7,Oakland,mainGameOrder25,Sprouts Farmers Market,Oakland,12,13.5,4,0,mainGameOrder26,Target,Emeryville,17,13.5,2,8,mainGameOrder27,Sprouts Farmers Market,Oakland,21,9,4,0,mainGameOrder28,Sprouts Farmers Market,Oakland,21,8.25,3,0,mainGameOrder28+mainGameOrder27,1.732,mainGameOrder28,1.8667,mainGameOrder28,0.0722,over_bundle,0,0.0722,0.0722,1,,,
p063,8,mainGameScenario8,Oakland,mainGameOrder29,Sprouts Farmers Market,Oakland,17,8.25,3,0,mainGameOrder30,Sprouts Farmers Market,Oakland,15,13.5,6,0,mainGameOrder31,Sprouts Farmers Market,Oakland,15,12.75,5,0,mainGameOrder32,Sprouts Farmers Market,Oakland,14,8.25,3,0,mainGameOrder29+mainGameOrder32,1.3778,mainGameOrder29,1.5111,mainGameOrder29,0.0882,over_bundle,0,0.0882,0.0882,1,,,
p063,9,mainGameScenario9,Oakland,mainGameOrder33,Safeway,Piedmont,12,8.1,3,8,mainGameOrder34,Target,Emeryville,17,15.3,6,8,mainGameOrder35,Safeway,Piedmont,12,11.1,5,8,mainGameOrder36,Safeway,Piedmont,13,11.1,5,8,mainGameOrder36+mainGameOrder33,0.7396,mainGameOrder33+mainGameOrder35+mainGameOrder36,0.7856,mainGameOrder33+mainGameOrder35+mainGameOrder36,0.0585,bundle_correct,0,0.0585,0.0666,1,,,
p063,10,mainGameScenario10,Piedmont,mainGameOrder37,Safeway,Piedmont,14,8.1,5,0,mainGameOrder38,Safeway,Piedmont,20,8.1,6,0,mainGameOrder39,Safeway,Piedmont,19,7.4,6,0,mainGameOrder40,Safeway,Piedmont,23,11.8,2,0,mainGameOrder40+mainGameOrder38,1.6667,mainGameOrder39+mainGameOrder40,1.6733,mainGameOrder39+mainGameOrder40,0.004,bundle_correct,0,0.004,0.1056,1,,,
p063,11,mainGameScenario11,Piedmont,mainGameOrder41,Berkeley Bowl,Berkeley,13,7.8,2,14,mainGameOrder42,Target,Emeryville,19,7.8,2,10,mainGameOrder43,Target,Emeryville,18,8.7,5,10,mainGameOrder44,Target,Emeryville,15,13.5,3,10,mainGameOrder42+mainGameOrder43,1.1672,mainGameOrder42+mainGameOrder43,1.1672,mainGameOrder42+mainGameOrder43,0,bundle_correct,0,0,0.1205,1,,,
p063,12,mainGameScenario12,Emeryville,mainGameOrder45,Target,Emeryville,16,13.5,3,0,mainGameOrder46,Target,Emeryville,14,9.6,5,0,mainGameOrder47,Target,Emeryville,22,13.5,6,0,mainGameOrder48,Target,Emeryville,14,13.5,2,0,mainGameOrder47+mainGameOrder48+mainGameOrder45,1.128,mainGameOrder45+mainGameOrder46+mainGameOrder47,1.1504,mainGameOrder45+mainGameOrder46+mainGameOrder47,0.0195,bundle_correct,0,0.0195,0.0035,0,,,
p063,13,mainGameScenario13,Emeryville,mainGameOrder49,Target,Emeryville,24,11.7,2,0,mainGameOrder50,Berkeley Bowl,Berkeley,17,8.4,6,8,mainGameOrder51,Berkeley Bowl,Berkeley,14,7.8,5,8,mainGameOrder52,Target,Emeryville,12,9.6,5,0,mainGameOrder50+mainGameOrder51,0.9118,mainGameOrder49,1.7518,mainGameOrder49,0.4795,over_bundle,0,0.4795,0.4795,1,,,
p063,14,mainGameScenario14,Berkeley,mainGameOrder53,Target,Emeryville,21,13.5,6,8,mainGameOrder54,Target,Emeryville,14,13.5,5,8,mainGameOrder55,Target,Emeryville,22,13.5,6,8,mainGameOrder56,Target,Emeryville,18,7.8,6,8,mainGameOrder55+mainGameOrder53+mainGameOrder56,1.1011,mainGameOrder53+mainGameOrder55+mainGameOrder56,1.1011,mainGameOrder56,0,over_bundle,1,0,0.0134,1,,,
p063,15,mainGameScenario15,Emeryville,mainGameOrder57,Safeway,Piedmont,22,7.4,4,10,mainGameOrder58,Sprouts Farmers Market,Oakland,18,13.5,2,8,mainGameOrder59,Safeway,Piedmont,17,7.4,4,10,mainGameOrder60,Safeway,Piedmont,22,11.8,5,10,mainGameOrder60+mainGameOrder57,1.2188,mainGameOrder57+mainGameOrder59+mainGameOrder60,1.3436,mainGameOrder57+mainGameOrder59+mainGameOrder60,0.0929,bundle_correct,0,0.0929,0.0445,1,,,
p063,16,mainGameScenario16,Piedmont,mainGameOrder61,Safeway,Piedmont,24,12.5,3,0,mainGameOrder62,Safeway,Piedmont,24,8.1,2,0,mainGameOrder63,Safeway,Piedmont,18,12.5,4,0,mainGameOrder64,Safeway,Piedmont,22,11.1,2,0,mainGameOrder61+mainGameOrder62+mainGameOrder63,1.7414,mainGameOrder62,2.3762,mainGameOrder62,0.2672,over_bundle,0,0.2672,0.1482,1,,,
p064,1,mainGameScenario1,Berkeley,mainGameOrder1,Berkeley Bowl,Berkeley,22,7.8,3,0,mainGameOrder2,Berkeley Bowl,Berkeley,22,8.4,6,0,mainGameOrder3,Berkeley Bowl,Berkeley,15,9,4,0,mainGameOrder4,Sprouts Farmers Market,Oakland,18,9.75,2,12,mainGameOrder3,1.1538,mainGameOrder1,2.037,mainGameOrder1,0.4336,over_bundle,0,0.4336,0,0,,,
p065,1,mainGameScenario1,Berkeley,mainGameOrder1,Berkeley Bowl,Berkeley,22,7.8,3,0,mainGameOrder2,Berkeley Bowl,Berkeley,22,8.4,6,0,mainGameOrder3,Berkeley Bowl,Berkeley,15,9,4,0,mainGameOrder4,Sprouts Farmers Market,Oakland,18,9.75,2,12,mainGameOrder1+mainGameOrder2,1.7886,mainGameOrder1,2.037,mainGameOrder1,0.122,over_bundle,0,0.122,0.2035,1,,,
p065,2,mainGameScenario2,Berkeley,mainGameOrder5,Berkeley Bowl,Berkeley,24,12,5,0,mainGameOrder6,Berkeley Bowl,Berkeley,15,11.4,4,0,mainGameOrder7,Berkeley Bowl,Berkeley,15,12,2,0,mainGameOrder8,Berkeley Bowl,Berkeley,20,7.8,3,0,mainGameOrder5+mainGameOrder8,1.6541,mainGameOrder8,1.8519,mainGameOrder8,0.1068,over_bundle,0,0.1068,0.1068,1,,,
p065,3,mainGameScenario3,Berkeley,mainGameOrder9,Berkeley Bowl,Berkeley,15,13.2,3,0,mainGameOrder10,Sprouts Farmers Market,Oakland,23,12.75,3,12,mainGameOrder11,Berkeley Bowl,Berkeley,23,12,6,0,mainGameOrder12,Berkeley Bowl,Berkeley,16,7.8,6,0,mainGameOrder12+mainGameOrder11+mainGameOrder9,1.2162,mainGameOrder11,1.2778,mainGameOrder11,0.0482,over_bundle,0,0.0482,0.3444,1,,,
p065,4,mainGameScenario4,Berkeley,mainGameOrder13,Berkeley Bowl,Berkeley,17,7.2,4,0,mainGameOrder14,Berkeley Bowl,Berkeley,17,7.8,2,0,mainGameOrder15,Berkeley Bowl,Berkeley,20,12,2,0,mainGameOrder16,Berkeley Bowl,Berkeley,16,11.4,6,0,mainGameOrder13+mainGameOrder15+mainGameOrder14,1.6875,mainGameOrder14,1.7347,mainGameOrder14,0.0272,over_bundle,0,0.0272,0.0272,1,,,
p065,5,mainGameScenario5,Berkeley,mainGameOrder17,Sprouts Farmers Market,Oakland,14,7.5,4,12,mainGameOrder18,Safeway,Piedmont,20,12.5,5,14,mainGameOrder19,Sprouts Farmers Market,Oakland,17,8.25,4,12,mainGameOrder20,Safeway,Piedmont,13,8.1,4,14,mainGameOrder19+mainGameOrder17,0.8671,mainGameOrder17+mainGameOrder19,0.8671,mainGameOrder17+mainGameOrder19,0,bundle_correct,0,0,0.1656,1,,,
p065,6,mainGameScenario6,Oakland,mainGameOrder21,Sprouts Farmers Market,Oakland,19,12,2,0,mainGameOrder22,Sprouts Farmers Market,Oakland,22,8.25,2,0,mainGameOrder23,Sprouts Farmers Market,Oakland,24,8.25,6,0,mainGameOrder24,Sprouts Farmers Market,Oakland,18,9.75,2,0,mainGameOrder22+mainGameOrder24+mainGameOrder23,1.7655,mainGameOrder22,2.1463,mainGameOrder22,0.1774,over_bundle,0,0.1774,0.1774,1,,,
p065,7,mainGameScenario7,Oakland,mainGameOrder25,Sprouts Farmers Market,Oakland,12,13.5,4,0,mainGameOrder26,Target,Emeryville,17,13.5,2,8,mainGameOrder27,Sprouts Farmers Market,Oakland,21,9,4,0,mainGameOrder28,Sprouts Farmers Market,Oakland,21,8.25,3,0,mainGameOrder28+mainGameOrder27,1.732,mainGameOrder28,1.8667,mainGameOrder28,0.0722,over_bundle,0,0.0722,0.0722,1,,,
p065,8,mainGameScenario8,Oakland,mainGameOrder29,Sprouts Farmers Market,Oakland,17,8.25,3,0,mainGameOrder30,Sprouts Farmers Market,Oakland,15,13.5,6,0,mainGameOrder31,Sprouts Farmers Market,Oakland,15,12.75,5,0,mainGameOrder32,Sprouts Farmers Market,Oakland,14,8.25,3,0,mainGameOrder32+mainGameOrder29,1.3778,mainGameOrder29,1.5111,mainGameOrder29,0.0882,over_bundle,0,0.0882,0.0882,1,,,
p065,9,mainGameScenario9,Oakland,mainGameOrder33,Safeway,Piedmont,12,8.1,3,8,mainGameOrder34,Target,Emeryville,17,15.3,6,8,mainGameOrder35,Safeway,Piedmont,12,11.1,5,8,mainGameOrder36,Safeway,Piedmont,13,11.1,5,8,mainGameOrder36+mainGameOrder35+mainGameOrder33,0.7856,mainGameOrder33+mainGameOrder35+mainGameOrder36,0.7856,mainGameOrder33+mainGameOrder35+mainGameOrder36,0,bundle_correct,0,0,0.1247,1,,,
p065,10,mainGameScenario10,Piedmont,mainGameOrder37,Safeway,Piedmont,14,8.1,5,0,mainGameOrder38,Safeway,Piedmont,20,8.1,6,0,mainGameOrder39,Safeway,Piedmont,19,7.4,6,0,mainGameOrder40,Safeway,Piedmont,23,11.8,2,0,mainGameOrder38+mainGameOrder39+mainGameOrder40,1.6712,mainGameOrder39+mainGameOrder40,1.6733,mainGameOrder39+mainGameOrder40,0.0013,bundle_correct,0,0.0013,0.0013,0,,,
p065,11,mainGameScenario11,Piedmont,mainGameOrder41,Berkeley Bowl,Berkeley,13,7.8,2,14,mainGameOrder42,Target,Emeryville,19,7.8,2,10,mainGameOrder43,Target,Emeryville,18,8.7,5,10,mainGameOrder44,Target,Emeryville,15,13.5,3,10,mainGameOrder43+mainGameOrder42+mainGameOrder44,1.1659,mainGameOrder42+mainGameOrder43,1.1672,mainGameOrder42+mainGameOrder43,0.0011,bundle_correct,0,0.0011,0.2237,1,,,
p065,12,mainGameScenario12,Emeryville,mainGameOrder45,Target,Emeryville,16,13.5,3,0,mainGameOrder46,Target,Emeryville,14,9.6,5,0,mainGameOrder47,Target,Emeryville,22,13.5,6,0,mainGameOrder48,Target,Emeryville,14,13.5,2,0,mainGameOrder46+mainGameOrder45+mainGameOrder47,1.1504,mainGameOrder45+mainGameOrder46+mainGameOrder47,1.1504,mainGameOrder45+mainGameOrder46+mainGameOrder47,0,bundle_correct,0,0,0,0,,,
p065,13,mainGameScenario13,Emeryville,mainGameOrder49,Target,Emeryville,24,11.7,2,0,mainGameOrder50,Berkeley Bowl,Berkeley,17,8.4,6,8,mainGameOrder51,Berkeley Bowl,Berkeley,14,7.8,5,8,mainGameOrder52,Target,Emeryville,12,9.6,5,0,mainGameOrder50+mainGameOrder51,0.9118,mainGameOrder49,1.7518,mainGameOrder49,0.4795,over_bundle,0,0.4795,0.4795,1,,,
p065,14,mainGameScenario14,Berkeley,mainGameOrder53,Target,Emeryville,21,13.5,6,8,mainGameOrder54,Target,Emeryville,14,13.5,5,8,mainGameOrder55,Target,Emeryville,22,13.5,6,8,mainGameOrder56,Target,Emeryville,18,7.8,6,8,mainGameOrder55+mainGameOrder54+mainGameOrder53,0.9777,mainGameOrder53+mainGameOrder55+mainGameOrder56,1.1011,mainGameOrder56,0.1121,over_bundle,1,0,0.0207,1,,,
p065,15,mainGameScenario15,Emeryville,mainGameOrder57,Safeway,Piedmont,22,7.4,4,10,mainGameOrder58,Sprouts Farmers Market,Oakland,18,13.5,2,8,mainGameOrder59,Safeway,Piedmont,17,7.4,4,10,mainGameOrder60,Safeway,Piedmont,22,11.8,5,10,mainGameOrder57+mainGameOrder59+mainGameOrder60,1.3436,mainGameOrder57+mainGameOrder59+mainGameOrder60,1.3436,mainGameOrder57+mainGameOrder59+mainGameOrder60,0,bundle_correct,0,0,0.1071,1,,,
p065,16,mainGameScenario16,Piedmont,mainGameOrder61,Safeway,Piedmont,24,12.5,3,0,mainGameOrder62,Safeway,Piedmont,24,8.1,2,0,mainGameOrder63,Safeway,Piedmont,18,12.5,4,0,mainGameOrder64,Safeway,Piedmont,22,11.1,2,0,mainGameOrder64+mainGameOrder62+mainGameOrder61,2.029,mainGameOrder62,2.3762,mainGameOrder62,0.1461,over_bundle,0,0.1461,0.1461,1,,,
p065,17,mainGameScenario17,Piedmont,mainGameOrder65,Safeway,Piedmont,19,7.4,6,0,mainGameOrder66,Sprouts Farmers Market,Oakland,22,7.5,3,8,mainGameOrder67,Sprouts Farmers Market,Oakland,17,12.75,6,8,mainGameOrder68,Sprouts Farmers Market,Oakland,13,12.75,6,8,mainGameOrder65,1.4179,mainGameOrder65,1.4179,mainGameOrder66,0,over_bundle,1,0,0.5763,1,,,
p065,18,mainGameScenario18,Piedmont,mainGameOrder69,Sprouts Farmers Market,Oakland,14,8.25,5,8,mainGameOrder70,Sprouts Farmers Market,Oakland,13,8.25,3,8,mainGameOrder71,Sprouts Farmers Market,Oakland,22,14.25,3,8,mainGameOrder72,Sprouts Farmers Market,Oakland,19,9,4,8,mainGameOrder71+mainGameOrder69+mainGameOrder72,1.068,mainGameOrder70+mainGameOrder71+mainGameOrder72,1.0909,mainGameOrder71+mainGameOrder72,0.021,bundle_correct,1,0.0037,0.1167,1,,,
p065,19,mainGameScenario19,Oakland,mainGameOrder73,Sprouts Farmers Market,Oakland,12,12.75,5,0,mainGameOrder74,Safeway,Piedmont,17,7.4,5,8,mainGameOrder75,Sprouts Farmers Market,Oakland,18,9,3,0,mainGameOrder76,Sprouts Farmers Market,Oakland,24,14.25,2,0,mainGameOrder76+mainGameOrder75+mainGameOrder73,1.1739,mainGameOrder75,1.5,mainGameOrder75,0.2174,over_bundle,0,0.2174,0.1628,1,,,
p065,20,mainGameScenario20,Oakland,mainGameOrder77,Sprouts Farmers Market,Oakland,24,14.25,6,0,mainGameOrder78,Sprouts Farmers Market,Oakland,23,8.25,4,0,mainGameOrder79,Sprouts Farmers Market,Oakland,17,14.25,4,0,mainGameOrder80,Sprouts Farmers Market,Oakland,20,11.25,5,0,mainGameOrder80+mainGameOrder78+mainGameOrder77,1.3744,mainGameOrder78,1.8776,mainGameOrder78,0.268,over_bundle,0,0.268,0.268,1,,,
p066,1,mainGameScenario1,Berkeley,mainGameOrder1,Berkeley Bowl,Berkeley,22,7.8,3,0,mainGameOrder2,Berkeley Bowl,Berkeley,22,8.4,6,0,mainGameOrder3,Berkeley Bowl,Berkeley,15,9,4,0,mainGameOrder4,Sprouts Farmers Market,Oakland,18,9.75,2,12,mainGameOrder1+mainGameOrder3+mainGameOrder2,1.6761,mainGameOrder1,2.037,mainGameOrder1,0.1772,over_bundle,0,0.1772,0.184,1,Berkeley,mainGameOrder1,0.1772
p066,2,mainGameScenario2,Berkeley,mainGameOrder5,Berkeley Bowl,Berkeley,24,12,5,0,mainGameOrder6,Berkeley Bowl,Berkeley,15,11.4,4,0,mainGameOrder7,Berkeley Bowl,Berkeley,15,12,2,0,mainGameOrder8,Berkeley Bowl,Berkeley,20,7.8,3,0,mainGameOrder8+mainGameOrder5+mainGameOrder7,1.5206,mainGameOrder8,1.8519,mainGameOrder8,0.1789,over_bundle,0,0.1789,0.1789,1,Berkeley,mainGameOrder8,0.1789
p066,3,mainGameScenario3,Berkeley,mainGameOrder9,Berkeley Bowl,Berkeley,15,13.2,3,0,mainGameOrder10,Sprouts Farmers Market,Oakland,23,12.75,3,12,mainGameOrder11,Berkeley Bowl,Berkeley,23,12,6,0,mainGameOrder12,Berkeley Bowl,Berkeley,16,7.8,6,0,mainGameOrder11+mainGameOrder12+mainGameOrder9,1.2162,mainGameOrder11,1.2778,mainGameOrder11,0.0482,over_bundle,0,0.0482,0.3444,1,Berkeley,mainGameOrder11,0.0482
p066,4,mainGameScenario4,Berkeley,mainGameOrder13,Berkeley Bowl,Berkeley,17,7.2,4,0,mainGameOrder14,Berkeley Bowl,Berkeley,17,7.8,2,0,mainGameOrder15,Berkeley Bowl,Berkeley,20,12,2,0,mainGameOrder16,Berkeley Bowl,Berkeley,16,11.4,6,0,mainGameOrder14+mainGameOrder13+mainGameOrder15,1.6875,mainGameOrder14,1.7347,mainGameOrder14,0.0272,over_bundle,0,0.0272,0.0272,1,Berkeley,mainGameOrder14,0.0272
p066,5,mainGameScenario5,Berkeley,mainGameOrder17,Sprouts Farmers Market,Oakland,14,7.5,4,12,mainGameOrder18,Safeway,Piedmont,20,12.5,5,14,mainGameOrder19,Sprouts Farmers Market,Oakland,17,8.25,4,12,mainGameOrder20,Safeway,Piedmont,13,8.1,4,14,mainGameOrder18+mainGameOrder20,0.782,mainGameOrder17+mainGameOrder19,0.8671,mainGameOrder17+mainGameOrder19,0.0982,bundle_correct,0,0.0982,0.3431,1,Berkeley,mainGameOrder17+mainGameOrder19,0.0835
p066,6,mainGameScenario6,Piedmont,mainGameOrder21,Sprouts Farmers Market,Oakland,19,12,2,8,mainGameOrder22,Sprouts Farmers Market,Oakland,22,8.25,2,8,mainGameOrder23,Sprouts Farmers Market,Oakland,24,8.25,6,8,mainGameOrder24,Sprouts Farmers Market,Oakland,18,9.75,2,8,mainGameOrder22+mainGameOrder23+mainGameOrder21,1.3978,mainGameOrder22+mainGameOrder23+mainGameOrder24,1.4463,mainGameOrder22,0.0335,over_bundle,1,0,0.1838,1,Piedmont,mainGameOrder22,0
p066,7,mainGameScenario7,Oakland,mainGameOrder25,Sprouts Farmers Market,Oakland,12,13.5,4,0,mainGameOrder26,Target,Emeryville,17,13.5,2,8,mainGameOrder27,Sprouts Farmers Market,Oakland,21,9,4,0,mainGameOrder28,Sprouts Farmers Market,Oakland,21,8.25,3,0,mainGameOrder28+mainGameOrder27+mainGameOrder25,1.2934,mainGameOrder28,1.8667,mainGameOrder28,0.3071,over_bundle,0,0.3071,0.1742,1,Oakland,mainGameOrder28,0.2676
p066,8,mainGameScenario8,Oakland,mainGameOrder29,Sprouts Farmers Market,Oakland,17,8.25,3,0,mainGameOrder30,Sprouts Farmers Market,Oakland,15,13.5,6,0,mainGameOrder31,Sprouts Farmers Market,Oakland,15,12.75,5,0,mainGameOrder32,Sprouts Farmers Market,Oakland,14,8.25,3,0,mainGameOrder30+mainGameOrder29+mainGameOrder31,0.9691,mainGameOrder29,1.5111,mainGameOrder29,0.3587,over_bundle,0,0.3587,0.2233,1,Oakland,mainGameOrder29,0.3275
p066,9,mainGameScenario9,Oakland,mainGameOrder33,Safeway,Piedmont,12,8.1,3,8,mainGameOrder34,Target,Emeryville,17,15.3,6,8,mainGameOrder35,Safeway,Piedmont,12,11.1,5,8,mainGameOrder36,Safeway,Piedmont,13,11.1,5,8,mainGameOrder33+mainGameOrder35+mainGameOrder36,0.7856,mainGameOrder33+mainGameOrder35+mainGameOrder36,0.7856,mainGameOrder33+mainGameOrder35+mainGameOrder36,0,bundle_correct,0,0,0.1247,1,Oakland,mainGameOrder33+mainGameOrder35+mainGameOrder36,0
p066,10,mainGameScenario10,Piedmont,mainGameOrder37,Safeway,Piedmont,14,8.1,5,0,mainGameOrder38,Safeway,Piedmont,20,8.1,6,0,mainGameOrder39,Safeway,Piedmont,19,7.4,6,0,mainGameOrder40,Safeway,Piedmont,23,11.8,2,0,mainGameOrder38+mainGameOrder40+mainGameOrder39,1.6712,mainGameOrder39+mainGameOrder40,1.6733,mainGameOrder39+mainGameOrder40,0.0013,bundle_correct,0,0.0013,0.0013,0,Piedmont,mainGameOrder39+mainGameOrder40,0.0013
p066,11,mainGameScenario11,Piedmont,mainGameOrder41,Berkeley Bowl,Berkeley,13,7.8,2,14,mainGameOrder42,Target,Emeryville,19,7.8,2,10,mainGameOrder43,Target,Emeryville,18,8.7,5,10,mainGameOrder44,Target,Emeryville,15,13.5,3,10,mainGameOrder42+mainGameOrder44+mainGameOrder43,1.1659,mainGameOrder42+mainGameOrder43,1.1672,mainGameOrder42+mainGameOrder43,0.0011,bundle_correct,0,0.0011,0.2237,1,Piedmont,mainGameOrder42+mainGameOrder43,0.0114
p066,12,mainGameScenario12,Emeryville,mainGameOrder45,Target,Emeryville,16,13.5,3,0,mainGameOrder46,Target,Emeryville,14,9.6,5,0,mainGameOrder47,Target,Emeryville,22,13.5,6,0,mainGameOrder48,Target,Emeryville,14,13.5,2,0,mainGameOrder46,0.9589,mainGameOrder45+mainGameOrder46+mainGameOrder47,1.1504,mainGameOrder45+mainGameOrder46+mainGameOrder47,0.1665,bundle_correct,0,0.1665,0.2294,1,Emeryville,mainGameOrder45+mainGameOrder46+mainGameOrder47,0.1665
p067,1,mainGameScenario1,Berkeley,mainGameOrder1,Berkeley Bowl,Berkeley,22,7.8,3,0,mainGameOrder2,Berkeley Bowl,Berkeley,22,8.4,6,0,mainGameOrder3,Berkeley Bowl,Berkeley,15,9,4,0,mainGameOrder4,Sprouts Farmers Market,Oakland,18,9.75,2,12,mainGameOrder2+mainGameOrder1,1.7886,mainGameOrder1,2.037,mainGameOrder1,0.122,over_bundle,0,0.122,0.2035,1,,,
p067,2,mainGameScenario2,Berkeley,mainGameOrder5,Berkeley Bowl,Berkeley,24,12,5,0,mainGameOrder6,Berkeley Bowl,Berkeley,15,11.4,4,0,mainGameOrder7,Berkeley Bowl,Berkeley,15,12,2,0,mainGameOrder8,Berkeley Bowl,Berkeley,20,7.8,3,0,mainGameOrder5+mainGameOrder8,1.6541,mainGameOrder8,1.8519,mainGameOrder8,0.1068,over_bundle,0,0.1068,0.1068,1,,,
p067,3,mainGameScenario3,Berkeley,mainGameOrder9,Berkeley Bowl,Berkeley,15,13.2,3,0,mainGameOrder10,Sprouts Farmers Market,Oakland,23,12.75,3,12,mainGameOrder11,Berkeley Bowl,Berkeley,23,12,6,0,mainGameOrder12,Berkeley Bowl,Berkeley,16,7.8,6,0,mainGameOrder11+mainGameOrder12+mainGameOrder9,1.2162,mainGameOrder11,1.2778,mainGameOrder11,0.0482,over_bundle,0,0.0482,0.3444,1,,,
p067,4,mainGameScenario4,Berkeley,mainGameOrder13,Berkeley Bowl,Berkeley,17,7.2,4,0,mainGameOrder14,Berkeley Bowl,Berkeley,17,7.8,2,0,mainGameOrder15,Berkeley Bowl,Berkeley,20,12,2,0,mainGameOrder16,Berkeley Bowl,Berkeley,16,11.4,6,0,mainGameOrder15+mainGameOrder14+mainGameOrder13,1.6875,mainGameOrder14,1.7347,mainGameOrder14,0.0272,over_bundle,0,0.0272,0.0272,1,,,
p067,5,mainGameScenario5,Berkeley,mainGameOrder17,Sprouts Farmers Market,Oakland,14,7.5,4,12,mainGameOrder18,Safeway,Piedmont,20,12.5,5,14,mainGameOrder19,Sprouts Farmers Market,Oakland,17,8.25,4,12,mainGameOrder20,Safeway,Piedmont,13,8.1,4,14,mainGameOrder17+mainGameOrder19,0.8671,mainGameOrder17+mainGameOrder19,0.8671,mainGameOrder17+mainGameOrder19,0,bundle_correct,0,0,0.1656,1,,,
p067,6,mainGameScenario6,Oakland,mainGameOrder21,Sprouts Farmers Market,Oakland,19,12,2,0,mainGameOrder22,Sprouts Farmers Market,Oakland,22,8.25,2,0,mainGameOrder23,Sprouts Farmers Market,Oakland,24,8.25,6,0,mainGameOrder24,Sprouts Farmers Market,Oakland,18,9.75,2,0,mainGameOrder22+mainGameOrder23+mainGameOrder24,1.7655,mainGameOrder22,2.1463,mainGameOrder22,0.1774,over_bundle,0,0.1774,0.1774,1,,,
p067,7,mainGameScenario7,Oakland,mainGameOrder25,Sprouts Farmers Market,Oakland,12,13.5,4,0,mainGameOrder26,Target,Emeryville,17,13.5,2,8,mainGameOrder27,Sprouts Farmers Market,Oakland,21,9,4,0,mainGameOrder28,Sprouts Farmers Market,Oakland,21,8.25,3,0,mainGameOrder27+mainGameOrder28,1.732,mainGameOrder28,1.8667,mainGameOrder28,0.0722,over_bundle,0,0.0722,0.0722,1,,,
p067,8,mainGameScenario8,Oakland,mainGameOrder29,Sprouts Farmers Market,Oakland,17,8.25,3,0,mainGameOrder30,Sprouts Farmers Market,Oakland,15,13.5,6,0,mainGameOrder31,Sprouts Farmers Market,Oakland,15,12.75,5,0,mainGameOrder32,Sprouts Farmers Market,Oakland,14,8.25,3,0,mainGameOrder29+mainGameOrder31+mainGameOrder32,1.1429,mainGameOrder29,1.5111,mainGameOrder29,0.2437,over_bundle,0,0.2437,0.2235,1,,,
p067,9,mainGameScenario9,Oakland,mainGameOrder33,Safeway,Piedmont,12,8.1,3,8,mainGameOrder34,Target,Emeryville,17,15.3,6,8,mainGameOrder35,Safeway,Piedmont,12,11.1,5,8,mainGameOrder36,Safeway,Piedmont,13,11.1,5,8,mainGameOrder33,0.6283,mainGameOrder33+mainGameOrder35+mainGameOrder36,0.7856,mainGameOrder33+mainGameOrder35+mainGameOrder36,0.2002,bundle_correct,0,0.2002,0.3139,1,,,
p067,10,mainGameScenario10,Piedmont,mainGameOrder37,Safeway,Piedmont,14,8.1,5,0,mainGameOrder38,Safeway,Piedmont,20,8.1,6,0,mainGameOrder39,Safeway,Piedmont,19,7.4,6,0,mainGameOrder40,Safeway,Piedmont,23,11.8,2,0,mainGameOrder40+mainGameOrder39+mainGameOrder38,1.6712,mainGameOrder39+mainGameOrder40,1.6733,mainGameOrder39+mainGameOrder40,0.0013,bundle_correct,0,0.0013,0.0013,0,,,
p067,11,mainGameScenario11,Piedmont,mainGameOrder41,Berkeley Bowl,Berkeley,13,7.8,2,14,mainGameOrder42,Target,Emeryville,19,7.8,2,10,mainGameOrder43,Target,Emeryville,18,8.7,5,10,mainGameOrder44,Target,Emeryville,15,13.5,3,10,mainGameOrder43+mainGameOrder42+mainGameOrder44,1.1659,mainGameOrder42+mainGameOrder43,1.1672,mainGameOrder42+mainGameOrder43,0.0011,bundle_correct,0,0.0011,0.2237,1,,,
p067,12,mainGameScenario12,Emeryville,mainGameOrder45,Target,Emeryville,16,13.5,3,0,mainGameOrder46,Target,Emeryville,14,9.6,5,0,mainGameOrder47,Target,Emeryville,22,13.5,6,0,mainGameOrder48,Target,Emeryville,14,13.5,2,0,mainGameOrder47+mainGameOrder45+mainGameOrder46,1.1504,mainGameOrder45+mainGameOrder46+mainGameOrder47,1.1504,mainGameOrder45+mainGameOrder46+mainGameOrder47,0,bundle_correct,0,0,0,0,,,
p067,13,mainGameScenario13,Emeryville,mainGameOrder49,Target,Emeryville,24,11.7,2,0,mainGameOrder50,Berkeley Bowl,Berkeley,17,8.4,6,8,mainGameOrder51,Berkeley Bowl,Berkeley,14,7.8,5,8,mainGameOrder52,Target,Emeryville,12,9.6,5,0,mainGameOrder49+mainGameOrder52,1.3139,mainGameOrder49,1.7518,mainGameOrder49,0.25,over_bundle,0,0.25,0.2005,1,,,
p067,14,mainGameScenario14,Emeryville,mainGameOrder53,Target,Emeryville,21,13.5,6,0,mainGameOrder54,Target,Emeryville,14,13.5,5,0,mainGameOrder55,Target,Emeryville,22,13.5,6,0,mainGameOrder56,Target,Emeryville,18,7.8,6,0,mainGameOrder53+mainGameOrder55+mainGameOrder56,1.2869,mainGameOrder56,1.3043,mainGameOrder56,0.0134,over_bundle,0,0.0134,0.0134,1,,,
p067,15,mainGameScenario15,Emeryville,mainGameOrder57,Safeway,Piedmont,22,7.4,4,10,mainGameOrder58,Sprouts Farmers Market,Oakland,18,13.5,2,8,mainGameOrder59,Safeway,Piedmont,17,7.4,4,10,mainGameOrder60,Safeway,Piedmont,22,11.8,5,10,mainGameOrder57+mainGameOrder60+mainGameOrder59,1.3436,mainGameOrder57+mainGameOrder59+mainGameOrder60,1.3436,mainGameOrder57+mainGameOrder59+mainGameOrder60,0,bundle_correct,0,0,0.1071,1,,,
p067,16,mainGameScenario16,Piedmont,mainGameOrder61,Safeway,Piedmont,24,12.5,3,0,mainGameOrder62,Safeway,Piedmont,24,8.1,2,0,mainGameOrder63,Safeway,Piedmont,18,12.5,4,0,mainGameOrder64,Safeway,Piedmont,22,11.1,2,0,mainGameOrder61+mainGameOrder64+mainGameOrder62,2.029,mainGameOrder62,2.3762,mainGameOrder62,0.1461,over_bundle,0,0.1461,0.1461,1,,,
p067,17,mainGameScenario17,Piedmont,mainGameOrder65,Safeway,Piedmont,19,7.4,6,0,mainGameOrder66,Sprouts Farmers Market,Oakland,22,7.5,3,8,mainGameOrder67,Sprouts Farmers Market,Oakland,17,12.75,6,8,mainGameOrder68,Sprouts Farmers Market,Oakland,13,12.75,6,8,mainGameOrder66+mainGameOrder68+mainGameOrder67,0.9286,mainGameOrder65,1.4179,mainGameOrder66,0.3451,over_bundle,1,0.2192,0.3693,1,,,
p067,18,mainGameScenario18,Oakland,mainGameOrder69,Sprouts Farmers Market,Oakland,14,8.25,5,0,mainGameOrder70,Sprouts Farmers Market,Oakland,13,8.25,3,0,mainGameOrder71,Sprouts Farmers Market,Oakland,22,14.25,3,0,mainGameOrder72,Sprouts Farmers Market,Oakland,19,9,4,0,mainGameOrder71+mainGameOrder72+mainGameOrder70,1.3012,mainGameOrder72,1.4615,mainGameOrder71+mainGameOrder72,0.1097,bundle_correct,1,0.04,0.1097,1,,,
p067,19,mainGameScenario19,Oakland,mainGameOrder73,Sprouts Farmers Market,Oakland,12,12.75,5,0,mainGameOrder74,Safeway,Piedmont,17,7.4,5,8,mainGameOrder75,Sprouts Farmers Market,Oakland,18,9,3,0,mainGameOrder76,Sprouts Farmers Market,Oakland,24,14.25,2,0,mainGameOrder75+mainGameOrder76,1.4867,mainGameOrder75,1.5,mainGameOrder75,0.0088,over_bundle,0,0.0088,0.1549,1,,,
p067,20,mainGameScenario20,Oakland,mainGameOrder77,Sprouts Farmers Market,Oakland,24,14.25,6,0,mainGameOrder78,Sprouts Farmers Market,Oakland,23,8.25,4,0,mainGameOrder79,Sprouts Farmers Market,Oakland,17,14.25,4,0,mainGameOrder80,Sprouts Farmers Market,Oakland,20,11.25,5,0,mainGameOrder77+mainGameOrder80+mainGameOrder78,1.3744,mainGameOrder78,1.8776,mainGameOrder78,0.268,over_bundle,0,0.268,0.268,1,,,
p067,21,mainGameScenario21,Oakland,mainGameOrder81,Safeway,Piedmont,20,8.1,4,8,mainGameOrder82,Safeway,Piedmont,17,12.5,2,8,mainGameOrder83,Berkeley Bowl,Berkeley,24,7.8,3,12,mainGameOrder84,Safeway,Piedmont,21,7.4,3,8,mainGameOrder84+mainGameOrder82+mainGameOrder81,1.4216,mainGameOrder81+mainGameOrder82+mainGameOrder84,1.4216,mainGameOrder81+mainGameOrder84,0,bundle_correct,1,0,0.4423,1,,,
p067,22,mainGameScenario22,Piedmont,mainGameOrder85,Safeway,Piedmont,17,8.1,2,0,mainGameOrder86,Safeway,Piedmont,22,8.1,3,0,mainGameOrder87,Safeway,Piedmont,19,11.1,2,0,mainGameOrder88,Safeway,Piedmont,16,7.4,2,0,mainGameOrder86,1.982,mainGameOrder86+mainGameOrder88,2.0652,mainGameOrder86+mainGameOrder88,0.0403,bundle_correct,0,0.0403,0.2936,1,,,
p068,1,mainGameScenario1,Berkeley,mainGameOrder1,Berkeley Bowl,Berkeley,22,7.8,3,0,mainGameOrder2,Berkeley Bowl,Berkeley,22,8.4,6,0,mainGameOrder3,Berkeley Bowl,Berkeley,15,9,4,0,mainGameOrder4,Sprouts Farmers Market,Oakland,18,9.75,2,12,mainGameOrder1,2.037,mainGameOrder1,2.037,mainGameOrder1,0,over_bundle,0,0,0,0,,,
p068,2,mainGameScenario2,Berkeley,mainGameOrder5,Berkeley Bowl,Berkeley,24,12,5,0,mainGameOrder6,Berkeley Bowl,Berkeley,15,11.4,4,0,mainGameOrder7,Berkeley Bowl,Berkeley,15,12,2,0,mainGameOrder8,Berkeley Bowl,Berkeley,20,7.8,3,0,mainGameOrder6,0.974,mainGameOrder8,1.8519,mainGameOrder8,0.474,over_bundle,0,0.474,0,0,,,
p069,1,mainGameScenario1,Berkeley,mainGameOrder1,Berkeley Bowl,Berkeley,22,7.8,3,0,mainGameOrder2,Berkeley Bowl,Berkeley,22,8.4,6,0,mainGameOrder3,Berkeley Bowl,Berkeley,15,9,4,0,mainGameOrder4,Sprouts Farmers Market,Oakland,18,9.75,2,12,mainGameOrder1,2.037,mainGameOrder1,2.037,mainGameOrder1,0,over_bundle,0,0,0.3701,1,,,
p069,2,mainGameScenario2,Berkeley,mainGameOrder5,Berkeley Bowl,Berkeley,24,12,5,0,mainGameOrder6,Berkeley Bowl,Berkeley,15,11.4,4,0,mainGameOrder7,Berkeley Bowl,Berkeley,15,12,2,0,mainGameOrder8,Berkeley Bowl,Berkeley,20,7.8,3,0,mainGameOrder6+mainGameOrder8,1.3672,mainGameOrder8,1.8519,mainGameOrder8,0.2617,over_bundle,0,0.2617,0.0808,1,,,
p069,3,mainGameScenario3,Berkeley,mainGameOrder9,Berkeley Bowl,Berkeley,15,13.2,3,0,mainGameOrder10,Sprouts Farmers Market,Oakland,23,12.75,3,12,mainGameOrder11,Berkeley Bowl,Berkeley,23,12,6,0,mainGameOrder12,Berkeley Bowl,Berkeley,16,7.8,6,0,mainGameOrder9,0.9259,mainGameOrder11,1.2778,mainGameOrder11,0.2754,over_bundle,0,0.2754,0.3604,1,,,
p069,4,mainGameScenario4,Berkeley,mainGameOrder13,Berkeley Bowl,Berkeley,17,7.2,4,0,mainGameOrder14,Berkeley Bowl,Berkeley,17,7.8,2,0,mainGameOrder15,Berkeley Bowl,Berkeley,20,12,2,0,mainGameOrder16,Berkeley Bowl,Berkeley,16,11.4,6,0,mainGameOrder15+mainGameOrder16,1.2162,mainGameOrder14,1.7347,mainGameOrder14,0.2989,over_bundle,0,0.2989,0.0081,0,,,
p069,5,mainGameScenario5,Berkeley,mainGameOrder17,Sprouts Farmers Market,Oakland,14,7.5,4,12,mainGameOrder18,Safeway,Piedmont,20,12.5,5,14,mainGameOrder19,Sprouts Farmers Market,Oakland,17,8.25,4,12,mainGameOrder20,Safeway,Piedmont,13,8.1,4,14,mainGameOrder17+mainGameOrder19,0.8671,mainGameOrder17+mainGameOrder19,0.8671,mainGameOrder17+mainGameOrder19,0,bundle_correct,0,0,0.1656,1,,,
p069,6,mainGameScenario6,Oakland,mainGameOrder21,Sprouts Farmers Market,Oakland,19,12,2,0,mainGameOrder22,Sprouts Farmers Market,Oakland,22,8.25,2,0,mainGameOrder23,Sprouts Farmers Market,Oakland,24,8.25,6,0,mainGameOrder24,Sprouts Farmers Market,Oakland,18,9.75,2,0,mainGameOrder23+mainGameOrder21,1.5221,mainGameOrder22,2.1463,mainGameOrder22,0.2908,over_bundle,0,0.2908,0.111,1,,,
p069,7,mainGameScenario7,Oakland,mainGameOrder25,Sprouts Farmers Market,Oakland,12,13.5,4,0,mainGameOrder26,Target,Emeryville,17,13.5,2,8,mainGameOrder27,Sprouts Farmers Market,Oakland,21,9,4,0,mainGameOrder28,Sprouts Farmers Market,Oakland,21,8.25,3,0,mainGameOrder26,0.7234,mainGameOrder28,1.8667,mainGameOrder28,0.6125,over_bundle,0,0.6125,0.4546,1,,,
p069,8,mainGameScenario8,Emeryville,mainGameOrder29,Sprouts Farmers Market,Oakland,17,8.25,3,8,mainGameOrder30,Sprouts Farmers Market,Oakland,15,13.5,6,8,mainGameOrder31,Sprouts Farmers Market,Oakland,15,12.75,5,8,mainGameOrder32,Sprouts Farmers Market,Oakland,14,8.25,3,8,mainGameOrder30+mainGameOrder32,0.7484,mainGameOrder29+mainGameOrder32,1.0164,mainGameOrder29,0.2637,over_bundle,1,0.1526,0.1308,1,,,
p069,9,mainGameScenario9,Oakland,mainGameOrder33,Safeway,Piedmont,12,8.1,3,8,mainGameOrder34,Target,Emeryville,17,15.3,6,8,mainGameOrder35,Safeway,Piedmont,12,11.1,5,8,mainGameOrder36,Safeway,Piedmont,13,11.1,5,8,mainGameOrder36+mainGameOrder35,0.6684,mainGameOrder33+mainGameOrder35+mainGameOrder36,0.7856,mainGameOrder33+mainGameOrder35+mainGameOrder36,0.1491,bundle_correct,0,0.1491,0.0644,1,,,
p069,10,mainGameScenario10,Piedmont,mainGameOrder37,Safeway,Piedmont,14,8.1,5,0,mainGameOrder38,Safeway,Piedmont,20,8.1,6,0,mainGameOrder39,Safeway,Piedmont,19,7.4,6,0,mainGameOrder40,Safeway,Piedmont,23,11.8,2,0,mainGameOrder40,1.6667,mainGameOrder39+mainGameOrder40,1.6733,mainGameOrder39+mainGameOrder40,0.004,bundle_correct,0,0.004,0.3141,1,,,
p069,11,mainGameScenario11,Piedmont,mainGameOrder41,Berkeley Bowl,Berkeley,13,7.8,2,14,mainGameOrder42,Target,Emeryville,19,7.8,2,10,mainGameOrder43,Target,Emeryville,18,8.7,5,10,mainGameOrder44,Target,Emeryville,15,13.5,3,10,mainGameOrder43,0.7595,mainGameOrder42+mainGameOrder43,1.1672,mainGameOrder42+mainGameOrder43,0.3493,bundle_correct,0,0.3493,0.0524,1,,,
p069,12,mainGameScenario12,Emeryville,mainGameOrder45,Target,Emeryville,16,13.5,3,0,mainGameOrder46,Target,Emeryville,14,9.6,5,0,mainGameOrder47,Target,Emeryville,22,13.5,6,0,mainGameOrder48,Target,Emeryville,14,13.5,2,0,mainGameOrder45,0.9697,mainGameOrder45+mainGameOrder46+mainGameOrder47,1.1504,mainGameOrder45+mainGameOrder46+mainGameOrder47,0.1571,bundle_correct,0,0.1571,0.202,1,,,
p070,1,mainGameScenario1,Berkeley,mainGameOrder1,Berkeley Bowl,Berkeley,22,7.8,3,0,mainGameOrder2,Berkeley Bowl,Berkeley,22,8.4,6,0,mainGameOrder3,Berkeley Bowl,Berkeley,15,9,4,0,mainGameOrder4,Sprouts Farmers Market,Oakland,18,9.75,2,12,mainGameOrder2+mainGameOrder1,1.7886,mainGameOrder1,2.037,mainGameOrder1,0.122,over_bundle,0,0.122,0.1658,1,,,
p070,2,mainGameScenario2,Berkeley,mainGameOrder5,Berkeley Bowl,Berkeley,24,12,5,0,mainGameOrder6,Berkeley Bowl,Berkeley,15,11.4,4,0,mainGameOrder7,Berkeley Bowl,Berkeley,15,12,2,0,mainGameOrder8,Berkeley Bowl,Berkeley,20,7.8,3,0,mainGameOrder5+mainGameOrder8+mainGameOrder6,1.4899,mainGameOrder8,1.8519,mainGameOrder8,0.1955,over_bundle,0,0.1955,0.1805,1,,,
p070,3,mainGameScenario3,Berkeley,mainGameOrder9,Berkeley Bowl,Berkeley,15,13.2,3,0,mainGameOrder10,Sprouts Farmers Market,Oakland,23,12.75,3,12,mainGameOrder11,Berkeley Bowl,Berkeley,23,12,6,0,mainGameOrder12,Berkeley Bowl,Berkeley,16,7.8,6,0,mainGameOrder9+mainGameOrder11+mainGameOrder12,1.2162,mainGameOrder11,1.2778,mainGameOrder11,0.0482,over_bundle,0,0.0482,0.2992,1,,,
p070,4,mainGameScenario4,Berkeley,mainGameOrder13,Berkeley Bowl,Berkeley,17,7.2,4,0,mainGameOrder14,Berkeley Bowl,Berkeley,17,7.8,2,0,mainGameOrder15,Berkeley Bowl,Berkeley,20,12,2,0,mainGameOrder16,Berkeley Bowl,Berkeley,16,11.4,6,0,mainGameOrder13+mainGameOrder14+mainGameOrder15,1.6875,mainGameOrder14,1.7347,mainGameOrder14,0.0272,over_bundle,0,0.0272,0.0272,1,,,
p070,5,mainGameScenario5,Berkeley,mainGameOrder17,Sprouts Farmers Market,Oakland,14,7.5,4,12,mainGameOrder18,Safeway,Piedmont,20,12.5,5,14,mainGameOrder19,Sprouts Farmers Market,Oakland,17,8.25,4,12,mainGameOrder20,Safeway,Piedmont,13,8.1,4,14,mainGameOrder20+mainGameOrder18,0.782,mainGameOrder17+mainGameOrder19,0.8671,mainGameOrder17+mainGameOrder19,0.0982,bundle_correct,0,0.0982,0.3431,1,,,
p070,6,mainGameScenario6,Piedmont,mainGameOrder21,Sprouts Farmers Market,Oakland,19,12,2,8,mainGameOrder22,Sprouts Farmers Market,Oakland,22,8.25,2,8,mainGameOrder23,Sprouts Farmers Market,Oakland,24,8.25,6,8,mainGameOrder24,Sprouts Farmers Market,Oakland,18,9.75,2,8,mainGameOrder23+mainGameOrder22+mainGameOrder21,1.3978,mainGameOrder22+mainGameOrder23+mainGameOrder24,1.4463,mainGameOrder22,0.0335,over_bundle,1,0,0.1838,1,,,
p070,7,mainGameScenario7,Oakland,mainGameOrder25,Sprouts Farmers Market,Oakland,12,13.5,4,0,mainGameOrder26,Target,Emeryville,17,13.5,2,8,mainGameOrder27,Sprouts Farmers Market,Oakland,21,9,4,0,mainGameOrder28,Sprouts Farmers Market,Oakland,21,8.25,3,0,mainGameOrder28+mainGameOrder25+mainGameOrder27,1.2934,mainGameOrder28,1.8667,mainGameOrder28,0.3071,over_bundle,0,0.3071,0.1742,1,,,
p071,1,mainGameScenario1,Berkeley,mainGameOrder1,Berkeley Bowl,Berkeley,22,7.8,3,0,mainGameOrder2,Berkeley Bowl,Berkeley,22,8.4,6,0,mainGameOrder3,Berkeley Bowl,Berkeley,15,9,4,0,mainGameOrder4,Sprouts Farmers Market,Oakland,18,9.75,2,12,mainGameOrder1+mainGameOrder2,1.7886,mainGameOrder1,2.037,mainGameOrder1,0.122,over_bundle,0,0.122,0.2035,1,,,
p071,2,mainGameScenario2,Berkeley,mainGameOrder5,Berkeley Bowl,Berkeley,24,12,5,0,mainGameOrder6,Berkeley Bowl,Berkeley,15,11.4,4,0,mainGameOrder7,Berkeley Bowl,Berkeley,15,12,2,0,mainGameOrder8,Berkeley Bowl,Berkeley,20,7.8,3,0,mainGameOrder5+mainGameOrder8+mainGameOrder6,1.4899,mainGameOrder8,1.8519,mainGameOrder8,0.1955,over_bundle,0,0.1955,0.1805,1,,,
p071,3,mainGameScenario3,Berkeley,mainGameOrder9,Berkeley Bowl,Berkeley,15,13.2,3,0,mainGameOrder10,Sprouts Farmers Market,Oakland,23,12.75,3,12,mainGameOrder11,Berkeley Bowl,Berkeley,23,12,6,0,mainGameOrder12,Berkeley Bowl,Berkeley,16,7.8,6,0,mainGameOrder11+mainGameOrder12+mainGameOrder9,1.2162,mainGameOrder11,1.2778,mainGameOrder11,0.0482,over_bundle,0,0.0482,0.3444,1,,,
p071,4,mainGameScenario4,Berkeley,mainGameOrder13,Berkeley Bowl,Berkeley,17,7.2,4,0,mainGameOrder14,Berkeley Bowl,Berkeley,17,7.8,2,0,mainGameOrder15,Berkeley Bowl,Berkeley,20,12,2,0,mainGameOrder16,Berkeley Bowl,Berkeley,16,11.4,6,0,mainGameOrder15+mainGameOrder13+mainGameOrder14,1.6875,mainGameOrder14,1.7347,mainGameOrder14,0.0272,over_bundle,0,0.0272,0.0272,1,,,
p071,5,mainGameScenario5,Berkeley,mainGameOrder17,Sprouts Farmers Market,Oakland,14,7.5,4,12,mainGameOrder18,Safeway,Piedmont,20,12.5,5,14,mainGameOrder19,Sprouts Farmers Market,Oakland,17,8.25,4,12,mainGameOrder20,Safeway,Piedmont,13,8.1,4,14,mainGameOrder18+mainGameOrder20,0.782,mainGameOrder17+mainGameOrder19,0.8671,mainGameOrder17+mainGameOrder19,0.0982,bundle_correct,0,0.0982,0.3431,1,,,
p071,6,mainGameScenario6,Piedmont,mainGameOrder21,Sprouts Farmers Market,Oakland,19,12,2,8,mainGameOrder22,Sprouts Farmers Market,Oakland,22,8.25,2,8,mainGameOrder23,Sprouts Farmers Market,Oakland,24,8.25,6,8,mainGameOrder24,Sprouts Farmers Market,Oakland,18,9.75,2,8,mainGameOrder23+mainGameOrder22+mainGameOrder21,1.3978,mainGameOrder22+mainGameOrder23+mainGameOrder24,1.4463,mainGameOrder22,0.0335,over_bundle,1,0,0.1838,1,,,
p071,7,mainGameScenario7,Oakland,mainGameOrder25,Sprouts Farmers Market,Oakland,12,13.5,4,0,mainGameOrder26,Target,Emeryville,17,13.5,2,8,mainGameOrder27,Sprouts Farmers Market,Oakland,21,9,4,0,mainGameOrder28,Sprouts Farmers Market,Oakland,21,8.25,3,0,mainGameOrder28+mainGameOrder27+mainGameOrder25,1.2934,mainGameOrder28,1.8667,mainGameOrder28,0.3071,over_bundle,0,0.3071,0.1742,1,,,
p071,8,mainGameScenario8,Oakland,mainGameOrder29,Sprouts Farmers Market,Oakland,17,8.25,3,0,mainGameOrder30,Sprouts Farmers Market,Oakland,15,13.5,6,0,mainGameOrder31,Sprouts Farmers Market,Oakland,15,12.75,5,0,mainGameOrder32,Sprouts Farmers Market,Oakland,14,8.25,3,0,mainGameOrder29+mainGameOrder30+mainGameOrder31,0.9691,mainGameOrder29,1.5111,mainGameOrder29,0.3587,over_bundle,0,0.3587,0.2233,1,,,
p071,9,mainGameScenario9,Oakland,mainGameOrder33,Safeway,Piedmont,12,8.1,3,8,mainGameOrder34,Target,Emeryville,17,15.3,6,8,mainGameOrder35,Safeway,Piedmont,12,11.1,5,8,mainGameOrder36,Safeway,Piedmont,13,11.1,5,8,mainGameOrder36+mainGameOrder35+mainGameOrder33,0.7856,mainGameOrder33+mainGameOrder35+mainGameOrder36,0.7856,mainGameOrder33+mainGameOrder35+mainGameOrder36,0,bundle_correct,0,0,0.1247,1,,,
p071,10,mainGameScenario10,Piedmont,mainGameOrder37,Safeway,Piedmont,14,8.1,5,0,mainGameOrder38,Safeway,Piedmont,20,8.1,6,0,mainGameOrder39,Safeway,Piedmont,19,7.4,6,0,mainGameOrder40,Safeway,Piedmont,23,11.8,2,0,mainGameOrder40+mainGameOrder38+mainGameOrder39,1.6712,mainGameOrder39+mainGameOrder40,1.6733,mainGameOrder39+mainGameOrder40,0.0013,bundle_correct,0,0.0013,0.0013,0,,,
p071,11,mainGameScenario11,Piedmont,mainGameOrder41,Berkeley Bowl,Berkeley,13,7.8,2,14,mainGameOrder42,Target,Emeryville,19,7.8,2,10,mainGameOrder43,Target,Emeryville,18,8.7,5,10,mainGameOrder44,Target,Emeryville,15,13.5,3,10,mainGameOrder43+mainGameOrder42+mainGameOrder44,1.1659,mainGameOrder42+mainGameOrder43,1.1672,mainGameOrder42+mainGameOrder43,0.0011,bundle_correct,0,0.0011,0.2237,1,,,
p071,12,mainGameScenario12,Emeryville,mainGameOrder45,Target,Emeryville,16,13.5,3,0,mainGameOrder46,Target,Emeryville,14,9.6,5,0,mainGameOrder47,Target,Emeryville,22,13.5,6,0,mainGameOrder48,Target,Emeryville,14,13.5,2,0,mainGameOrder47+mainGameOrder45+mainGameOrder46,1.1504,mainGameOrder45+mainGameOrder46+mainGameOrder47,1.1504,mainGameOrder45+mainGameOrder46+mainGameOrder47,0,bundle_correct,0,0,0,0,,,
p071,13,mainGameScenario13,Emeryville,mainGameOrder49,Target,Emeryville,24,11.7,2,0,mainGameOrder50,Berkeley Bowl,Berkeley,17,8.4,6,8,mainGameOrder51,Berkeley Bowl,Berkeley,14,7.8,5,8,mainGameOrder52,Target,Emeryville,12,9.6,5,0,mainGameOrder52+mainGameOrder49,1.3139,mainGameOrder49,1.7518,mainGameOrder49,0.25,over_bundle,0,0.25,0.2005,1,,,
p071,14,mainGameScenario14,Emeryville,mainGameOrder53,Target,Emeryville,21,13.5,6,0,mainGameOrder54,Target,Emeryville,14,13.5,5,0,mainGameOrder55,Target,Emeryville,22,13.5,6,0,mainGameOrder56,Target,Emeryville,18,7.8,6,0,mainGameOrder55+mainGameOrder53+mainGameOrder56,1.2869,mainGameOrder56,1.3043,mainGameOrder56,0.0134,over_bundle,0,0.0134,0.0134,1,,,
p071,15,mainGameScenario15,Emeryville,mainGameOrder57,Safeway,Piedmont,22,7.4,4,10,mainGameOrder58,Sprouts Farmers Market,Oakland,18,13.5,2,8,mainGameOrder59,Safeway,Piedmont,17,7.4,4,10,mainGameOrder60,Safeway,Piedmont,22,11.8,5,10,mainGameOrder60+mainGameOrder59+mainGameOrder57,1.3436,mainGameOrder57+mainGameOrder59+mainGameOrder60,1.3436,mainGameOrder57+mainGameOrder59+mainGameOrder60,0,bundle_correct,0,0,0.1071,1,,,
p071,16,mainGameScenario16,Piedmont,mainGameOrder61,Safeway,Piedmont,24,12.5,3,0,mainGameOrder62,Safeway,Piedmont,24,8.1,2,0,mainGameOrder63,Safeway,Piedmont,18,12.5,4,0,mainGameOrder64,Safeway,Piedmont,22,11.1,2,0,mainGameOrder64+mainGameOrder61+mainGameOrder62,2.029,mainGameOrder62,2.3762,mainGameOrder62,0.1461,over_bundle,0,0.1461,0.1461,1,,,
p071,17,mainGameScenario17,Piedmont,mainGameOrder65,Safeway,Piedmont,19,7.4,6,0,mainGameOrder66,Sprouts Farmers Market,Oakland,22,7.5,3,8,mainGameOrder67,Sprouts Farmers Market,Oakland,17,12.75,6,8,mainGameOrder68,Sprouts Farmers Market,Oakland,13,12.75,6,8,mainGameOrder66+mainGameOrder67+mainGameOrder68,0.9286,mainGameOrder65,1.4179,mainGameOrder66,0.3451,over_bundle,1,0.2192,0.3693,1,,,
p071,18,mainGameScenario18,Oakland,mainGameOrder69,Sprouts Farmers Market,Oakland,14,8.25,5,0,mainGameOrder70,Sprouts Farmers Market,Oakland,13,8.25,3,0,mainGameOrder71,Sprouts Farmers Market,Oakland,22,14.25,3,0,mainGameOrder72,Sprouts Farmers Market,Oakland,19,9,4,0,mainGameOrder71+mainGameOrder72+mainGameOrder69,1.2644,mainGameOrder72,1.4615,mainGameOrder71+mainGameOrder72,0.1349,bundle_correct,1,0.0671,0.1167,1,,,
p071,19,mainGameScenario19,Oakland,mainGameOrder73,Sprouts Farmers Market,Oakland,12,12.75,5,0,mainGameOrder74,Safeway,Piedmont,17,7.4,5,8,mainGameOrder75,Sprouts Farmers Market,Oakland,18,9,3,0,mainGameOrder76,Sprouts Farmers Market,Oakland,24,14.25,2,0,mainGameOrder76+mainGameOrder75+mainGameOrder73,1.1739,mainGameOrder75,1.5,mainGameOrder75,0.2174,over_bundle,0,0.2174,0.1628,1,,,
p071,20,mainGameScenario20,Oakland,mainGameOrder77,Sprouts Farmers Market,Oakland,24,14.25,6,0,mainGameOrder78,Sprouts Farmers Market,Oakland,23,8.25,4,0,mainGameOrder79,Sprouts Farmers Market,Oakland,17,14.25,4,0,mainGameOrder80,Sprouts Farmers Market,Oakland,20,11.25,5,0,mainGameOrder77+mainGameOrder78+mainGameOrder80,1.3744,mainGameOrder78,1.8776,mainGameOrder78,0.268,over_bundle,0,0.268,0.268,1,,,
p071,21,mainGameScenario21,Oakland,mainGameOrder81,Safeway,Piedmont,20,8.1,4,8,mainGameOrder82,Safeway,Piedmont,17,12.5,2,8,mainGameOrder83,Berkeley Bowl,Berkeley,24,7.8,3,12,mainGameOrder84,Safeway,Piedmont,21,7.4,3,8,mainGameOrder81+mainGameOrder82+mainGameOrder84,1.4216,mainGameOrder81+mainGameOrder82+mainGameOrder84,1.4216,mainGameOrder81+mainGameOrder84,0,bundle_correct,1,0,0.4423,1,,,
p072,1,mainGameScenario1,Berkeley,mainGameOrder1,Berkeley Bowl,Berkeley,22,7.8,3,0,mainGameOrder2,Berkeley Bowl,Berkeley,22,8.4,6,0,mainGameOrder3,Berkeley Bowl,Berkeley,15,9,4,0,mainGameOrder4,Sprouts Farmers Market,Oakland,18,9.75,2,12,mainGameOrder2+mainGameOrder1,1.7886,mainGameOrder1,2.037,mainGameOrder1,0.122,over_bundle,0,0.122,0.2035,1,,,
p072,2,mainGameScenario2,Berkeley,mainGameOrder5,Berkeley Bowl,Berkeley,24,12,5,0,mainGameOrder6,Berkeley Bowl,Berkeley,15,11.4,4,0,mainGameOrder7,Berkeley Bowl,Berkeley,15,12,2,0,mainGameOrder8,Berkeley Bowl,Berkeley,20,7.8,3,0,mainGameOrder5+mainGameOrder6+mainGameOrder8,1.4899,mainGameOrder8,1.8519,mainGameOrder8,0.1955,over_bundle,0,0.1955,0.1805,1,,,
p072,3,mainGameScenario3,Berkeley,mainGameOrder9,Berkeley Bowl,Berkeley,15,13.2,3,0,mainGameOrder10,Sprouts Farmers Market,Oakland,23,12.75,3,12,mainGameOrder11,Berkeley Bowl,Berkeley,23,12,6,0,mainGameOrder12,Berkeley Bowl,Berkeley,16,7.8,6,0,mainGameOrder11+mainGameOrder9+mainGameOrder12,1.2162,mainGameOrder11,1.2778,mainGameOrder11,0.0482,over_bundle,0,0.0482,0.3444,1,,,
p072,4,mainGameScenario4,Berkeley,mainGameOrder13,Berkeley Bowl,Berkeley,17,7.2,4,0,mainGameOrder14,Berkeley Bowl,Berkeley,17,7.8,2,0,mainGameOrder15,Berkeley Bowl,Berkeley,20,12,2,0,mainGameOrder16,Berkeley Bowl,Berkeley,16,11.4,6,0,mainGameOrder15+mainGameOrder13+mainGameOrder14,1.6875,mainGameOrder14,1.7347,mainGameOrder14,0.0272,over_bundle,0,0.0272,0.0272,1,,,
p072,5,mainGameScenario5,Berkeley,mainGameOrder17,Sprouts Farmers Market,Oakland,14,7.5,4,12,mainGameOrder18,Safeway,Piedmont,20,12.5,5,14,mainGameOrder19,Sprouts Farmers Market,Oakland,17,8.25,4,12,mainGameOrder20,Safeway,Piedmont,13,8.1,4,14,mainGameOrder18+mainGameOrder20,0.782,mainGameOrder17+mainGameOrder19,0.8671,mainGameOrder17+mainGameOrder19,0.0982,bundle_correct,0,0.0982,0.3431,1,,,
p072,6,mainGameScenario6,Piedmont,mainGameOrder21,Sprouts Farmers Market,Oakland,19,12,2,8,mainGameOrder22,Sprouts Farmers Market,Oakland,22,8.25,2,8,mainGameOrder23,Sprouts Farmers Market,Oakland,24,8.25,6,8,mainGameOrder24,Sprouts Farmers Market,Oakland,18,9.75,2,8,mainGameOrder22+mainGameOrder23+mainGameOrder21,1.3978,mainGameOrder22+mainGameOrder23+mainGameOrder24,1.4463,mainGameOrder22,0.0335,over_bundle,1,0,0.1838,1,,,
p072,7,mainGameScenario7,Oakland,mainGameOrder25,Sprouts Farmers Market,Oakland,12,13.5,4,0,mainGameOrder26,Target,Emeryville,17,13.5,2,8,mainGameOrder27,Sprouts Farmers Market,Oakland,21,9,4,0,mainGameOrder28,Sprouts Farmers Market,Oakland,21,8.25,3,0,mainGameOrder28+mainGameOrder27+mainGameOrder25,1.2934,mainGameOrder28,1.8667,mainGameOrder28,0.3071,over_bundle,0,0.3071,0.1742,1,,,
p072,8,mainGameScenario8,Oakland,mainGameOrder29,Sprouts Farmers Market,Oakland,17,8.25,3,0,mainGameOrder30,Sprouts Farmers Market,Oakland,15,13.5,6,0,mainGameOrder31,Sprouts Farmers Market,Oakland,15,12.75,5,0,mainGameOrder32,Sprouts Farmers Market,Oakland,14,8.25,3,0,mainGameOrder30+mainGameOrder29+mainGameOrder31,0.9691,mainGameOrder29,1.5111,mainGameOrder29,0.3587,over_bundle,0,0.3587,0.2233,1,,,
p072,9,mainGameScenario9,Oakland,mainGameOrder33,Safeway,Piedmont,12,8.1,3,8,mainGameOrder34,Target,Emeryville,17,15.3,6,8,mainGameOrder35,Safeway,Piedmont,12,11.1,5,8,mainGameOrder36,Safeway,Piedmont,13,11.1,5,8,mainGameOrder34,0.5802,mainGameOrder33+mainGameOrder35+mainGameOrder36,0.7856,mainGameOrder33+mainGameOrder35+mainGameOrder36,0.2614,bundle_correct,0,0.2614,0.4976,1,,,
p072,10,mainGameScenario10,Emeryville,mainGameOrder37,Safeway,Piedmont,14,8.1,5,10,mainGameOrder38,Safeway,Piedmont,20,8.1,6,10,mainGameOrder39,Safeway,Piedmont,19,7.4,6,10,mainGameOrder40,Safeway,Piedmont,23,11.8,2,10,mainGameOrder40+mainGameOrder38+mainGameOrder39,1.3163,mainGameOrder38+mainGameOrder39+mainGameOrder40,1.3163,mainGameOrder39+mainGameOrder40,0,bundle_correct,1,0,0.0013,0,,,
p072,11,mainGameScenario11,Piedmont,mainGameOrder41,Berkeley Bowl,Berkeley,13,7.8,2,14,mainGameOrder42,Target,Emeryville,19,7.8,2,10,mainGameOrder43,Target,Emeryville,18,8.7,5,10,mainGameOrder44,Target,Emeryville,15,13.5,3,10,mainGameOrder42+mainGameOrder44+mainGameOrder43,1.1659,mainGameOrder42+mainGameOrder43,1.1672,mainGameOrder42+mainGameOrder43,0.0011,bundle_correct,0,0.0011,0.2237,1,,,
p072,12,mainGameScenario12,Emeryville,mainGameOrder45,Target,Emeryville,16,13.5,3,0,mainGameOrder46,Target,Emeryville,14,9.6,5,0,mainGameOrder47,Target,Emeryville,22,13.5,6,0,mainGameOrder48,Target,Emeryville,14,13.5,2,0,mainGameOrder47+mainGameOrder48+mainGameOrder45,1.128,mainGameOrder45+mainGameOrder46+mainGameOrder47,1.1504,mainGameOrder45+mainGameOrder46+mainGameOrder47,0.0195,bundle_correct,0,0.0195,0.0035,0,,,
p072,13,mainGameScenario13,Emeryville,mainGameOrder49,Target,Emeryville,24,11.7,2,0,mainGameOrder50,Berkeley Bowl,Berkeley,17,8.4,6,8,mainGameOrder51,Berkeley Bowl,Berkeley,14,7.8,5,8,mainGameOrder52,Target,Emeryville,12,9.6,5,0,mainGameOrder49+mainGameOrder52,1.3139,mainGameOrder49,1.7518,mainGameOrder49,0.25,over_bundle,0,0.25,0.2005,1,,,
p072,14,mainGameScenario14,Emeryville,mainGameOrder53,Target,Emeryville,21,13.5,6,0,mainGameOrder54,Target,Emeryville,14,13.5,5,0,mainGameOrder55,Target,Emeryville,22,13.5,6,0,mainGameOrder56,Target,Emeryville,18,7.8,6,0,mainGameOrder55+mainGameOrder56+mainGameOrder53,1.2869,mainGameOrder56,1.3043,mainGameOrder56,0.0134,over_bundle,0,0.0134,0.0134,1,,,
p072,15,mainGameScenario15,Emeryville,mainGameOrder57,Safeway,Piedmont,22,7.4,4,10,mainGameOrder58,Sprouts Farmers Market,Oakland,18,13.5,2,8,mainGameOrder59,Safeway,Piedmont,17,7.4,4,10,mainGameOrder60,Safeway,Piedmont,22,11.8,5,10,mainGameOrder60+mainGameOrder57+mainGameOrder59,1.3436,mainGameOrder57+mainGameOrder59+mainGameOrder60,1.3436,mainGameOrder57+mainGameOrder59+mainGameOrder60,0,bundle_correct,0,0,0.1071,1,,,
p072,16,mainGameScenario16,Piedmont,mainGameOrder61,Safeway,Piedmont,24,12.5,3,0,mainGameOrder62,Safeway,Piedmont,24,8.1,2,0,mainGameOrder63,Safeway,Piedmont,18,12.5,4,0,mainGameOrder64,Safeway,Piedmont,22,11.1,2,0,mainGameOrder64+mainGameOrder62+mainGameOrder61,2.029,mainGameOrder62,2.3762,mainGameOrder62,0.1461,over_bundle,0,0.1461,0.1461,1,,,
p072,17,mainGameScenario17,Piedmont,mainGameOrder65,Safeway,Piedmont,19,7.4,6,0,mainGameOrder66,Sprouts Farmers Market,Oakland,22,7.5,3,8,mainGameOrder67,Sprouts Farmers Market,Oakland,17,12.75,6,8,mainGameOrder68,Sprouts Farmers Market,Oakland,13,12.75,6,8,mainGameOrder65,1.4179,mainGameOrder65,1.4179,mainGameOrder66,0,over_bundle,1,0,0.5763,1,,,
p072,18,mainGameScenario18,Piedmont,mainGameOrder69,Sprouts Farmers Market,Oakland,14,8.25,5,8,mainGameOrder70,Sprouts Farmers Market,Oakland,13,8.25,3,8,mainGameOrder71,Sprouts Farmers Market,Oakland,22,14.25,3,8,mainGameOrder72,Sprouts Farmers Market,Oakland,19,9,4,8,mainGameOrder71+mainGameOrder72+mainGameOrder69,1.068,mainGameOrder70+mainGameOrder71+mainGameOrder72,1.0909,mainGameOrder71+mainGameOrder72,0.021,bundle_correct,1,0.0037,0.1167,1,,,
p072,19,mainGameScenario19,Oakland,mainGameOrder73,Sprouts Farmers Market,Oakland,12,12.75,5,0,mainGameOrder74,Safeway,Piedmont,17,7.4,5,8,mainGameOrder75,Sprouts Farmers Market,Oakland,18,9,3,0,mainGameOrder76,Sprouts Farmers Market,Oakland,24,14.25,2,0,mainGameOrder74,0.8333,mainGameOrder75,1.5,mainGameOrder75,0.4444,over_bundle,0,0.4444,0.4444,1,,,
p072,20,mainGameScenario20,Piedmont,mainGameOrder77,Sprouts Farmers Market,Oakland,24,14.25,6,8,mainGameOrder78,Sprouts Farmers Market,Oakland,23,8.25,4,8,mainGameOrder79,Sprouts Farmers Market,Oakland,17,14.25,4,8,mainGameOrder80,Sprouts Farmers Market,Oakland,20,11.25,5,8,mainGameOrder77+mainGameOrder78+mainGameOrder80,1.1806,mainGameOrder77+mainGameOrder78+mainGameOrder80,1.1806,mainGameOrder78,0,over_bundle,1,0,0.268,1,,,
p072,21,mainGameScenario21,Oakland,mainGameOrder81,Safeway,Piedmont,20,8.1,4,8,mainGameOrder82,Safeway,Piedmont,17,12.5,2,8,mainGameOrder83,Berkeley Bowl,Berkeley,24,7.8,3,12,mainGameOrder84,Safeway,Piedmont,21,7.4,3,8,mainGameOrder82+mainGameOrder81,1.1385,mainGameOrder81+mainGameOrder82+mainGameOrder84,1.4216,mainGameOrder81+mainGameOrder84,0.1992,bundle_correct,1,0.192,0.3684,1,,,
p073,1,mainGameScenario1,Berkeley,mainGameOrder1,Berkeley Bowl,Berkeley,22,7.8,3,0,mainGameOrder2,Berkeley Bowl,Berkeley,22,8.4,6,0,mainGameOrder3,Berkeley Bowl,Berkeley,15,9,4,0,mainGameOrder4,Sprouts Farmers Market,Oakland,18,9.75,2,12,mainGameOrder1+mainGameOrder2+mainGameOrder3,1.6761,mainGameOrder1,2.037,mainGameOrder1,0.1772,over_bundle,0,0.1772,0.184,1,,,
p073,2,mainGameScenario2,Berkeley,mainGameOrder5,Berkeley Bowl,Berkeley,24,12,5,0,mainGameOrder6,Berkeley Bowl,Berkeley,15,11.4,4,0,mainGameOrder7,Berkeley Bowl,Berkeley,15,12,2,0,mainGameOrder8,Berkeley Bowl,Berkeley,20,7.8,3,0,mainGameOrder5+mainGameOrder8+mainGameOrder6,1.4899,mainGameOrder8,1.8519,mainGameOrder8,0.1955,over_bundle,0,0.1955,0.1805,1,,,
p073,3,mainGameScenario3,Berkeley,mainGameOrder9,Berkeley Bowl,Berkeley,15,13.2,3,0,mainGameOrder10,Sprouts Farmers Market,Oakland,23,12.75,3,12,mainGameOrder11,Berkeley Bowl,Berkeley,23,12,6,0,mainGameOrder12,Berkeley Bowl,Berkeley,16,7.8,6,0,mainGameOrder9+mainGameOrder11+mainGameOrder12,1.2162,mainGameOrder11,1.2778,mainGameOrder11,0.0482,over_bundle,0,0.0482,0.3444,1,,,
p073,4,mainGameScenario4,Berkeley,mainGameOrder13,Berkeley Bowl,Berkeley,17,7.2,4,0,mainGameOrder14,Berkeley Bowl,Berkeley,17,7.8,2,0,mainGameOrder15,Berkeley Bowl,Berkeley,20,12,2,0,mainGameOrder16,Berkeley Bowl,Berkeley,16,11.4,6,0,mainGameOrder14+mainGameOrder15+mainGameOrder16,1.3874,mainGameOrder14,1.7347,mainGameOrder14,0.2002,over_bundle,0,0.2002,0.0651,1,,,
p073,5,mainGameScenario5,Berkeley,mainGameOrder17,Sprouts Farmers Market,Oakland,14,7.5,4,12,mainGameOrder18,Safeway,Piedmont,20,12.5,5,14,mainGameOrder19,Sprouts Farmers Market,Oakland,17,8.25,4,12,mainGameOrder20,Safeway,Piedmont,13,8.1,4,14,mainGameOrder17+mainGameOrder19,0.8671,mainGameOrder17+mainGameOrder19,0.8671,mainGameOrder17+mainGameOrder19,0,bundle_correct,0,0,0.1656,1,,,
p073,6,mainGameScenario6,Oakland,mainGameOrder21,Sprouts Farmers Market,Oakland,19,12,2,0,mainGameOrder22,Sprouts Farmers Market,Oakland,22,8.25,2,0,mainGameOrder23,Sprouts Farmers Market,Oakland,24,8.25,6,0,mainGameOrder24,Sprouts Farmers Market,Oakland,18,9.75,2,0,mainGameOrder22+mainGameOrder23+mainGameOrder21,1.6883,mainGameOrder22,2.1463,mainGameOrder22,0.2134,over_bundle,0,0.2134,0.1838,1,,,
p073,7,mainGameScenario7,Oakland,mainGameOrder25,Sprouts Farmers Market,Oakland,12,13.5,4,0,mainGameOrder26,Target,Emeryville,17,13.5,2,8,mainGameOrder27,Sprouts Farmers Market,Oakland,21,9,4,0,mainGameOrder28,Sprouts Farmers Market,Oakland,21,8.25,3,0,mainGameOrder25+mainGameOrder27+mainGameOrder28,1.2934,mainGameOrder28,1.8667,mainGameOrder28,0.3071,over_bundle,0,0.3071,0.1742,1,,,
p073,8,mainGameScenario8,Oakland,mainGameOrder29,Sprouts Farmers Market,Oakland,17,8.25,3,0,mainGameOrder30,Sprouts Farmers Market,Oakland,15,13.5,6,0,mainGameOrder31,Sprouts Farmers Market,Oakland,15,12.75,5,0,mainGameOrder32,Sprouts Farmers Market,Oakland,14,8.25,3,0,mainGameOrder30+mainGameOrder29+mainGameOrder31,0.9691,mainGameOrder29,1.5111,mainGameOrder29,0.3587,over_bundle,0,0.3587,0.2233,1,,,
p073,9,mainGameScenario9,Oakland,mainGameOrder33,Safeway,Piedmont,12,8.1,3,8,mainGameOrder34,Target,Emeryville,17,15.3,6,8,mainGameOrder35,Safeway,Piedmont,12,11.1,5,8,mainGameOrder36,Safeway,Piedmont,13,11.1,5,8,mainGameOrder36+mainGameOrder35+mainGameOrder33,0.7856,mainGameOrder33+mainGameOrder35+mainGameOrder36,0.7856,mainGameOrder33+mainGameOrder35+mainGameOrder36,0,bundle_correct,0,0,0.1247,1,,,
p073,10,mainGameScenario10,Piedmont,mainGameOrder37,Safeway,Piedmont,14,8.1,5,0,mainGameOrder38,Safeway,Piedmont,20,8.1,6,0,mainGameOrder39,Safeway,Piedmont,19,7.4,6,0,mainGameOrder40,Safeway,Piedmont,23,11.8,2,0,mainGameOrder40+mainGameOrder38+mainGameOrder39,1.6712,mainGameOrder39+mainGameOrder40,1.6733,mainGameOrder39+mainGameOrder40,0.0013,bundle_correct,0,0.0013,0.0013,0,,,
p073,11,mainGameScenario11,Piedmont,mainGameOrder41,Berkeley Bowl,Berkeley,13,7.8,2,14,mainGameOrder42,Target,Emeryville,19,7.8,2,10,mainGameOrder43,Target,Emeryville,18,8.7,5,10,mainGameOrder44,Target,Emeryville,15,13.5,3,10,mainGameOrder42+mainGameOrder43+mainGameOrder44,1.1659,mainGameOrder42+mainGameOrder43,1.1672,mainGameOrder42+mainGameOrder43,0.0011,bundle_correct,0,0.0011,0.2237,1,,,
p073,12,mainGameScenario12,Emeryville,mainGameOrder45,Target,Emeryville,16,13.5,3,0,mainGameOrder46,Target,Emeryville,14,9.6,5,0,mainGameOrder47,Target,Emeryville,22,13.5,6,0,mainGameOrder48,Target,Emeryville,14,13.5,2,0,mainGameOrder47+mainGameOrder45+mainGameOrder46,1.1504,mainGameOrder45+mainGameOrder46+mainGameOrder47,1.1504,mainGameOrder45+mainGameOrder46+mainGameOrder47,0,bundle_correct,0,0,0,0,,,
p073,13,mainGameScenario13,Emeryville,mainGameOrder49,Target,Emeryville,24,11.7,2,0,mainGameOrder50,Berkeley Bowl,Berkeley,17,8.4,6,8,mainGameOrder51,Berkeley Bowl,Berkeley,14,7.8,5,8,mainGameOrder52,Target,Emeryville,12,9.6,5,0,mainGameOrder49+mainGameOrder52,1.3139,mainGameOrder49,1.7518,mainGameOrder49,0.25,over_bundle,0,0.25,0.2005,1,,,
p073,14,mainGameScenario14,Emeryville,mainGameOrder53,Target,Emeryville,21,13.5,6,0,mainGameOrder54,Target,Emeryville,14,13.5,5,0,mainGameOrder55,Target,Emeryville,22,13.5,6,0,mainGameOrder56,Target,Emeryville,18,7.8,6,0,mainGameOrder53+mainGameOrder55+mainGameOrder56,1.2869,mainGameOrder56,1.3043,mainGameOrder56,0.0134,over_bundle,0,0.0134,0.0134,1,,,
p073,15,mainGameScenario15,Emeryville,mainGameOrder57,Safeway,Piedmont,22,7.4,4,10,mainGameOrder58,Sprouts Farmers Market,Oakland,18,13.5,2,8,mainGameOrder59,Safeway,Piedmont,17,7.4,4,10,mainGameOrder60,Safeway,Piedmont,22,11.8,5,10,mainGameOrder60+mainGameOrder59+mainGameOrder57,1.3436,mainGameOrder57+mainGameOrder59+mainGameOrder60,1.3436,mainGameOrder57+mainGameOrder59+mainGameOrder60,0,bundle_correct,0,0,0.1071,1,,,
p074,1,mainGameScenario1,Berkeley,mainGameOrder1,Berkeley Bowl,Berkeley,22,7.8,3,0,mainGameOrder2,Berkeley Bowl,Berkeley,22,8.4,6,0,mainGameOrder3,Berkeley Bowl,Berkeley,15,9,4,0,mainGameOrder4,Sprouts Farmers Market,Oakland,18,9.75,2,12,mainGameOrder1+mainGameOrder2+mainGameOrder3,1.6761,mainGameOrder1,2.037,mainGameOrder1,0.1772,over_bundle,0,0.1772,0.184,1,,,
p074,2,mainGameScenario2,Berkeley,mainGameOrder5,Berkeley Bowl,Berkeley,24,12,5,0,mainGameOrder6,Berkeley Bowl,Berkeley,15,11.4,4,0,mainGameOrder7,Berkeley Bowl,Berkeley,15,12,2,0,mainGameOrder8,Berkeley Bowl,Berkeley,20,7.8,3,0,mainGameOrder5+mainGameOrder6+mainGameOrder7,1.3171,mainGameOrder8,1.8519,mainGameOrder8,0.2888,over_bundle,0,0.2888,0.1674,1,,,
p074,3,mainGameScenario3,Berkeley,mainGameOrder9,Berkeley Bowl,Berkeley,15,13.2,3,0,mainGameOrder10,Sprouts Farmers Market,Oakland,23,12.75,3,12,mainGameOrder11,Berkeley Bowl,Berkeley,23,12,6,0,mainGameOrder12,Berkeley Bowl,Berkeley,16,7.8,6,0,mainGameOrder11+mainGameOrder12+mainGameOrder9,1.2162,mainGameOrder11,1.2778,mainGameOrder11,0.0482,over_bundle,0,0.0482,0.3444,1,,,
p074,4,mainGameScenario4,Berkeley,mainGameOrder13,Berkeley Bowl,Berkeley,17,7.2,4,0,mainGameOrder14,Berkeley Bowl,Berkeley,17,7.8,2,0,mainGameOrder15,Berkeley Bowl,Berkeley,20,12,2,0,mainGameOrder16,Berkeley Bowl,Berkeley,16,11.4,6,0,mainGameOrder15+mainGameOrder14+mainGameOrder13,1.6875,mainGameOrder14,1.7347,mainGameOrder14,0.0272,over_bundle,0,0.0272,0.0272,1,,,
p074,5,mainGameScenario5,Berkeley,mainGameOrder17,Sprouts Farmers Market,Oakland,14,7.5,4,12,mainGameOrder18,Safeway,Piedmont,20,12.5,5,14,mainGameOrder19,Sprouts Farmers Market,Oakland,17,8.25,4,12,mainGameOrder20,Safeway,Piedmont,13,8.1,4,14,mainGameOrder19+mainGameOrder17,0.8671,mainGameOrder17+mainGameOrder19,0.8671,mainGameOrder17+mainGameOrder19,0,bundle_correct,0,0,0.1656,1,,,
p074,6,mainGameScenario6,Oakland,mainGameOrder21,Sprouts Farmers Market,Oakland,19,12,2,0,mainGameOrder22,Sprouts Farmers Market,Oakland,22,8.25,2,0,mainGameOrder23,Sprouts Farmers Market,Oakland,24,8.25,6,0,mainGameOrder24,Sprouts Farmers Market,Oakland,18,9.75,2,0,mainGameOrder23+mainGameOrder22+mainGameOrder21,1.6883,mainGameOrder22,2.1463,mainGameOrder22,0.2134,over_bundle,0,0.2134,0.1838,1,,,
p074,7,mainGameScenario7,Oakland,mainGameOrder25,Sprouts Farmers Market,Oakland,12,13.5,4,0,mainGameOrder26,Target,Emeryville,17,13.5,2,8,mainGameOrder27,Sprouts Farmers Market,Oakland,21,9,4,0,mainGameOrder28,Sprouts Farmers Market,Oakland,21,8.25,3,0,mainGameOrder25+mainGameOrder27+mainGameOrder28,1.2934,mainGameOrder28,1.8667,mainGameOrder28,0.3071,over_bundle,0,0.3071,0.1742,1,,,
p074,8,mainGameScenario8,Oakland,mainGameOrder29,Sprouts Farmers Market,Oakland,17,8.25,3,0,mainGameOrder30,Sprouts Farmers Market,Oakland,15,13.5,6,0,mainGameOrder31,Sprouts Farmers Market,Oakland,15,12.75,5,0,mainGameOrder32,Sprouts Farmers Market,Oakland,14,8.25,3,0,mainGameOrder30+mainGameOrder29+mainGameOrder31,0.9691,mainGameOrder29,1.5111,mainGameOrder29,0.3587,over_bundle,0,0.3587,0.2233,1,,,
p074,9,mainGameScenario9,Oakland,mainGameOrder33,Safeway,Piedmont,12,8.1,3,8,mainGameOrder34,Target,Emeryville,17,15.3,6,8,mainGameOrder35,Safeway,Piedmont,12,11.1,5,8,mainGameOrder36,Safeway,Piedmont,13,11.1,5,8,mainGameOrder33+mainGameOrder35+mainGameOrder36,0.7856,mainGameOrder33+mainGameOrder35+mainGameOrder36,0.7856,mainGameOrder33+mainGameOrder35+mainGameOrder36,0,bundle_correct,0,0,0.1247,1,,,
p074,10,mainGameScenario10,Piedmont,mainGameOrder37,Safeway,Piedmont,14,8.1,5,0,mainGameOrder38,Safeway,Piedmont,20,8.1,6,0,mainGameOrder39,Safeway,Piedmont,19,7.4,6,0,mainGameOrder40,Safeway,Piedmont,23,11.8,2,0,mainGameOrder38+mainGameOrder40+mainGameOrder39,1.6712,mainGameOrder39+mainGameOrder40,1.6733,mainGameOrder39+mainGameOrder40,0.0013,bundle_correct,0,0.0013,0.0013,0,,,
p074,11,mainGameScenario11,Piedmont,mainGameOrder41,Berkeley Bowl,Berkeley,13,7.8,2,14,mainGameOrder42,Target,Emeryville,19,7.8,2,10,mainGameOrder43,Target,Emeryville,18,8.7,5,10,mainGameOrder44,Target,Emeryville,15,13.5,3,10,mainGameOrder42+mainGameOrder43+mainGameOrder44,1.1659,mainGameOrder42+mainGameOrder43,1.1672,mainGameOrder42+mainGameOrder43,0.0011,bundle_correct,0,0.0011,0.2237,1,,,
p074,12,mainGameScenario12,Emeryville,mainGameOrder45,Target,Emeryville,16,13.5,3,0,mainGameOrder46,Target,Emeryville,14,9.6,5,0,mainGameOrder47,Target,Emeryville,22,13.5,6,0,mainGameOrder48,Target,Emeryville,14,13.5,2,0,mainGameOrder45+mainGameOrder47+mainGameOrder46,1.1504,mainGameOrder45+mainGameOrder46+mainGameOrder47,1.1504,mainGameOrder45+mainGameOrder46+mainGameOrder47,0,bundle_correct,0,0,0,0,,,
p074,13,mainGameScenario13,Emeryville,mainGameOrder49,Target,Emeryville,24,11.7,2,0,mainGameOrder50,Berkeley Bowl,Berkeley,17,8.4,6,8,mainGameOrder51,Berkeley Bowl,Berkeley,14,7.8,5,8,mainGameOrder52,Target,Emeryville,12,9.6,5,0,mainGameOrder49+mainGameOrder52,1.3139,mainGameOrder49,1.7518,mainGameOrder49,0.25,over_bundle,0,0.25,0.2005,1,,,
p075,1,mainGameScenario1,Berkeley,mainGameOrder1,Berkeley Bowl,Berkeley,22,7.8,3,0,mainGameOrder2,Berkeley Bowl,Berkeley,22,8.4,6,0,mainGameOrder3,Berkeley Bowl,Berkeley,15,9,4,0,mainGameOrder4,Sprouts Farmers Market,Oakland,18,9.75,2,12,mainGameOrder1+mainGameOrder2+mainGameOrder3,1.6761,mainGameOrder1,2.037,mainGameOrder1,0.1772,over_bundle,0,0.1772,0.184,1,,,
p075,2,mainGameScenario2,Berkeley,mainGameOrder5,Berkeley Bowl,Berkeley,24,12,5,0,mainGameOrder6,Berkeley Bowl,Berkeley,15,11.4,4,0,mainGameOrder7,Berkeley Bowl,Berkeley,15,12,2,0,mainGameOrder8,Berkeley Bowl,Berkeley,20,7.8,3,0,mainGameOrder5+mainGameOrder8+mainGameOrder7,1.5206,mainGameOrder8,1.8519,mainGameOrder8,0.1789,over_bundle,0,0.1789,0.1789,1,,,
p075,3,mainGameScenario3,Berkeley,mainGameOrder9,Berkeley Bowl,Berkeley,15,13.2,3,0,mainGameOrder10,Sprouts Farmers Market,Oakland,23,12.75,3,12,mainGameOrder11,Berkeley Bowl,Berkeley,23,12,6,0,mainGameOrder12,Berkeley Bowl,Berkeley,16,7.8,6,0,mainGameOrder11+mainGameOrder9+mainGameOrder12,1.2162,mainGameOrder11,1.2778,mainGameOrder11,0.0482,over_bundle,0,0.0482,0.3444,1,,,
p075,4,mainGameScenario4,Berkeley,mainGameOrder13,Berkeley Bowl,Berkeley,17,7.2,4,0,mainGameOrder14,Berkeley Bowl,Berkeley,17,7.8,2,0,mainGameOrder15,Berkeley Bowl,Berkeley,20,12,2,0,mainGameOrder16,Berkeley Bowl,Berkeley,16,11.4,6,0,mainGameOrder15+mainGameOrder13+mainGameOrder14,1.6875,mainGameOrder14,1.7347,mainGameOrder14,0.0272,over_bundle,0,0.0272,0.0272,1,,,
p075,5,mainGameScenario5,Berkeley,mainGameOrder17,Sprouts Farmers Market,Oakland,14,7.5,4,12,mainGameOrder18,Safeway,Piedmont,20,12.5,5,14,mainGameOrder19,Sprouts Farmers Market,Oakland,17,8.25,4,12,mainGameOrder20,Safeway,Piedmont,13,8.1,4,14,mainGameOrder17+mainGameOrder19,0.8671,mainGameOrder17+mainGameOrder19,0.8671,mainGameOrder17+mainGameOrder19,0,bundle_correct,0,0,0.1656,1,,,
p075,6,mainGameScenario6,Oakland,mainGameOrder21,Sprouts Farmers Market,Oakland,19,12,2,0,mainGameOrder22,Sprouts Farmers Market,Oakland,22,8.25,2,0,mainGameOrder23,Sprouts Farmers Market,Oakland,24,8.25,6,0,mainGameOrder24,Sprouts Farmers Market,Oakland,18,9.75,2,0,mainGameOrder22+mainGameOrder23+mainGameOrder21,1.6883,mainGameOrder22,2.1463,mainGameOrder22,0.2134,over_bundle,0,0.2134,0.1838,1,,,
p075,7,mainGameScenario7,Oakland,mainGameOrder25,Sprouts Farmers Market,Oakland,12,13.5,4,0,mainGameOrder26,Target,Emeryville,17,13.5,2,8,mainGameOrder27,Sprouts Farmers Market,Oakland,21,9,4,0,mainGameOrder28,Sprouts Farmers Market,Oakland,21,8.25,3,0,mainGameOrder25+mainGameOrder27+mainGameOrder28,1.2934,mainGameOrder28,1.8667,mainGameOrder28,0.3071,over_bundle,0,0.3071,0.1742,1,,,
p075,8,mainGameScenario8,Oakland,mainGameOrder29,Sprouts Farmers Market,Oakland,17,8.25,3,0,mainGameOrder30,Sprouts Farmers Market,Oakland,15,13.5,6,0,mainGameOrder31,Sprouts Farmers Market,Oakland,15,12.75,5,0,mainGameOrder32,Sprouts Farmers Market,Oakland,14,8.25,3,0,mainGameOrder29+mainGameOrder30+mainGameOrder31,0.9691,mainGameOrder29,1.5111,mainGameOrder29,0.3587,over_bundle,0,0.3587,0.2233,1,,,
p075,9,mainGameScenario9,Oakland,mainGameOrder33,Safeway,Piedmont,12,8.1,3,8,mainGameOrder34,Target,Emeryville,17,15.3,6,8,mainGameOrder35,Safeway,Piedmont,12,11.1,5,8,mainGameOrder36,Safeway,Piedmont,13,11.1,5,8,mainGameOrder33+mainGameOrder35+mainGameOrder36,0.7856,mainGameOrder33+mainGameOrder35+mainGameOrder36,0.7856,mainGameOrder33+mainGameOrder35+mainGameOrder36,0,bundle_correct,0,0,0.1247,1,,,
p075,10,mainGameScenario10,Piedmont,mainGameOrder37,Safeway,Piedmont,14,8.1,5,0,mainGameOrder38,Safeway,Piedmont,20,8.1,6,0,mainGameOrder39,Safeway,Piedmont,19,7.4,6,0,mainGameOrder40,Safeway,Piedmont,23,11.8,2,0,mainGameOrder40+mainGameOrder38+mainGameOrder39,1.6712,mainGameOrder39+mainGameOrder40,1.6733,mainGameOrder39+mainGameOrder40,0.0013,bundle_correct,0,0.0013,0.0013,0,,,
p075,11,mainGameScenario11,Piedmont,mainGameOrder41,Berkeley Bowl,Berkeley,13,7.8,2,14,mainGameOrder42,Target,Emeryville,19,7.8,2,10,mainGameOrder43,Target,Emeryville,18,8.7,5,10,mainGameOrder44,Target,Emeryville,15,13.5,3,10,mainGameOrder42+mainGameOrder44+mainGameOrder43,1.1659,mainGameOrder42+mainGameOrder43,1.1672,mainGameOrder42+mainGameOrder43,0.0011,bundle_correct,0,0.0011,0.2237,1,,,
p075,12,mainGameScenario12,Emeryville,mainGameOrder45,Target,Emeryville,16,13.5,3,0,mainGameOrder46,Target,Emeryville,14,9.6,5,0,mainGameOrder47,Target,Emeryville,22,13.5,6,0,mainGameOrder48,Target,Emeryville,14,13.5,2,0,mainGameOrder47+mainGameOrder45+mainGameOrder46,1.1504,mainGameOrder45+mainGameOrder46+mainGameOrder47,1.1504,mainGameOrder45+mainGameOrder46+mainGameOrder47,0,bundle_correct,0,0,0,0,,,
p075,13,mainGameScenario13,Emeryville,mainGameOrder49,Target,Emeryville,24,11.7,2,0,mainGameOrder50,Berkeley Bowl,Berkeley,17,8.4,6,8,mainGameOrder51,Berkeley Bowl,Berkeley,14,7.8,5,8,mainGameOrder52,Target,Emeryville,12,9.6,5,0,mainGameOrder52+mainGameOrder49,1.3139,mainGameOrder49,1.7518,mainGameOrder49,0.25,over_bundle,0,0.25,0.2005,1,,,
p075,14,mainGameScenario14,Emeryville,mainGameOrder53,Target,Emeryville,21,13.5,6,0,mainGameOrder54,Target,Emeryville,14,13.5,5,0,mainGameOrder55,Target,Emeryville,22,13.5,6,0,mainGameOrder56,Target,Emeryville,18,7.8,6,0,mainGameOrder53+mainGameOrder55+mainGameOrder56,1.2869,mainGameOrder56,1.3043,mainGameOrder56,0.0134,over_bundle,0,0.0134,0.0134,1,,,
p075,15,mainGameScenario15,Emeryville,mainGameOrder57,Safeway,Piedmont,22,7.4,4,10,mainGameOrder58,Sprouts Farmers Market,Oakland,18,13.5,2,8,mainGameOrder59,Safeway,Piedmont,17,7.4,4,10,mainGameOrder60,Safeway,Piedmont,22,11.8,5,10,mainGameOrder57+mainGameOrder60,1.2188,mainGameOrder57+mainGameOrder59+mainGameOrder60,1.3436,mainGameOrder57+mainGameOrder59+mainGameOrder60,0.0929,bundle_correct,0,0.0929,0.0445,1,,,
p075,16,mainGameScenario16,Piedmont,mainGameOrder61,Safeway,Piedmont,24,12.5,3,0,mainGameOrder62,Safeway,Piedmont,24,8.1,2,0,mainGameOrder63,Safeway,Piedmont,18,12.5,4,0,mainGameOrder64,Safeway,Piedmont,22,11.1,2,0,mainGameOrder62+mainGameOrder61+mainGameOrder64,2.029,mainGameOrder62,2.3762,mainGameOrder62,0.1461,over_bundle,0,0.1461,0.1461,1,,,
p075,17,mainGameScenario17,Piedmont,mainGameOrder65,Safeway,Piedmont,19,7.4,6,0,mainGameOrder66,Sprouts Farmers Market,Oakland,22,7.5,3,8,mainGameOrder67,Sprouts Farmers Market,Oakland,17,12.75,6,8,mainGameOrder68,Sprouts Farmers Market,Oakland,13,12.75,6,8,mainGameOrder66+mainGameOrder68+mainGameOrder67,0.9286,mainGameOrder65,1.4179,mainGameOrder66,0.3451,over_bundle,1,0.2192,0.3693,1,,,
p075,18,mainGameScenario18,Oakland,mainGameOrder69,Sprouts Farmers Market,Oakland,14,8.25,5,0,mainGameOrder70,Sprouts Farmers Market,Oakland,13,8.25,3,0,mainGameOrder71,Sprouts Farmers Market,Oakland,22,14.25,3,0,mainGameOrder72,Sprouts Farmers Market,Oakland,19,9,4,0,mainGameOrder71+mainGameOrder69+mainGameOrder72,1.2644,mainGameOrder72,1.4615,mainGameOrder71+mainGameOrder72,0.1349,bundle_correct,1,0.0671,0.1167,1,,,
p076,1,mainGameScenario1,Berkeley,mainGameOrder1,Berkeley Bowl,Berkeley,22,7.8,3,0,mainGameOrder2,Berkeley Bowl,Berkeley,22,8.4,6,0,mainGameOrder3,Berkeley Bowl,Berkeley,15,9,4,0,mainGameOrder4,Sprouts Farmers Market,Oakland,18,9.75,2,12,mainGameOrder1+mainGameOrder2+mainGameOrder3,1.6761,mainGameOrder1,2.037,mainGameOrder1,0.1772,over_bundle,0,0.1772,0.184,1,Berkeley,mainGameOrder1,0.1772
p076,2,mainGameScenario2,Berkeley,mainGameOrder5,Berkeley Bowl,Berkeley,24,12,5,0,mainGameOrder6,Berkeley Bowl,Berkeley,15,11.4,4,0,mainGameOrder7,Berkeley Bowl,Berkeley,15,12,2,0,mainGameOrder8,Berkeley Bowl,Berkeley,20,7.8,3,0,mainGameOrder5+mainGameOrder8+mainGameOrder7,1.5206,mainGameOrder8,1.8519,mainGameOrder8,0.1789,over_bundle,0,0.1789,0.1789,1,Berkeley,mainGameOrder8,0.1789
p076,3,mainGameScenario3,Berkeley,mainGameOrder9,Berkeley Bowl,Berkeley,15,13.2,3,0,mainGameOrder10,Sprouts Farmers Market,Oakland,23,12.75,3,12,mainGameOrder11,Berkeley Bowl,Berkeley,23,12,6,0,mainGameOrder12,Berkeley Bowl,Berkeley,16,7.8,6,0,mainGameOrder12+mainGameOrder11+mainGameOrder9,1.2162,mainGameOrder11,1.2778,mainGameOrder11,0.0482,over_bundle,0,0.0482,0.3444,1,Berkeley,mainGameOrder11,0.0482
p076,4,mainGameScenario4,Berkeley,mainGameOrder13,Berkeley Bowl,Berkeley,17,7.2,4,0,mainGameOrder14,Berkeley Bowl,Berkeley,17,7.8,2,0,mainGameOrder15,Berkeley Bowl,Berkeley,20,12,2,0,mainGameOrder16,Berkeley Bowl,Berkeley,16,11.4,6,0,mainGameOrder15+mainGameOrder14+mainGameOrder13,1.6875,mainGameOrder14,1.7347,mainGameOrder14,0.0272,over_bundle,0,0.0272,0.0272,1,Berkeley,mainGameOrder14,0.0272
p076,5,mainGameScenario5,Berkeley,mainGameOrder17,Sprouts Farmers Market,Oakland,14,7.5,4,12,mainGameOrder18,Safeway,Piedmont,20,12.5,5,14,mainGameOrder19,Sprouts Farmers Market,Oakland,17,8.25,4,12,mainGameOrder20,Safeway,Piedmont,13,8.1,4,14,mainGameOrder18+mainGameOrder20,0.782,mainGameOrder17+mainGameOrder19,0.8671,mainGameOrder17+mainGameOrder19,0.0982,bundle_correct,0,0.0982,0.3431,1,Berkeley,mainGameOrder17+mainGameOrder19,0.0835
p076,6,mainGameScenario6,Piedmont,mainGameOrder21,Sprouts Farmers Market,Oakland,19,12,2,8,mainGameOrder22,Sprouts Farmers Market,Oakland,22,8.25,2,8,mainGameOrder23,Sprouts Farmers Market,Oakland,24,8.25,6,8,mainGameOrder24,Sprouts Farmers Market,Oakland,18,9.75,2,8,mainGameOrder22+mainGameOrder24+mainGameOrder23,1.4463,mainGameOrder22+mainGameOrder23+mainGameOrder24,1.4463,mainGameOrder22,0,over_bundle,1,0,0.1774,1,Piedmont,mainGameOrder22,0
p076,7,mainGameScenario7,Oakland,mainGameOrder25,Sprouts Farmers Market,Oakland,12,13.5,4,0,mainGameOrder26,Target,Emeryville,17,13.5,2,8,mainGameOrder27,Sprouts Farmers Market,Oakland,21,9,4,0,mainGameOrder28,Sprouts Farmers Market,Oakland,21,8.25,3,0,mainGameOrder28+mainGameOrder27+mainGameOrder25,1.2934,mainGameOrder28,1.8667,mainGameOrder28,0.3071,over_bundle,0,0.3071,0.1742,1,Oakland,mainGameOrder28,0.2676
p076,8,mainGameScenario8,Oakland,mainGameOrder29,Sprouts Farmers Market,Oakland,17,8.25,3,0,mainGameOrder30,Sprouts Farmers Market,Oakland,15,13.5,6,0,mainGameOrder31,Sprouts Farmers Market,Oakland,15,12.75,5,0,mainGameOrder32,Sprouts Farmers Market,Oakland,14,8.25,3,0,mainGameOrder29+mainGameOrder32+mainGameOrder31,1.1429,mainGameOrder29,1.5111,mainGameOrder29,0.2437,over_bundle,0,0.2437,0.2235,1,Oakland,mainGameOrder29,0.2144
p076,9,mainGameScenario9,Oakland,mainGameOrder33,Safeway,Piedmont,12,8.1,3,8,mainGameOrder34,Target,Emeryville,17,15.3,6,8,mainGameOrder35,Safeway,Piedmont,12,11.1,5,8,mainGameOrder36,Safeway,Piedmont,13,11.1,5,8,mainGameOrder35+mainGameOrder36+mainGameOrder33,0.7856,mainGameOrder33+mainGameOrder35+mainGameOrder36,0.7856,mainGameOrder33+mainGameOrder35+mainGameOrder36,0,bundle_correct,0,0,0.1247,1,Piedmont,mainGameOrder33+mainGameOrder35+mainGameOrder36,0
p076,10,mainGameScenario10,Piedmont,mainGameOrder37,Safeway,Piedmont,14,8.1,5,0,mainGameOrder38,Safeway,Piedmont,20,8.1,6,0,mainGameOrder39,Safeway,Piedmont,19,7.4,6,0,mainGameOrder40,Safeway,Piedmont,23,11.8,2,0,mainGameOrder38+mainGameOrder39+mainGameOrder40,1.6712,mainGameOrder39+mainGameOrder40,1.6733,mainGameOrder39+mainGameOrder40,0.0013,bundle_correct,0,0.0013,0.0013,0,Piedmont,mainGameOrder39+mainGameOrder40,0.0013
p076,11,mainGameScenario11,Piedmont,mainGameOrder41,Berkeley Bowl,Berkeley,13,7.8,2,14,mainGameOrder42,Target,Emeryville,19,7.8,2,10,mainGameOrder43,Target,Emeryville,18,8.7,5,10,mainGameOrder44,Target,Emeryville,15,13.5,3,10,mainGameOrder42+mainGameOrder43+mainGameOrder44,1.1659,mainGameOrder42+mainGameOrder43,1.1672,mainGameOrder42+mainGameOrder43,0.0011,bundle_correct,0,0.0011,0.2237,1,Emeryville,mainGameOrder42+mainGameOrder43,0.1053
p076,12,mainGameScenario12,Emeryville,mainGameOrder45,Target,Emeryville,16,13.5,3,0,mainGameOrder46,Target,Emeryville,14,9.6,5,0,mainGameOrder47,Target,Emeryville,22,13.5,6,0,mainGameOrder48,Target,Emeryville,14,13.5,2,0,mainGameOrder47+mainGameOrder45+mainGameOrder46,1.1504,mainGameOrder45+mainGameOrder46+mainGameOrder47,1.1504,mainGameOrder45+mainGameOrder46+mainGameOrder47,0,bundle_correct,0,0,0,0,Emeryville,mainGameOrder45+mainGameOrder46+mainGameOrder47,0
p077,1,mainGameScenario1,Berkeley,mainGameOrder1,Berkeley Bowl,Berkeley,22,7.8,3,0,mainGameOrder2,Berkeley Bowl,Berkeley,22,8.4,6,0,mainGameOrder3,Berkeley Bowl,Berkeley,15,9,4,0,mainGameOrder4,Sprouts Farmers Market,Oakland,18,9.75,2,12,mainGameOrder2+mainGameOrder1+mainGameOrder3,1.6761,mainGameOrder1,2.037,mainGameOrder1,0.1772,over_bundle,0,0.1772,0.184,1,,,
p077,2,mainGameScenario2,Berkeley,mainGameOrder5,Berkeley Bowl,Berkeley,24,12,5,0,mainGameOrder6,Berkeley Bowl,Berkeley,15,11.4,4,0,mainGameOrder7,Berkeley Bowl,Berkeley,15,12,2,0,mainGameOrder8,Berkeley Bowl,Berkeley,20,7.8,3,0,mainGameOrder5+mainGameOrder8+mainGameOrder7,1.5206,mainGameOrder8,1.8519,mainGameOrder8,0.1789,over_bundle,0,0.1789,0.1789,1,,,
p077,3,mainGameScenario3,Berkeley,mainGameOrder9,Berkeley Bowl,Berkeley,15,13.2,3,0,mainGameOrder10,Sprouts Farmers Market,Oakland,23,12.75,3,12,mainGameOrder11,Berkeley Bowl,Berkeley,23,12,6,0,mainGameOrder12,Berkeley Bowl,Berkeley,16,7.8,6,0,mainGameOrder11+mainGameOrder9+mainGameOrder12,1.2162,mainGameOrder11,1.2778,mainGameOrder11,0.0482,over_bundle,0,0.0482,0.3444,1,,,
p077,4,mainGameScenario4,Berkeley,mainGameOrder13,Berkeley Bowl,Berkeley,17,7.2,4,0,mainGameOrder14,Berkeley Bowl,Berkeley,17,7.8,2,0,mainGameOrder15,Berkeley Bowl,Berkeley,20,12,2,0,mainGameOrder16,Berkeley Bowl,Berkeley,16,11.4,6,0,mainGameOrder15+mainGameOrder13,1.5812,mainGameOrder14,1.7347,mainGameOrder14,0.0885,over_bundle,0,0.0885,0.0688,1,,,
p077,5,mainGameScenario5,Berkeley,mainGameOrder17,Sprouts Farmers Market,Oakland,14,7.5,4,12,mainGameOrder18,Safeway,Piedmont,20,12.5,5,14,mainGameOrder19,Sprouts Farmers Market,Oakland,17,8.25,4,12,mainGameOrder20,Safeway,Piedmont,13,8.1,4,14,mainGameOrder18+mainGameOrder20,0.782,mainGameOrder17+mainGameOrder19,0.8671,mainGameOrder17+mainGameOrder19,0.0982,bundle_correct,0,0.0982,0.3431,1,,,
p077,6,mainGameScenario6,Piedmont,mainGameOrder21,Sprouts Farmers Market,Oakland,19,12,2,8,mainGameOrder22,Sprouts Farmers Market,Oakland,22,8.25,2,8,mainGameOrder23,Sprouts Farmers Market,Oakland,24,8.25,6,8,mainGameOrder24,Sprouts Farmers Market,Oakland,18,9.75,2,8,mainGameOrder23+mainGameOrder21+mainGameOrder22,1.3978,mainGameOrder22+mainGameOrder23+mainGameOrder24,1.4463,mainGameOrder22,0.0335,over_bundle,1,0,0.1838,1,,,
p077,7,mainGameScenario7,Oakland,mainGameOrder25,Sprouts Farmers Market,Oakland,12,13.5,4,0,mainGameOrder26,Target,Emeryville,17,13.5,2,8,mainGameOrder27,Sprouts Farmers Market,Oakland,21,9,4,0,mainGameOrder28,Sprouts Farmers Market,Oakland,21,8.25,3,0,mainGameOrder27+mainGameOrder28,1.732,mainGameOrder28,1.8667,mainGameOrder28,0.0722,over_bundle,0,0.0722,0.0722,1,,,
p077,8,mainGameScenario8,Oakland,mainGameOrder29,Sprouts Farmers Market,Oakland,17,8.25,3,0,mainGameOrder30,Sprouts Farmers Market,Oakland,15,13.5,6,0,mainGameOrder31,Sprouts Farmers Market,Oakland,15,12.75,5,0,mainGameOrder32,Sprouts Farmers Market,Oakland,14,8.25,3,0,mainGameOrder29+mainGameOrder32,1.3778,mainGameOrder29,1.5111,mainGameOrder29,0.0882,over_bundle,0,0.0882,0.0882,1,,,
p077,9,mainGameScenario9,Oakland,mainGameOrder33,Safeway,Piedmont,12,8.1,3,8,mainGameOrder34,Target,Emeryville,17,15.3,6,8,mainGameOrder35,Safeway,Piedmont,12,11.1,5,8,mainGameOrder36,Safeway,Piedmont,13,11.1,5,8,mainGameOrder33+mainGameOrder35+mainGameOrder36,0.7856,mainGameOrder33+mainGameOrder35+mainGameOrder36,0.7856,mainGameOrder33+mainGameOrder35+mainGameOrder36,0,bundle_correct,0,0,0.1247,1,,,
p077,10,mainGameScenario10,Piedmont,mainGameOrder37,Safeway,Piedmont,14,8.1,5,0,mainGameOrder38,Safeway,Piedmont,20,8.1,6,0,mainGameOrder39,Safeway,Piedmont,19,7.4,6,0,mainGameOrder40,Safeway,Piedmont,23,11.8,2,0,mainGameOrder40+mainGameOrder39+mainGameOrder38,1.6712,mainGameOrder39+mainGameOrder40,1.6733,mainGameOrder39+mainGameOrder40,0.0013,bundle_correct,0,0.0013,0.0013,0,,,
p077,11,mainGameScenario11,Piedmont,mainGameOrder41,Berkeley Bowl,Berkeley,13,7.8,2,14,mainGameOrder42,Target,Emeryville,19,7.8,2,10,mainGameOrder43,Target,Emeryville,18,8.7,5,10,mainGameOrder44,Target,Emeryville,15,13.5,3,10,mainGameOrder44+mainGameOrder43,0.9016,mainGameOrder42+mainGameOrder43,1.1672,mainGameOrder42+mainGameOrder43,0.2275,bundle_correct,0,0.2275,0.1326,1,,,
p077,12,mainGameScenario12,Emeryville,mainGameOrder45,Target,Emeryville,16,13.5,3,0,mainGameOrder46,Target,Emeryville,14,9.6,5,0,mainGameOrder47,Target,Emeryville,22,13.5,6,0,mainGameOrder48,Target,Emeryville,14,13.5,2,0,mainGameOrder47+mainGameOrder48+mainGameOrder45,1.128,mainGameOrder45+mainGameOrder46+mainGameOrder47,1.1504,mainGameOrder45+mainGameOrder46+mainGameOrder47,0.0195,bundle_correct,0,0.0195,0.0035,0,,,
p077,13,mainGameScenario13,Emeryville,mainGameOrder49,Target,Emeryville,24,11.7,2,0,mainGameOrder50,Berkeley Bowl,Berkeley,17,8.4,6,8,mainGameOrder51,Berkeley Bowl,Berkeley,14,7.8,5,8,mainGameOrder52,Target,Emeryville,12,9.6,5,0,mainGameOrder49+mainGameOrder52,1.3139,mainGameOrder49,1.7518,mainGameOrder49,0.25,over_bundle,0,0.25,0.2005,1,,,
p077,14,mainGameScenario14,Emeryville,mainGameOrder53,Target,Emeryville,21,13.5,6,0,mainGameOrder54,Target,Emeryville,14,13.5,5,0,mainGameOrder55,Target,Emeryville,22,13.5,6,0,mainGameOrder56,Target,Emeryville,18,7.8,6,0,mainGameOrder55+mainGameOrder53+mainGameOrder56,1.2869,mainGameOrder56,1.3043,mainGameOrder56,0.0134,over_bundle,0,0.0134,0.0134,1,,,
p077,15,mainGameScenario15,Emeryville,mainGameOrder57,Safeway,Piedmont,22,7.4,4,10,mainGameOrder58,Sprouts Farmers Market,Oakland,18,13.5,2,8,mainGameOrder59,Safeway,Piedmont,17,7.4,4,10,mainGameOrder60,Safeway,Piedmont,22,11.8,5,10,mainGameOrder57+mainGameOrder60+mainGameOrder59,1.3436,mainGameOrder57+mainGameOrder59+mainGameOrder60,1.3436,mainGameOrder57+mainGameOrder59+mainGameOrder60,0,bundle_correct,0,0,0.1071,1,,,
p077,16,mainGameScenario16,Piedmont,mainGameOrder61,Safeway,Piedmont,24,12.5,3,0,mainGameOrder62,Safeway,Piedmont,24,8.1,2,0,mainGameOrder63,Safeway,Piedmont,18,12.5,4,0,mainGameOrder64,Safeway,Piedmont,22,11.1,2,0,mainGameOrder64+mainGameOrder61+mainGameOrder62,2.029,mainGameOrder62,2.3762,mainGameOrder62,0.1461,over_bundle,0,0.1461,0.1461,1,,,
p077,17,mainGameScenario17,Piedmont,mainGameOrder65,Safeway,Piedmont,19,7.4,6,0,mainGameOrder66,Sprouts Farmers Market,Oakland,22,7.5,3,8,mainGameOrder67,Sprouts Farmers Market,Oakland,17,12.75,6,8,mainGameOrder68,Sprouts Farmers Market,Oakland,13,12.75,6,8,mainGameOrder66+mainGameOrder67+mainGameOrder68,0.9286,mainGameOrder65,1.4179,mainGameOrder66,0.3451,over_bundle,1,0.2192,0.3693,1,,,
p077,18,mainGameScenario18,Oakland,mainGameOrder69,Sprouts Farmers Market,Oakland,14,8.25,5,0,mainGameOrder70,Sprouts Farmers Market,Oakland,13,8.25,3,0,mainGameOrder71,Sprouts Farmers Market,Oakland,22,14.25,3,0,mainGameOrder72,Sprouts Farmers Market,Oakland,19,9,4,0,mainGameOrder71+mainGameOrder72+mainGameOrder69,1.2644,mainGameOrder72,1.4615,mainGameOrder71+mainGameOrder72,0.1349,bundle_correct,1,0.0671,0.1167,1,,,
p077,19,mainGameScenario19,Oakland,mainGameOrder73,Sprouts Farmers Market,Oakland,12,12.75,5,0,mainGameOrder74,Safeway,Piedmont,17,7.4,5,8,mainGameOrder75,Sprouts Farmers Market,Oakland,18,9,3,0,mainGameOrder76,Sprouts Farmers Market,Oakland,24,14.25,2,0,mainGameOrder76+mainGameOrder75,1.4867,mainGameOrder75,1.5,mainGameOrder75,0.0088,over_bundle,0,0.0088,0.1549,1,,,
p078,1,mainGameScenario1,Berkeley,mainGameOrder1,Berkeley Bowl,Berkeley,22,7.8,3,0,mainGameOrder2,Berkeley Bowl,Berkeley,22,8.4,6,0,mainGameOrder3,Berkeley Bowl,Berkeley,15,9,4,0,mainGameOrder4,Sprouts Farmers Market,Oakland,18,9.75,2,12,mainGameOrder1+mainGameOrder2+mainGameOrder3,1.6761,mainGameOrder1,2.037,mainGameOrder1,0.1772,over_bundle,0,0.1772,0.184,1,,,
p078,2,mainGameScenario2,Berkeley,mainGameOrder5,Berkeley Bowl,Berkeley,24,12,5,0,mainGameOrder6,Berkeley Bowl,Berkeley,15,11.4,4,0,mainGameOrder7,Berkeley Bowl,Berkeley,15,12,2,0,mainGameOrder8,Berkeley Bowl,Berkeley,20,7.8,3,0,mainGameOrder5+mainGameOrder8+mainGameOrder7,1.5206,mainGameOrder8,1.8519,mainGameOrder8,0.1789,over_bundle,0,0.1789,0.1789,1,,,
p078,3,mainGameScenario3,Berkeley,mainGameOrder9,Berkeley Bowl,Berkeley,15,13.2,3,0,mainGameOrder10,Sprouts Farmers Market,Oakland,23,12.75,3,12,mainGameOrder11,Berkeley Bowl,Berkeley,23,12,6,0,mainGameOrder12,Berkeley Bowl,Berkeley,16,7.8,6,0,mainGameOrder9+mainGameOrder11+mainGameOrder12,1.2162,mainGameOrder11,1.2778,mainGameOrder11,0.0482,over_bundle,0,0.0482,0.3444,1,,,
p078,4,mainGameScenario4,Berkeley,mainGameOrder13,Berkeley Bowl,Berkeley,17,7.2,4,0,mainGameOrder14,Berkeley Bowl,Berkeley,17,7.8,2,0,mainGameOrder15,Berkeley Bowl,Berkeley,20,12,2,0,mainGameOrder16,Berkeley Bowl,Berkeley,16,11.4,6,0,mainGameOrder13+mainGameOrder14+mainGameOrder15,1.6875,mainGameOrder14,1.7347,mainGameOrder14,0.0272,over_bundle,0,0.0272,0.0272,1,,,
p078,5,mainGameScenario5,Berkeley,mainGameOrder17,Sprouts Farmers Market,Oakland,14,7.5,4,12,mainGameOrder18,Safeway,Piedmont,20,12.5,5,14,mainGameOrder19,Sprouts Farmers Market,Oakland,17,8.25,4,12,mainGameOrder20,Safeway,Piedmont,13,8.1,4,14,mainGameOrder18+mainGameOrder20,0.782,mainGameOrder17+mainGameOrder19,0.8671,mainGameOrder17+mainGameOrder19,0.0982,bundle_correct,0,0.0982,0.3431,1,,,
p078,6,mainGameScenario6,Piedmont,mainGameOrder21,Sprouts Farmers Market,Oakland,19,12,2,8,mainGameOrder22,Sprouts Farmers Market,Oakland,22,8.25,2,8,mainGameOrder23,Sprouts Farmers Market,Oakland,24,8.25,6,8,mainGameOrder24,Sprouts Farmers Market,Oakland,18,9.75,2,8,mainGameOrder23+mainGameOrder22+mainGameOrder24,1.4463,mainGameOrder22+mainGameOrder23+mainGameOrder24,1.4463,mainGameOrder22,0,over_bundle,1,0,0.1774,1,,,
p078,7,mainGameScenario7,Oakland,mainGameOrder25,Sprouts Farmers Market,Oakland,12,13.5,4,0,mainGameOrder26,Target,Emeryville,17,13.5,2,8,mainGameOrder27,Sprouts Farmers Market,Oakland,21,9,4,0,mainGameOrder28,Sprouts Farmers Market,Oakland,21,8.25,3,0,mainGameOrder25+mainGameOrder27+mainGameOrder28,1.2934,mainGameOrder28,1.8667,mainGameOrder28,0.3071,over_bundle,0,0.3071,0.1742,1,,,
p078,8,mainGameScenario8,Oakland,mainGameOrder29,Sprouts Farmers Market,Oakland,17,8.25,3,0,mainGameOrder30,Sprouts Farmers Market,Oakland,15,13.5,6,0,mainGameOrder31,Sprouts Farmers Market,Oakland,15,12.75,5,0,mainGameOrder32,Sprouts Farmers Market,Oakland,14,8.25,3,0,mainGameOrder29+mainGameOrder31+mainGameOrder32,1.1429,mainGameOrder29,1.5111,mainGameOrder29,0.2437,over_bundle,0,0.2437,0.2235,1,,,
p078,9,mainGameScenario9,Oakland,mainGameOrder33,Safeway,Piedmont,12,8.1,3,8,mainGameOrder34,Target,Emeryville,17,15.3,6,8,mainGameOrder35,Safeway,Piedmont,12,11.1,5,8,mainGameOrder36,Safeway,Piedmont,13,11.1,5,8,mainGameOrder33+mainGameOrder35+mainGameOrder36,0.7856,mainGameOrder33+mainGameOrder35+mainGameOrder36,0.7856,mainGameOrder33+mainGameOrder35+mainGameOrder36,0,bundle_correct,0,0,0.1247,1,,,
p078,10,mainGameScenario10,Piedmont,mainGameOrder37,Safeway,Piedmont,14,8.1,5,0,mainGameOrder38,Safeway,Piedmont,20,8.1,6,0,mainGameOrder39,Safeway,Piedmont,19,7.4,6,0,mainGameOrder40,Safeway,Piedmont,23,11.8,2,0,mainGameOrder40+mainGameOrder39+mainGameOrder38,1.6712,mainGameOrder39+mainGameOrder40,1.6733,mainGameOrder39+mainGameOrder40,0.0013,bundle_correct,0,0.0013,0.0013,0,,,
p078,11,mainGameScenario11,Piedmont,mainGameOrder41,Berkeley Bowl,Berkeley,13,7.8,2,14,mainGameOrder42,Target,Emeryville,19,7.8,2,10,mainGameOrder43,Target,Emeryville,18,8.7,5,10,mainGameOrder44,Target,Emeryville,15,13.5,3,10,mainGameOrder42+mainGameOrder44+mainGameOrder43,1.1659,mainGameOrder42+mainGameOrder43,1.1672,mainGameOrder42+mainGameOrder43,0.0011,bundle_correct,0,0.0011,0.2237,1,,,
p078,12,mainGameScenario12,Emeryville,mainGameOrder45,Target,Emeryville,16,13.5,3,0,mainGameOrder46,Target,Emeryville,14,9.6,5,0,mainGameOrder47,Target,Emeryville,22,13.5,6,0,mainGameOrder48,Target,Emeryville,14,13.5,2,0,mainGameOrder45+mainGameOrder47+mainGameOrder46,1.1504,mainGameOrder45+mainGameOrder46+mainGameOrder47,1.1504,mainGameOrder45+mainGameOrder46+mainGameOrder47,0,bundle_correct,0,0,0,0,,,
p078,13,mainGameScenario13,Emeryville,mainGameOrder49,Target,Emeryville,24,11.7,2,0,mainGameOrder50,Berkeley Bowl,Berkeley,17,8.4,6,8,mainGameOrder51,Berkeley Bowl,Berkeley,14,7.8,5,8,mainGameOrder52,Target,Emeryville,12,9.6,5,0,mainGameOrder49+mainGameOrder52,1.3139,mainGameOrder49,1.7518,mainGameOrder49,0.25,over_bundle,0,0.25,0.2005,1,,,
p078,14,mainGameScenario14,Emeryville,mainGameOrder53,Target,Emeryville,21,13.5,6,0,mainGameOrder54,Target,Emeryville,14,13.5,5,0,mainGameOrder55,Target,Emeryville,22,13.5,6,0,mainGameOrder56,Target,Emeryville,18,7.8,6,0,mainGameOrder55+mainGameOrder53+mainGameOrder56,1.2869,mainGameOrder56,1.3043,mainGameOrder56,0.0134,over_bundle,0,0.0134,0.0134,1,,,
p078,15,mainGameScenario15,Emeryville,mainGameOrder57,Safeway,Piedmont,22,7.4,4,10,mainGameOrder58,Sprouts Farmers Market,Oakland,18,13.5,2,8,mainGameOrder59,Safeway,Piedmont,17,7.4,4,10,mainGameOrder60,Safeway,Piedmont,22,11.8,5,10,mainGameOrder57+mainGameOrder59+mainGameOrder60,1.3436,mainGameOrder57+mainGameOrder59+mainGameOrder60,1.3436,mainGameOrder57+mainGameOrder59+mainGameOrder60,0,bundle_correct,0,0,0.1071,1,,,
p078,16,mainGameScenario16,Piedmont,mainGameOrder61,Safeway,Piedmont,24,12.5,3,0,mainGameOrder62,Safeway,Piedmont,24,8.1,2,0,mainGameOrder63,Safeway,Piedmont,18,12.5,4,0,mainGameOrder64,Safeway,Piedmont,22,11.1,2,0,mainGameOrder61+mainGameOrder62+mainGameOrder64,2.029,mainGameOrder62,2.3762,mainGameOrder62,0.1461,over_bundle,0,0.1461,0.1461,1,,,
p078,17,mainGameScenario17,Piedmont,mainGameOrder65,Safeway,Piedmont,19,7.4,6,0,mainGameOrder66,Sprouts Farmers Market,Oakland,22,7.5,3,8,mainGameOrder67,Sprouts Farmers Market,Oakland,17,12.75,6,8,mainGameOrder68,Sprouts Farmers Market,Oakland,13,12.75,6,8,mainGameOrder66+mainGameOrder68+mainGameOrder67,0.9286,mainGameOrder65,1.4179,mainGameOrder66,0.3451,over_bundle,1,0.2192,0.3693,1,,,
p078,18,mainGameScenario18,Oakland,mainGameOrder69,Sprouts Farmers Market,Oakland,14,8.25,5,0,mainGameOrder70,Sprouts Farmers Market,Oakland,13,8.25,3,0,mainGameOrder71,Sprouts Farmers Market,Oakland,22,14.25,3,0,mainGameOrder72,Sprouts Farmers Market,Oakland,19,9,4,0,mainGameOrder71+mainGameOrder72+mainGameOrder69,1.2644,mainGameOrder72,1.4615,mainGameOrder71+mainGameOrder72,0.1349,bundle_correct,1,0.0671,0.1167,1,,,
p079,1,mainGameScenario1,Berkeley,mainGameOrder1,Berkeley Bowl,Berkeley,22,7.8,3,0,mainGameOrder2,Berkeley Bowl,Berkeley,22,8.4,6,0,mainGameOrder3,Berkeley Bowl,Berkeley,15,9,4,0,mainGameOrder4,Sprouts Farmers Market,Oakland,18,9.75,2,12,mainGameOrder3+mainGameOrder1+mainGameOrder2,1.6761,mainGameOrder1,2.037,mainGameOrder1,0.1772,over_bundle,0,0.1772,0.184,1,,,
p079,2,mainGameScenario2,Berkeley,mainGameOrder5,Berkeley Bowl,Berkeley,24,12,5,0,mainGameOrder6,Berkeley Bowl,Berkeley,15,11.4,4,0,mainGameOrder7,Berkeley Bowl,Berkeley,15,12,2,0,mainGameOrder8,Berkeley Bowl,Berkeley,20,7.8,3,0,mainGameOrder5+mainGameOrder8+mainGameOrder6,1.4899,mainGameOrder8,1.8519,mainGameOrder8,0.1955,over_bundle,0,0.1955,0.1805,1,,,
p079,3,mainGameScenario3,Berkeley,mainGameOrder9,Berkeley Bowl,Berkeley,15,13.2,3,0,mainGameOrder10,Sprouts Farmers Market,Oakland,23,12.75,3,12,mainGameOrder11,Berkeley Bowl,Berkeley,23,12,6,0,mainGameOrder12,Berkeley Bowl,Berkeley,16,7.8,6,0,mainGameOrder12+mainGameOrder11+mainGameOrder9,1.2162,mainGameOrder11,1.2778,mainGameOrder11,0.0482,over_bundle,0,0.0482,0.3444,1,,,
p079,4,mainGameScenario4,Berkeley,mainGameOrder13,Berkeley Bowl,Berkeley,17,7.2,4,0,mainGameOrder14,Berkeley Bowl,Berkeley,17,7.8,2,0,mainGameOrder15,Berkeley Bowl,Berkeley,20,12,2,0,mainGameOrder16,Berkeley Bowl,Berkeley,16,11.4,6,0,mainGameOrder15+mainGameOrder13+mainGameOrder14,1.6875,mainGameOrder14,1.7347,mainGameOrder14,0.0272,over_bundle,0,0.0272,0.0272,1,,,
p079,5,mainGameScenario5,Berkeley,mainGameOrder17,Sprouts Farmers Market,Oakland,14,7.5,4,12,mainGameOrder18,Safeway,Piedmont,20,12.5,5,14,mainGameOrder19,Sprouts Farmers Market,Oakland,17,8.25,4,12,mainGameOrder20,Safeway,Piedmont,13,8.1,4,14,mainGameOrder19+mainGameOrder17,0.8671,mainGameOrder17+mainGameOrder19,0.8671,mainGameOrder17+mainGameOrder19,0,bundle_correct,0,0,0.1656,1,,,
p079,6,mainGameScenario6,Oakland,mainGameOrder21,Sprouts Farmers Market,Oakland,19,12,2,0,mainGameOrder22,Sprouts Farmers Market,Oakland,22,8.25,2,0,mainGameOrder23,Sprouts Farmers Market,Oakland,24,8.25,6,0,mainGameOrder24,Sprouts Farmers Market,Oakland,18,9.75,2,0,mainGameOrder23+mainGameOrder22+mainGameOrder21,1.6883,mainGameOrder22,2.1463,mainGameOrder22,0.2134,over_bundle,0,0.2134,0.1838,1,,,
p079,7,mainGameScenario7,Oakland,mainGameOrder25,Sprouts Farmers Market,Oakland,12,13.5,4,0,mainGameOrder26,Target,Emeryville,17,13.5,2,8,mainGameOrder27,Sprouts Farmers Market,Oakland,21,9,4,0,mainGameOrder28,Sprouts Farmers Market,Oakland,21,8.25,3,0,mainGameOrder28+mainGameOrder27+mainGameOrder25,1.2934,mainGameOrder28,1.8667,mainGameOrder28,0.3071,over_bundle,0,0.3071,0.1742,1,,,
p079,8,mainGameScenario8,Oakland,mainGameOrder29,Sprouts Farmers Market,Oakland,17,8.25,3,0,mainGameOrder30,Sprouts Farmers Market,Oakland,15,13.5,6,0,mainGameOrder31,Sprouts Farmers Market,Oakland,15,12.75,5,0,mainGameOrder32,Sprouts Farmers Market,Oakland,14,8.25,3,0,mainGameOrder29+mainGameOrder31+mainGameOrder30,0.9691,mainGameOrder29,1.5111,mainGameOrder29,0.3587,over_bundle,0,0.3587,0.2233,1,,,
p079,9,mainGameScenario9,Oakland,mainGameOrder33,Safeway,Piedmont,12,8.1,3,8,mainGameOrder34,Target,Emeryville,17,15.3,6,8,mainGameOrder35,Safeway,Piedmont,12,11.1,5,8,mainGameOrder36,Safeway,Piedmont,13,11.1,5,8,mainGameOrder36+mainGameOrder35+mainGameOrder33,0.7856,mainGameOrder33+mainGameOrder35+mainGameOrder36,0.7856,mainGameOrder33+mainGameOrder35+mainGameOrder36,0,bundle_correct,0,0,0.1247,1,,,
p079,10,mainGameScenario10,Piedmont,mainGameOrder37,Safeway,Piedmont,14,8.1,5,0,mainGameOrder38,Safeway,Piedmont,20,8.1,6,0,mainGameOrder39,Safeway,Piedmont,19,7.4,6,0,mainGameOrder40,Safeway,Piedmont,23,11.8,2,0,mainGameOrder38+mainGameOrder40+mainGameOrder39,1.6712,mainGameOrder39+mainGameOrder40,1.6733,mainGameOrder39+mainGameOrder40,0.0013,bundle_correct,0,0.0013,0.0013,0,,,
p079,11,mainGameScenario11,Piedmont,mainGameOrder41,Berkeley Bowl,Berkeley,13,7.8,2,14,mainGameOrder42,Target,Emeryville,19,7.8,2,10,mainGameOrder43,Target,Emeryville,18,8.7,5,10,mainGameOrder44,Target,Emeryville,15,13.5,3,10,mainGameOrder42+mainGameOrder44+mainGameOrder43,1.1659,mainGameOrder42+mainGameOrder43,1.1672,mainGameOrder42+mainGameOrder43,0.0011,bundle_correct,0,0.0011,0.2237,1,,,
p079,12,mainGameScenario12,Emeryville,mainGameOrder45,Target,Emeryville,16,13.5,3,0,mainGameOrder46,Target,Emeryville,14,9.6,5,0,mainGameOrder47,Target,Emeryville,22,13.5,6,0,mainGameOrder48,Target,Emeryville,14,13.5,2,0,mainGameOrder47+mainGameOrder45+mainGameOrder46,1.1504,mainGameOrder45+mainGameOrder46+mainGameOrder47,1.1504,mainGameOrder45+mainGameOrder46+mainGameOrder47,0,bundle_correct,0,0,0,0,,,
p079,13,mainGameScenario13,Emeryville,mainGameOrder49,Target,Emeryville,24,11.7,2,0,mainGameOrder50,Berkeley Bowl,Berkeley,17,8.4,6,8,mainGameOrder51,Berkeley Bowl,Berkeley,14,7.8,5,8,mainGameOrder52,Target,Emeryville,12,9.6,5,0,mainGameOrder52+mainGameOrder49,1.3139,mainGameOrder49,1.7518,mainGameOrder49,0.25,over_bundle,0,0.25,0.2005,1,,,
p079,14,mainGameScenario14,Emeryville,mainGameOrder53,Target,Emeryville,21,13.5,6,0,mainGameOrder54,Target,Emeryville,14,13.5,5,0,mainGameOrder55,Target,Emeryville,22,13.5,6,0,mainGameOrder56,Target,Emeryville,18,7.8,6,0,mainGameOrder53+mainGameOrder55+mainGameOrder56,1.2869,mainGameOrder56,1.3043,mainGameOrder56,0.0134,over_bundle,0,0.0134,0.0134,1,,,
p079,15,mainGameScenario15,Emeryville,mainGameOrder57,Safeway,Piedmont,22,7.4,4,10,mainGameOrder58,Sprouts Farmers Market,Oakland,18,13.5,2,8,mainGameOrder59,Safeway,Piedmont,17,7.4,4,10,mainGameOrder60,Safeway,Piedmont,22,11.8,5,10,mainGameOrder57+mainGameOrder59+mainGameOrder60,1.3436,mainGameOrder57+mainGameOrder59+mainGameOrder60,1.3436,mainGameOrder57+mainGameOrder59+mainGameOrder60,0,bundle_correct,0,0,0.1071,1,,,
p079,16,mainGameScenario16,Piedmont,mainGameOrder61,Safeway,Piedmont,24,12.5,3,0,mainGameOrder62,Safeway,Piedmont,24,8.1,2,0,mainGameOrder63,Safeway,Piedmont,18,12.5,4,0,mainGameOrder64,Safeway,Piedmont,22,11.1,2,0,mainGameOrder61+mainGameOrder62+mainGameOrder64,2.029,mainGameOrder62,2.3762,mainGameOrder62,0.1461,over_bundle,0,0.1461,0.1461,1,,,
p079,17,mainGameScenario17,Piedmont,mainGameOrder65,Safeway,Piedmont,19,7.4,6,0,mainGameOrder66,Sprouts Farmers Market,Oakland,22,7.5,3,8,mainGameOrder67,Sprouts Farmers Market,Oakland,17,12.75,6,8,mainGameOrder68,Sprouts Farmers Market,Oakland,13,12.75,6,8,mainGameOrder67+mainGameOrder68+mainGameOrder66,0.9286,mainGameOrder65,1.4179,mainGameOrder66,0.3451,over_bundle,1,0.2192,0.3693,1,,,
p079,18,mainGameScenario18,Oakland,mainGameOrder69,Sprouts Farmers Market,Oakland,14,8.25,5,0,mainGameOrder70,Sprouts Farmers Market,Oakland,13,8.25,3,0,mainGameOrder71,Sprouts Farmers Market,Oakland,22,14.25,3,0,mainGameOrder72,Sprouts Farmers Market,Oakland,19,9,4,0,mainGameOrder71+mainGameOrder72+mainGameOrder69,1.2644,mainGameOrder72,1.4615,mainGameOrder71+mainGameOrder72,0.1349,bundle_correct,1,0.0671,0.1167,1,,,
p079,19,mainGameScenario19,Oakland,mainGameOrder73,Sprouts Farmers Market,Oakland,12,12.75,5,0,mainGameOrder74,Safeway,Piedmont,17,7.4,5,8,mainGameOrder75,Sprouts Farmers Market,Oakland,18,9,3,0,mainGameOrder76,Sprouts Farmers Market,Oakland,24,14.25,2,0,mainGameOrder73+mainGameOrder75+mainGameOrder76,1.1739,mainGameOrder75,1.5,mainGameOrder75,0.2174,over_bundle,0,0.2174,0.1628,1,,,
p079,20,mainGameScenario20,Oakland,mainGameOrder77,Sprouts Farmers Market,Oakland,24,14.25,6,0,mainGameOrder78,Sprouts Farmers Market,Oakland,23,8.25,4,0,mainGameOrder79,Sprouts Farmers Market,Oakland,17,14.25,4,0,mainGameOrder80,Sprouts Farmers Market,Oakland,20,11.25,5,0,mainGameOrder77+mainGameOrder78+mainGameOrder80,1.3744,mainGameOrder78,1.8776,mainGameOrder78,0.268,over_bundle,0,0.268,0.268,1,,,
p080,1,mainGameScenario1,Berkeley,mainGameOrder1,Berkeley Bowl,Berkeley,22,7.8,3,0,mainGameOrder2,Berkeley Bowl,Berkeley,22,8.4,6,0,mainGameOrder3,Berkeley Bowl,Berkeley,15,9,4,0,mainGameOrder4,Sprouts Farmers Market,Oakland,18,9.75,2,12,mainGameOrder1+mainGameOrder2+mainGameOrder3,1.6761,mainGameOrder1,2.037,mainGameOrder1,0.1772,over_bundle,0,0.1772,0.184,1,,,
p080,2,mainGameScenario2,Berkeley,mainGameOrder5,Berkeley Bowl,Berkeley,24,12,5,0,mainGameOrder6,Berkeley Bowl,Berkeley,15,11.4,4,0,mainGameOrder7,Berkeley Bowl,Berkeley,15,12,2,0,mainGameOrder8,Berkeley Bowl,Berkeley,20,7.8,3,0,mainGameOrder5+mainGameOrder6+mainGameOrder8,1.4899,mainGameOrder8,1.8519,mainGameOrder8,0.1955,over_bundle,0,0.1955,0.1805,1,,,
p080,3,mainGameScenario3,Berkeley,mainGameOrder9,Berkeley Bowl,Berkeley,15,13.2,3,0,mainGameOrder10,Sprouts Farmers Market,Oakland,23,12.75,3,12,mainGameOrder11,Berkeley Bowl,Berkeley,23,12,6,0,mainGameOrder12,Berkeley Bowl,Berkeley,16,7.8,6,0,mainGameOrder11+mainGameOrder12+mainGameOrder9,1.2162,mainGameOrder11,1.2778,mainGameOrder11,0.0482,over_bundle,0,0.0482,0.3444,1,,,
p080,4,mainGameScenario4,Berkeley,mainGameOrder13,Berkeley Bowl,Berkeley,17,7.2,4,0,mainGameOrder14,Berkeley Bowl,Berkeley,17,7.8,2,0,mainGameOrder15,Berkeley Bowl,Berkeley,20,12,2,0,mainGameOrder16,Berkeley Bowl,Berkeley,16,11.4,6,0,mainGameOrder15+mainGameOrder13+mainGameOrder14,1.6875,mainGameOrder14,1.7347,mainGameOrder14,0.0272,over_bundle,0,0.0272,0.0272,1,,,
p080,5,mainGameScenario5,Berkeley,mainGameOrder17,Sprouts Farmers Market,Oakland,14,7.5,4,12,mainGameOrder18,Safeway,Piedmont,20,12.5,5,14,mainGameOrder19,Sprouts Farmers Market,Oakland,17,8.25,4,12,mainGameOrder20,Safeway,Piedmont,13,8.1,4,14,mainGameOrder18+mainGameOrder20,0.782,mainGameOrder17+mainGameOrder19,0.8671,mainGameOrder17+mainGameOrder19,0.0982,bundle_correct,0,0.0982,0.3431,1,,,
p080,6,mainGameScenario6,Piedmont,mainGameOrder21,Sprouts Farmers Market,Oakland,19,12,2,8,mainGameOrder22,Sprouts Farmers Market,Oakland,22,8.25,2,8,mainGameOrder23,Sprouts Farmers Market,Oakland,24,8.25,6,8,mainGameOrder24,Sprouts Farmers Market,Oakland,18,9.75,2,8,mainGameOrder23+mainGameOrder22+mainGameOrder21,1.3978,mainGameOrder22+mainGameOrder23+mainGameOrder24,1.4463,mainGameOrder22,0.0335,over_bundle,1,0,0.1838,1,,,
p080,7,mainGameScenario7,Oakland,mainGameOrder25,Sprouts Farmers Market,Oakland,12,13.5,4,0,mainGameOrder26,Target,Emeryville,17,13.5,2,8,mainGameOrder27,Sprouts Farmers Market,Oakland,21,9,4,0,mainGameOrder28,Sprouts Farmers Market,Oakland,21,8.25,3,0,mainGameOrder25+mainGameOrder27+mainGameOrder28,1.2934,mainGameOrder28,1.8667,mainGameOrder28,0.3071,over_bundle,0,0.3071,0.1742,1,,,
p080,8,mainGameScenario8,Oakland,mainGameOrder29,Sprouts Farmers Market,Oakland,17,8.25,3,0,mainGameOrder30,Sprouts Farmers Market,Oakland,15,13.5,6,0,mainGameOrder31,Sprouts Farmers Market,Oakland,15,12.75,5,0,mainGameOrder32,Sprouts Farmers Market,Oakland,14,8.25,3,0,mainGameOrder29+mainGameOrder30+mainGameOrder31,0.9691,mainGameOrder29,1.5111,mainGameOrder29,0.3587,over_bundle,0,0.3587,0.2233,1,,,
p080,9,mainGameScenario9,Oakland,mainGameOrder33,Safeway,Piedmont,12,8.1,3,8,mainGameOrder34,Target,Emeryville,17,15.3,6,8,mainGameOrder35,Safeway,Piedmont,12,11.1,5,8,mainGameOrder36,Safeway,Piedmont,13,11.1,5,8,mainGameOrder33+mainGameOrder35+mainGameOrder36,0.7856,mainGameOrder33+mainGameOrder35+mainGameOrder36,0.7856,mainGameOrder33+mainGameOrder35+mainGameOrder36,0,bundle_correct,0,0,0.1247,1,,,
p080,10,mainGameScenario10,Piedmont,mainGameOrder37,Safeway,Piedmont,14,8.1,5,0,mainGameOrder38,Safeway,Piedmont,20,8.1,6,0,mainGameOrder39,Safeway,Piedmont,19,7.4,6,0,mainGameOrder40,Safeway,Piedmont,23,11.8,2,0,mainGameOrder40+mainGameOrder38+mainGameOrder39,1.6712,mainGameOrder39+mainGameOrder40,1.6733,mainGameOrder39+mainGameOrder40,0.0013,bundle_correct,0,0.0013,0.0013,0,,,
p080,11,mainGameScenario11,Piedmont,mainGameOrder41,Berkeley Bowl,Berkeley,13,7.8,2,14,mainGameOrder42,Target,Emeryville,19,7.8,2,10,mainGameOrder43,Target,Emeryville,18,8.7,5,10,mainGameOrder44,Target,Emeryville,15,13.5,3,10,mainGameOrder42+mainGameOrder43+mainGameOrder44,1.1659,mainGameOrder42+mainGameOrder43,1.1672,mainGameOrder42+mainGameOrder43,0.0011,bundle_correct,0,0.0011,0.2237,1,,,
p080,12,mainGameScenario12,Emeryville,mainGameOrder45,Target,Emeryville,16,13.5,3,0,mainGameOrder46,Target,Emeryville,14,9.6,5,0,mainGameOrder47,Target,Emeryville,22,13.5,6,0,mainGameOrder48,Target,Emeryville,14,13.5,2,0,mainGameOrder45+mainGameOrder47+mainGameOrder46,1.1504,mainGameOrder45+mainGameOrder46+mainGameOrder47,1.1504,mainGameOrder45+mainGameOrder46+mainGameOrder47,0,bundle_correct,0,0,0,0,,,
p080,13,mainGameScenario13,Emeryville,mainGameOrder49,Target,Emeryville,24,11.7,2,0,mainGameOrder50,Berkeley Bowl,Berkeley,17,8.4,6,8,mainGameOrder51,Berkeley Bowl,Berkeley,14,7.8,5,8,mainGameOrder52,Target,Emeryville,12,9.6,5,0,mainGameOrder49+mainGameOrder52,1.3139,mainGameOrder49,1.7518,mainGameOrder49,0.25,over_bundle,0,0.25,0.2005,1,,,
p081,1,mainGameScenario1,Berkeley,mainGameOrder1,Berkeley Bowl,Berkeley,22,7.8,3,0,mainGameOrder2,Berkeley Bowl,Berkeley,22,8.4,6,0,mainGameOrder3,Berkeley Bowl,Berkeley,15,9,4,0,mainGameOrder4,Sprouts Farmers Market,Oakland,18,9.75,2,12,mainGameOrder1+mainGameOrder2+mainGameOrder3,1.6761,mainGameOrder1,2.037,mainGameOrder1,0.1772,over_bundle,0,0.1772,0.184,1,,,
p081,2,mainGameScenario2,Berkeley,mainGameOrder5,Berkeley Bowl,Berkeley,24,12,5,0,mainGameOrder6,Berkeley Bowl,Berkeley,15,11.4,4,0,mainGameOrder7,Berkeley Bowl,Berkeley,15,12,2,0,mainGameOrder8,Berkeley Bowl,Berkeley,20,7.8,3,0,mainGameOrder6+mainGameOrder5+mainGameOrder8,1.4899,mainGameOrder8,1.8519,mainGameOrder8,0.1955,over_bundle,0,0.1955,0.1805,1,,,
p081,3,mainGameScenario3,Berkeley,mainGameOrder9,Berkeley Bowl,Berkeley,15,13.2,3,0,mainGameOrder10,Sprouts Farmers Market,Oakland,23,12.75,3,12,mainGameOrder11,Berkeley Bowl,Berkeley,23,12,6,0,mainGameOrder12,Berkeley Bowl,Berkeley,16,7.8,6,0,mainGameOrder9+mainGameOrder11+mainGameOrder12,1.2162,mainGameOrder11,1.2778,mainGameOrder11,0.0482,over_bundle,0,0.0482,0.2992,1,,,
p081,4,mainGameScenario4,Berkeley,mainGameOrder13,Berkeley Bowl,Berkeley,17,7.2,4,0,mainGameOrder14,Berkeley Bowl,Berkeley,17,7.8,2,0,mainGameOrder15,Berkeley Bowl,Berkeley,20,12,2,0,mainGameOrder16,Berkeley Bowl,Berkeley,16,11.4,6,0,mainGameOrder13+mainGameOrder14+mainGameOrder15,1.6875,mainGameOrder14,1.7347,mainGameOrder14,0.0272,over_bundle,0,0.0272,0.0272,1,,,
p081,5,mainGameScenario5,Berkeley,mainGameOrder17,Sprouts Farmers Market,Oakland,14,7.5,4,12,mainGameOrder18,Safeway,Piedmont,20,12.5,5,14,mainGameOrder19,Sprouts Farmers Market,Oakland,17,8.25,4,12,mainGameOrder20,Safeway,Piedmont,13,8.1,4,14,mainGameOrder18+mainGameOrder20,0.782,mainGameOrder17+mainGameOrder19,0.8671,mainGameOrder17+mainGameOrder19,0.0982,bundle_correct,0,0.0982,0.3431,1,,,
p081,6,mainGameScenario6,Piedmont,mainGameOrder21,Sprouts Farmers Market,Oakland,19,12,2,8,mainGameOrder22,Sprouts Farmers Market,Oakland,22,8.25,2,8,mainGameOrder23,Sprouts Farmers Market,Oakland,24,8.25,6,8,mainGameOrder24,Sprouts Farmers Market,Oakland,18,9.75,2,8,mainGameOrder21+mainGameOrder22+mainGameOrder23,1.3978,mainGameOrder22+mainGameOrder23+mainGameOrder24,1.4463,mainGameOrder22,0.0335,over_bundle,1,0,0.1838,1,,,
p081,7,mainGameScenario7,Oakland,mainGameOrder25,Sprouts Farmers Market,Oakland,12,13.5,4,0,mainGameOrder26,Target,Emeryville,17,13.5,2,8,mainGameOrder27,Sprouts Farmers Market,Oakland,21,9,4,0,mainGameOrder28,Sprouts Farmers Market,Oakland,21,8.25,3,0,mainGameOrder25+mainGameOrder28+mainGameOrder27,1.2934,mainGameOrder28,1.8667,mainGameOrder28,0.3071,over_bundle,0,0.3071,0.1742,1,,,
p081,8,mainGameScenario8,Oakland,mainGameOrder29,Sprouts Farmers Market,Oakland,17,8.25,3,0,mainGameOrder30,Sprouts Farmers Market,Oakland,15,13.5,6,0,mainGameOrder31,Sprouts Farmers Market,Oakland,15,12.75,5,0,mainGameOrder32,Sprouts Farmers Market,Oakland,14,8.25,3,0,mainGameOrder29+mainGameOrder32,1.3778,mainGameOrder29,1.5111,mainGameOrder29,0.0882,over_bundle,0,0.0882,0.0882,1,,,
p081,9,mainGameScenario9,Oakland,mainGameOrder33,Safeway,Piedmont,12,8.1,3,8,mainGameOrder34,Target,Emeryville,17,15.3,6,8,mainGameOrder35,Safeway,Piedmont,12,11.1,5,8,mainGameOrder36,Safeway,Piedmont,13,11.1,5,8,mainGameOrder33+mainGameOrder35+mainGameOrder36,0.7856,mainGameOrder33+mainGameOrder35+mainGameOrder36,0.7856,mainGameOrder33+mainGameOrder35+mainGameOrder36,0,bundle_correct,0,0,0.1247,1,,,
p081,10,mainGameScenario10,Piedmont,mainGameOrder37,Safeway,Piedmont,14,8.1,5,0,mainGameOrder38,Safeway,Piedmont,20,8.1,6,0,mainGameOrder39,Safeway,Piedmont,19,7.4,6,0,mainGameOrder40,Safeway,Piedmont,23,11.8,2,0,mainGameOrder38+mainGameOrder40+mainGameOrder39,1.6712,mainGameOrder39+mainGameOrder40,1.6733,mainGameOrder39+mainGameOrder40,0.0013,bundle_correct,0,0.0013,0.0013,0,,,
p082,1,mainGameScenario1,Berkeley,mainGameOrder1,Berkeley Bowl,Berkeley,22,7.8,3,0,mainGameOrder2,Berkeley Bowl,Berkeley,22,8.4,6,0,mainGameOrder3,Berkeley Bowl,Berkeley,15,9,4,0,mainGameOrder4,Sprouts Farmers Market,Oakland,18,9.75,2,12,mainGameOrder2+mainGameOrder1+mainGameOrder3,1.6761,mainGameOrder1,2.037,mainGameOrder1,0.1772,over_bundle,0,0.1772,0.184,1,,,
p082,2,mainGameScenario2,Berkeley,mainGameOrder5,Berkeley Bowl,Berkeley,24,12,5,0,mainGameOrder6,Berkeley Bowl,Berkeley,15,11.4,4,0,mainGameOrder7,Berkeley Bowl,Berkeley,15,12,2,0,mainGameOrder8,Berkeley Bowl,Berkeley,20,7.8,3,0,mainGameOrder5+mainGameOrder8+mainGameOrder7,1.5206,mainGameOrder8,1.8519,mainGameOrder8,0.1789,over_bundle,0,0.1789,0.1789,1,,,
p082,3,mainGameScenario3,Berkeley,mainGameOrder9,Berkeley Bowl,Berkeley,15,13.2,3,0,mainGameOrder10,Sprouts Farmers Market,Oakland,23,12.75,3,12,mainGameOrder11,Berkeley Bowl,Berkeley,23,12,6,0,mainGameOrder12,Berkeley Bowl,Berkeley,16,7.8,6,0,mainGameOrder9+mainGameOrder11+mainGameOrder12,1.2162,mainGameOrder11,1.2778,mainGameOrder11,0.0482,over_bundle,0,0.0482,0.3444,1,,,
p082,4,mainGameScenario4,Berkeley,mainGameOrder13,Berkeley Bowl,Berkeley,17,7.2,4,0,mainGameOrder14,Berkeley Bowl,Berkeley,17,7.8,2,0,mainGameOrder15,Berkeley Bowl,Berkeley,20,12,2,0,mainGameOrder16,Berkeley Bowl,Berkeley,16,11.4,6,0,mainGameOrder13+mainGameOrder14+mainGameOrder15,1.6875,mainGameOrder14,1.7347,mainGameOrder14,0.0272,over_bundle,0,0.0272,0.0272,1,,,
p082,5,mainGameScenario5,Berkeley,mainGameOrder17,Sprouts Farmers Market,Oakland,14,7.5,4,12,mainGameOrder18,Safeway,Piedmont,20,12.5,5,14,mainGameOrder19,Sprouts Farmers Market,Oakland,17,8.25,4,12,mainGameOrder20,Safeway,Piedmont,13,8.1,4,14,mainGameOrder18+mainGameOrder20,0.782,mainGameOrder17+mainGameOrder19,0.8671,mainGameOrder17+mainGameOrder19,0.0982,bundle_correct,0,0.0982,0.3431,1,,,
p082,6,mainGameScenario6,Piedmont,mainGameOrder21,Sprouts Farmers Market,Oakland,19,12,2,8,mainGameOrder22,Sprouts Farmers Market,Oakland,22,8.25,2,8,mainGameOrder23,Sprouts Farmers Market,Oakland,24,8.25,6,8,mainGameOrder24,Sprouts Farmers Market,Oakland,18,9.75,2,8,mainGameOrder22+mainGameOrder23+mainGameOrder21,1.3978,mainGameOrder22+mainGameOrder23+mainGameOrder24,1.4463,mainGameOrder22,0.0335,over_bundle,1,0,0.1838,1,,,
p082,7,mainGameScenario7,Oakland,mainGameOrder25,Sprouts Farmers Market,Oakland,12,13.5,4,0,mainGameOrder26,Target,Emeryville,17,13.5,2,8,mainGameOrder27,Sprouts Farmers Market,Oakland,21,9,4,0,mainGameOrder28,Sprouts Farmers Market,Oakland,21,8.25,3,0,mainGameOrder28+mainGameOrder27+mainGameOrder25,1.2934,mainGameOrder28,1.8667,mainGameOrder28,0.3071,over_bundle,0,0.3071,0.1742,1,,,
p082,8,mainGameScenario8,Oakland,mainGameOrder29,Sprouts Farmers Market,Oakland,17,8.25,3,0,mainGameOrder30,Sprouts Farmers Market,Oakland,15,13.5,6,0,mainGameOrder31,Sprouts Farmers Market,Oakland,15,12.75,5,0,mainGameOrder32,Sprouts Farmers Market,Oakland,14,8.25,3,0,mainGameOrder29+mainGameOrder30+mainGameOrder31,0.9691,mainGameOrder29,1.5111,mainGameOrder29,0.3587,over_bundle,0,0.3587,0.2233,1,,,
p082,9,mainGameScenario9,Oakland,mainGameOrder33,Safeway,Piedmont,12,8.1,3,8,mainGameOrder34,Target,Emeryville,17,15.3,6,8,mainGameOrder35,Safeway,Piedmont,12,11.1,5,8,mainGameOrder36,Safeway,Piedmont,13,11.1,5,8,mainGameOrder33+mainGameOrder35+mainGameOrder36,0.7856,mainGameOrder33+mainGameOrder35+mainGameOrder36,0.7856,mainGameOrder33+mainGameOrder35+mainGameOrder36,0,bundle_correct,0,0,0.1247,1,,,
p082,10,mainGameScenario10,Piedmont,mainGameOrder37,Safeway,Piedmont,14,8.1,5,0,mainGameOrder38,Safeway,Piedmont,20,8.1,6,0,mainGameOrder39,Safeway,Piedmont,19,7.4,6,0,mainGameOrder40,Safeway,Piedmont,23,11.8,2,0,mainGameOrder40+mainGameOrder38+mainGameOrder39,1.6712,mainGameOrder39+mainGameOrder40,1.6733,mainGameOrder39+mainGameOrder40,0.0013,bundle_correct,0,0.0013,0.0013,0,,,
p082,11,mainGameScenario11,Piedmont,mainGameOrder41,Berkeley Bowl,Berkeley,13,7.8,2,14,mainGameOrder42,Target,Emeryville,19,7.8,2,10,mainGameOrder43,Target,Emeryville,18,8.7,5,10,mainGameOrder44,Target,Emeryville,15,13.5,3,10,mainGameOrder42+mainGameOrder44+mainGameOrder43,1.1659,mainGameOrder42+mainGameOrder43,1.1672,mainGameOrder42+mainGameOrder43,0.0011,bundle_correct,0,0.0011,0.2237,1,,,
p082,12,mainGameScenario12,Emeryville,mainGameOrder45,Target,Emeryville,16,13.5,3,0,mainGameOrder46,Target,Emeryville,14,9.6,5,0,mainGameOrder47,Target,Emeryville,22,13.5,6,0,mainGameOrder48,Target,Emeryville,14,13.5,2,0,mainGameOrder47+mainGameOrder45+mainGameOrder46,1.1504,mainGameOrder45+mainGameOrder46+mainGameOrder47,1.1504,mainGameOrder45+mainGameOrder46+mainGameOrder47,0,bundle_correct,0,0,0,0,,,
p082,13,mainGameScenario13,Emeryville,mainGameOrder49,Target,Emeryville,24,11.7,2,0,mainGameOrder50,Berkeley Bowl,Berkeley,17,8.4,6,8,mainGameOrder51,Berkeley Bowl,Berkeley,14,7.8,5,8,mainGameOrder52,Target,Emeryville,12,9.6,5,0,mainGameOrder49+mainGameOrder52,1.3139,mainGameOrder49,1.7518,mainGameOrder49,0.25,over_bundle,0,0.25,0.2005,1,,,
p082,14,mainGameScenario14,Emeryville,mainGameOrder53,Target,Emeryville,21,13.5,6,0,mainGameOrder54,Target,Emeryville,14,13.5,5,0,mainGameOrder55,Target,Emeryville,22,13.5,6,0,mainGameOrder56,Target,Emeryville,18,7.8,6,0,mainGameOrder55+mainGameOrder53+mainGameOrder56,1.2869,mainGameOrder56,1.3043,mainGameOrder56,0.0134,over_bundle,0,0.0134,0.0134,1,,,
p082,15,mainGameScenario15,Emeryville,mainGameOrder57,Safeway,Piedmont,22,7.4,4,10,mainGameOrder58,Sprouts Farmers Market,Oakland,18,13.5,2,8,mainGameOrder59,Safeway,Piedmont,17,7.4,4,10,mainGameOrder60,Safeway,Piedmont,22,11.8,5,10,mainGameOrder60+mainGameOrder57,1.2188,mainGameOrder57+mainGameOrder59+mainGameOrder60,1.3436,mainGameOrder57+mainGameOrder59+mainGameOrder60,0.0929,bundle_correct,0,0.0929,0.0445,1,,,
p082,16,mainGameScenario16,Piedmont,mainGameOrder61,Safeway,Piedmont,24,12.5,3,0,mainGameOrder62,Safeway,Piedmont,24,8.1,2,0,mainGameOrder63,Safeway,Piedmont,18,12.5,4,0,mainGameOrder64,Safeway,Piedmont,22,11.1,2,0,mainGameOrder61+mainGameOrder62+mainGameOrder64,2.029,mainGameOrder62,2.3762,mainGameOrder62,0.1461,over_bundle,0,0.1461,0.1461,1,,,
p082,17,mainGameScenario17,Piedmont,mainGameOrder65,Safeway,Piedmont,19,7.4,6,0,mainGameOrder66,Sprouts Farmers Market,Oakland,22,7.5,3,8,mainGameOrder67,Sprouts Farmers Market,Oakland,17,12.75,6,8,mainGameOrder68,Sprouts Farmers Market,Oakland,13,12.75,6,8,mainGameOrder65,1.4179,mainGameOrder65,1.4179,mainGameOrder66,0,over_bundle,1,0,0.5763,1,,,
p083,1,mainGameScenario1,Berkeley,mainGameOrder1,Berkeley Bowl,Berkeley,22,7.8,3,0,mainGameOrder2,Berkeley Bowl,Berkeley,22,8.4,6,0,mainGameOrder3,Berkeley Bowl,Berkeley,15,9,4,0,mainGameOrder4,Sprouts Farmers Market,Oakland,18,9.75,2,12,mainGameOrder1,2.037,mainGameOrder1,2.037,mainGameOrder1,0,over_bundle,0,0,0,0,,,
p084,1,mainGameScenario1,Berkeley,mainGameOrder1,Berkeley Bowl,Berkeley,22,7.8,3,0,mainGameOrder2,Berkeley Bowl,Berkeley,22,8.4,6,0,mainGameOrder3,Berkeley Bowl,Berkeley,15,9,4,0,mainGameOrder4,Sprouts Farmers Market,Oakland,18,9.75,2,12,mainGameOrder1+mainGameOrder2+mainGameOrder3,1.6761,mainGameOrder1,2.037,mainGameOrder1,0.1772,over_bundle,0,0.1772,0,0,,,
p084,2,mainGameScenario2,Berkeley,mainGameOrder5,Berkeley Bowl,Berkeley,24,12,5,0,mainGameOrder6,Berkeley Bowl,Berkeley,15,11.4,4,0,mainGameOrder7,Berkeley Bowl,Berkeley,15,12,2,0,mainGameOrder8,Berkeley Bowl,Berkeley,20,7.8,3,0,mainGameOrder7+mainGameOrder5+mainGameOrder6,1.3171,mainGameOrder8,1.8519,mainGameOrder8,0.2888,over_bundle,0,0.2888,0,0,,,
p085,1,mainGameScenario1,Berkeley,mainGameOrder1,Berkeley Bowl,Berkeley,22,7.8,3,0,mainGameOrder2,Berkeley Bowl,Berkeley,22,8.4,6,0,mainGameOrder3,Berkeley Bowl,Berkeley,15,9,4,0,mainGameOrder4,Sprouts Farmers Market,Oakland,18,9.75,2,12,mainGameOrder1+mainGameOrder2+mainGameOrder3,1.6761,mainGameOrder1,2.037,mainGameOrder1,0.1772,over_bundle,0,0.1772,0.184,1,Berkeley,mainGameOrder1,0.1772
p085,2,mainGameScenario2,Berkeley,mainGameOrder5,Berkeley Bowl,Berkeley,24,12,5,0,mainGameOrder6,Berkeley Bowl,Berkeley,15,11.4,4,0,mainGameOrder7,Berkeley Bowl,Berkeley,15,12,2,0,mainGameOrder8,Berkeley Bowl,Berkeley,20,7.8,3,0,mainGameOrder5,1.4118,mainGameOrder8,1.8519,mainGameOrder8,0.2376,over_bundle,0,0.2376,0.0498,1,Berkeley,mainGameOrder8,0.2376
p085,3,mainGameScenario3,Berkeley,mainGameOrder9,Berkeley Bowl,Berkeley,15,13.2,3,0,mainGameOrder10,Sprouts Farmers Market,Oakland,23,12.75,3,12,mainGameOrder11,Berkeley Bowl,Berkeley,23,12,6,0,mainGameOrder12,Berkeley Bowl,Berkeley,16,7.8,6,0,mainGameOrder10,0.8288,mainGameOrder11,1.2778,mainGameOrder11,0.3514,over_bundle,0,0.3514,0.3514,1,Berkeley,mainGameOrder11,0.301
p085,4,mainGameScenario4,Oakland,mainGameOrder13,Berkeley Bowl,Berkeley,17,7.2,4,12,mainGameOrder14,Berkeley Bowl,Berkeley,17,7.8,2,12,mainGameOrder15,Berkeley Bowl,Berkeley,20,12,2,12,mainGameOrder16,Berkeley Bowl,Berkeley,16,11.4,6,12,mainGameOrder13,0.7328,mainGameOrder13+mainGameOrder14+mainGameOrder15,1.2273,mainGameOrder14,0.4029,over_bundle,1,0.0603,0.2779,1,Oakland,mainGameOrder14,0.066
p085,5,mainGameScenario5,Berkeley,mainGameOrder17,Sprouts Farmers Market,Oakland,14,7.5,4,12,mainGameOrder18,Safeway,Piedmont,20,12.5,5,14,mainGameOrder19,Sprouts Farmers Market,Oakland,17,8.25,4,12,mainGameOrder20,Safeway,Piedmont,13,8.1,4,14,mainGameOrder17,0.5957,mainGameOrder17+mainGameOrder19,0.8671,mainGameOrder17+mainGameOrder19,0.313,bundle_correct,0,0.313,0.1902,1,Berkeley,mainGameOrder17+mainGameOrder19,0.2911
p085,6,mainGameScenario6,Oakland,mainGameOrder21,Sprouts Farmers Market,Oakland,19,12,2,0,mainGameOrder22,Sprouts Farmers Market,Oakland,22,8.25,2,0,mainGameOrder23,Sprouts Farmers Market,Oakland,24,8.25,6,0,mainGameOrder24,Sprouts Farmers Market,Oakland,18,9.75,2,0,mainGameOrder21,1.3571,mainGameOrder22,2.1463,mainGameOrder22,0.3677,over_bundle,0,0.3677,0.0814,1,Oakland,mainGameOrder22,0.3677
p085,7,mainGameScenario7,Oakland,mainGameOrder25,Sprouts Farmers Market,Oakland,12,13.5,4,0,mainGameOrder26,Target,Emeryville,17,13.5,2,8,mainGameOrder27,Sprouts Farmers Market,Oakland,21,9,4,0,mainGameOrder28,Sprouts Farmers Market,Oakland,21,8.25,3,0,mainGameOrder26,0.7234,mainGameOrder28,1.8667,mainGameOrder28,0.6125,over_bundle,0,0.6125,0.4546,1,Oakland,mainGameOrder28,0.5764
p085,8,mainGameScenario8,Emeryville,mainGameOrder29,Sprouts Farmers Market,Oakland,17,8.25,3,8,mainGameOrder30,Sprouts Farmers Market,Oakland,15,13.5,6,8,mainGameOrder31,Sprouts Farmers Market,Oakland,15,12.75,5,8,mainGameOrder32,Sprouts Farmers Market,Oakland,14,8.25,3,8,mainGameOrder29,0.8831,mainGameOrder29+mainGameOrder32,1.0164,mainGameOrder29,0.1311,over_bundle,1,0,0.1863,1,Emeryville,mainGameOrder29,0
